#2026 08 19 14:48:09.539#Z#INFO#fed072e9-9bdc-11f1-b81c-eeee0a948f8f.OPERATION#http-nio-0.0.0.0-8080-exec-26#
[XS2StartProcessListener] Operation ID: fed072e9-9bdc-11f1-b81c-eeee0a948f8f#
#2026 08 19 14:48:09.559#Z#DEBUG#fed072e9-9bdc-11f1-b81c-eeee0a948f8f.OPERATION#http-nio-0.0.0.0-8080-exec-26#
[XS2StartProcessListener] Process environment: {
  "SKIP_SSL_VALIDATION" : "false",
  "FLOWABLE_JOB_EXECUTOR_MAX_THREADS" : "32",
  "VERSION" : "2.51.0",
  "BASIC_AUTH_ENABLED" : "true",
  "FLOWABLE_JOB_EXECUTOR_QUEUE_CAPACITY" : "16",
  "FLOWABLE_JOB_EXECUTOR_CORE_THREADS" : "8"
}#
#2026 08 19 14:48:09.559#Z#DEBUG#fed072e9-9bdc-11f1-b81c-eeee0a948f8f.OPERATION#http-nio-0.0.0.0-8080-exec-26#
[XS2StartProcessListener] Current user: vijaydamodar28897@gmail.com#
#2026 08 19 14:48:09.559#Z#DEBUG#fed072e9-9bdc-11f1-b81c-eeee0a948f8f.OPERATION#http-nio-0.0.0.0-8080-exec-26#
[XS2StartProcessListener] Client space: dev#
#2026 08 19 14:48:09.559#Z#DEBUG#fed072e9-9bdc-11f1-b81c-eeee0a948f8f.OPERATION#http-nio-0.0.0.0-8080-exec-26#
[XS2StartProcessListener] Client organization: 1fb9e48dtrial#
#2026 08 19 14:48:09.559#Z#INFO#fed072e9-9bdc-11f1-b81c-eeee0a948f8f.OPERATION#http-nio-0.0.0.0-8080-exec-26#
[XS2StartProcessListener] Process variables: {
  "keepFiles" : false,
  "skipAppDigestCalculation" : false,
  "abortOnError" : false,
  "mtaId" : "bookscapm",
  "noFailOnMissingPermissions" : false,
  "isSecurityEnabled" : false,
  "apiRequestPath" : "https://deploy-service.cf.us10-001.hana.ondemand.com/api/v1/spaces/5d8a2d66-1cdf-4f95-ae67-ef9fb5cde8d1/operations",
  "deleteServiceBrokers" : false,
  "appArchiveId" : "fc6cfcd8-1238-4c09-8cc5-dd7665cb2bc1",
  "isDisposableUserProvidedServiceEnabled" : false,
  "deleteServiceKeys" : false,
  "noRestartSubscribedApps" : false,
  "noStart" : false,
  "deleteServices" : false
}#
#2026 08 19 14:48:09.610#Z#DEBUG#fed072e9-9bdc-11f1-b81c-eeee0a948f8f.OPERATION#flowable-async-job-executor-thread-22781#
[ValidateDeployParametersStep] Executing task "validateParametersTask" of process "fed0730f-9bdc-11f1-b81c-eeee0a948f8f"...#
#2026 08 19 14:48:09.610#Z#DEBUG#fed072e9-9bdc-11f1-b81c-eeee0a948f8f.OPERATION#flowable-async-job-executor-thread-22781#
[ValidateDeployParametersStep] Validating parameters...#
#2026 08 19 14:48:09.612#Z#INFO#fed072e9-9bdc-11f1-b81c-eeee0a948f8f.OPERATION#flowable-async-job-executor-thread-22781#
[ValidateDeployParametersStep] Size of mtars is 6,488,196 and size of extension descriptors is 0#
#2026 08 19 14:48:09.645#Z#INFO#fed072e9-9bdc-11f1-b81c-eeee0a948f8f.OPERATION#flowable-async-job-executor-thread-22781#
[ValidateDeployParametersStep] Archive was not split! Total size in bytes: 6,488,196#
#2026 08 19 14:48:09.645#Z#INFO#fed072e9-9bdc-11f1-b81c-eeee0a948f8f.OPERATION#flowable-async-job-executor-thread-22781#
[ValidateDeployParametersStep] Deploying in org "1fb9e48dtrial" and space "dev"#
#2026 08 19 14:48:09.651#Z#DEBUG#fed072e9-9bdc-11f1-b81c-eeee0a948f8f.OPERATION#flowable-async-job-executor-thread-22781#
[ValidateDeployParametersStep] Parameters validated#
#2026 08 19 14:48:09.651#Z#DEBUG#fed072e9-9bdc-11f1-b81c-eeee0a948f8f.OPERATION#flowable-async-job-executor-thread-22781#
Step "Validate Parameters" finished#
#2026 08 19 14:48:09.684#Z#DEBUG#fed072e9-9bdc-11f1-b81c-eeee0a948f8f.OPERATION#flowable-async-job-executor-thread-22782#
[DeleteRemainingFileParts] Executing task "deleteRemainingFileParts" of process "fed0730f-9bdc-11f1-b81c-eeee0a948f8f"...#
#2026 08 19 14:48:09.685#Z#DEBUG#fed072e9-9bdc-11f1-b81c-eeee0a948f8f.OPERATION#flowable-async-job-executor-thread-22782#
Step "Delete Remaining File Parts" finished#
#2026 08 19 14:48:09.714#Z#DEBUG#fed072e9-9bdc-11f1-b81c-eeee0a948f8f.OPERATION#flowable-async-job-executor-thread-22783#
[XS2ProcessMtaArchiveStep] Executing task "processArchiveTask" of process "fed0730f-9bdc-11f1-b81c-eeee0a948f8f"...#
#2026 08 19 14:48:09.715#Z#DEBUG#fed072e9-9bdc-11f1-b81c-eeee0a948f8f.OPERATION#flowable-async-job-executor-thread-22783#
[XS2ProcessMtaArchiveStep] Processing MTA archive...#
#2026 08 19 14:48:09.715#Z#DEBUG#fed072e9-9bdc-11f1-b81c-eeee0a948f8f.OPERATION#flowable-async-job-executor-thread-22783#
[XS2ProcessMtaArchiveStep] MTA Archive ID: fc6cfcd8-1238-4c09-8cc5-dd7665cb2bc1#
#2026 08 19 14:48:09.932#Z#DEBUG#fed072e9-9bdc-11f1-b81c-eeee0a948f8f.OPERATION#flowable-async-job-executor-thread-22783#
[XS2ProcessMtaArchiveStep] MTA Descriptor length: 3,202#
#2026 08 19 14:48:09.932#Z#DEBUG#fed072e9-9bdc-11f1-b81c-eeee0a948f8f.OPERATION#flowable-async-job-executor-thread-22783#
[XS2ProcessMtaArchiveStep] MTA Archive Modules: [bookscapm-srv, bookscapm-app-content, bookscapm-db-deployer]#
#2026 08 19 14:48:09.932#Z#DEBUG#fed072e9-9bdc-11f1-b81c-eeee0a948f8f.OPERATION#flowable-async-job-executor-thread-22783#
[XS2ProcessMtaArchiveStep] MTA Archive Requires: []#
#2026 08 19 14:48:09.932#Z#DEBUG#fed072e9-9bdc-11f1-b81c-eeee0a948f8f.OPERATION#flowable-async-job-executor-thread-22783#
[XS2ProcessMtaArchiveStep] MTA Archive Resources: [uaa_bookscapm]#
#2026 08 19 14:48:09.940#Z#DEBUG#fed072e9-9bdc-11f1-b81c-eeee0a948f8f.OPERATION#flowable-async-job-executor-thread-22783#
[XS2ProcessMtaArchiveStep] MTA archive processed#
#2026 08 19 14:48:09.940#Z#DEBUG#fed072e9-9bdc-11f1-b81c-eeee0a948f8f.OPERATION#flowable-async-job-executor-thread-22783#
Step "Process Archive" finished#
#2026 08 19 14:48:09.985#Z#DEBUG#fed072e9-9bdc-11f1-b81c-eeee0a948f8f.OPERATION#flowable-async-job-executor-thread-22784#
[ProcessMtaExtensionDescriptorsStep] Executing task "processExtensionDescriptorsTask" of process "fed0730f-9bdc-11f1-b81c-eeee0a948f8f"...#
#2026 08 19 14:48:09.985#Z#DEBUG#fed072e9-9bdc-11f1-b81c-eeee0a948f8f.OPERATION#flowable-async-job-executor-thread-22784#
[ProcessMtaExtensionDescriptorsStep] Processing MTA extension descriptors...#
#2026 08 19 14:48:09.987#Z#DEBUG#fed072e9-9bdc-11f1-b81c-eeee0a948f8f.OPERATION#flowable-async-job-executor-thread-22784#
[ProcessMtaExtensionDescriptorsStep] Provided extension descriptors: [ ]#
#2026 08 19 14:48:09.987#Z#DEBUG#fed072e9-9bdc-11f1-b81c-eeee0a948f8f.OPERATION#flowable-async-job-executor-thread-22784#
[ProcessMtaExtensionDescriptorsStep] No extension descriptors in use#
#2026 08 19 14:48:09.987#Z#DEBUG#fed072e9-9bdc-11f1-b81c-eeee0a948f8f.OPERATION#flowable-async-job-executor-thread-22784#
[ProcessMtaExtensionDescriptorsStep] MTA extension descriptors processed#
#2026 08 19 14:48:09.987#Z#DEBUG#fed072e9-9bdc-11f1-b81c-eeee0a948f8f.OPERATION#flowable-async-job-executor-thread-22784#
Step "Process Extension Descriptors" finished#
#2026 08 19 14:48:10.026#Z#DEBUG#fed072e9-9bdc-11f1-b81c-eeee0a948f8f.OPERATION#flowable-async-job-executor-thread-22785#
[XS2DetectMtaSchemaVersionStep] Executing task "detectSchemaVersionTask" of process "fed0730f-9bdc-11f1-b81c-eeee0a948f8f"...#
#2026 08 19 14:48:10.027#Z#DEBUG#fed072e9-9bdc-11f1-b81c-eeee0a948f8f.OPERATION#flowable-async-job-executor-thread-22785#
[XS2DetectMtaSchemaVersionStep] Detecting MTA major schema version...#
#2026 08 19 14:48:10.029#Z#INFO#fed072e9-9bdc-11f1-b81c-eeee0a948f8f.OPERATION#flowable-async-job-executor-thread-22785#
[XS2DetectMtaSchemaVersionStep] Detected MTA schema version: "3"#
#2026 08 19 14:48:10.034#Z#DEBUG#fed072e9-9bdc-11f1-b81c-eeee0a948f8f.OPERATION#flowable-async-job-executor-thread-22785#
Step "Detect Schema Version" finished#
#2026 08 19 14:48:10.067#Z#DEBUG#fed072e9-9bdc-11f1-b81c-eeee0a948f8f.OPERATION#flowable-async-job-executor-thread-22786#
[MergeDescriptorsStep] Executing task "mergeDescriptorsTask" of process "fed0730f-9bdc-11f1-b81c-eeee0a948f8f"...#
#2026 08 19 14:48:10.068#Z#DEBUG#fed072e9-9bdc-11f1-b81c-eeee0a948f8f.OPERATION#flowable-async-job-executor-thread-22786#
[MergeDescriptorsStep] Validating and merging descriptors...#
#2026 08 19 14:48:10.071#Z#DEBUG#fed072e9-9bdc-11f1-b81c-eeee0a948f8f.OPERATION#flowable-async-job-executor-thread-22786#
[MergeDescriptorsStep] Merged deployment descriptor: {
  "majorSchemaVersion" : 3,
  "schemaVersion" : "3.3.0",
  "id" : "bookscapm",
  "version" : "1.0.0",
  "modules" : [ {
    "majorSchemaVersion" : 3,
    "name" : "bookscapm-srv",
    "type" : "javascript.nodejs",
    "path" : "bookscapm-srv",
    "properties" : { },
    "parameters" : {
      "buildpack" : "nodejs_buildpack",
      "instances" : 1
    },
    "requiredDependencies" : [ {
      "majorSchemaVersion" : 3,
      "name" : "bookscapm-db",
      "properties" : { },
      "parameters" : { },
      "propertiesMetadata" : {
        "metadata" : { }
      },
      "parametersMetadata" : {
        "metadata" : { }
      }
    }, {
      "majorSchemaVersion" : 3,
      "name" : "uaa_bookscapm",
      "properties" : { },
      "parameters" : { },
      "propertiesMetadata" : {
        "metadata" : { }
      },
      "parametersMetadata" : {
        "metadata" : { }
      }
    } ],
    "providedDependencies" : [ {
      "majorSchemaVersion" : 3,
      "name" : "srv-api",
      "isPublic" : false,
      "properties" : {
        "srv-url" : "${default-url}"
      },
      "parameters" : { },
      "propertiesMetadata" : {
        "metadata" : { }
      },
      "parametersMetadata" : {
        "metadata" : { }
      }
    }, {
      "majorSchemaVersion" : 3,
      "name" : "bookscapm-srv",
      "isPublic" : false,
      "properties" : { },
      "parameters" : { },
      "propertiesMetadata" : {
        "metadata" : { }
      },
      "parametersMetadata" : {
        "metadata" : { }
      }
    } ],
    "propertiesMetadata" : {
      "metadata" : { }
    },
    "parametersMetadata" : {
      "metadata" : { }
    },
    "hooks" : [ ]
  }, {
    "majorSchemaVersion" : 3,
    "name" : "bookscapm-db-deployer",
    "type" : "com.sap.xs.hdi",
    "path" : "bookscapm-db-deployer",
    "properties" : {
      "EXIT" : 1
    },
    "parameters" : {
      "memory" : "256M",
      "buildpack" : "nodejs_buildpack",
      "no-route" : true,
      "dependency-type" : "hard",
      "tasks" : [ {
        "name" : "deploy",
        "memory" : "256M",
        "command" : "npm start"
      } ],
      "no-start" : true
    },
    "requiredDependencies" : [ {
      "majorSchemaVersion" : 3,
      "name" : "bookscapm-db",
      "properties" : { },
      "parameters" : { },
      "propertiesMetadata" : {
        "metadata" : { }
      },
      "parametersMetadata" : {
        "metadata" : { }
      }
    } ],
    "providedDependencies" : [ {
      "majorSchemaVersion" : 3,
      "name" : "bookscapm-db-deployer",
      "isPublic" : false,
      "properties" : { },
      "parameters" : { },
      "propertiesMetadata" : {
        "metadata" : { }
      },
      "parametersMetadata" : {
        "metadata" : { }
      }
    } ],
    "propertiesMetadata" : {
      "metadata" : { }
    },
    "parametersMetadata" : {
      "metadata" : { }
    },
    "hooks" : [ ]
  }, {
    "majorSchemaVersion" : 3,
    "name" : "bookscapm-destination-content",
    "type" : "com.sap.application.content",
    "properties" : { },
    "parameters" : {
      "content" : {
        "instance" : {
          "destinations" : [ {
            "Name" : "bookscapmapplicationrouter_bookscapm_html_repo_host",
            "ServiceInstanceName" : "bookscapm-html5-app-host-service",
            "ServiceKeyName" : "********",
            "sap.cloud.service" : "bookscapmapplicationrouter"
          }, {
            "Authentication" : "********",
            "Name" : "bookscapmapplicationrouter_uaa_bookscapm",
            "ServiceInstanceName" : "bookscapm-xsuaa-service",
            "ServiceKeyName" : "********",
            "sap.cloud.service" : "bookscapmapplicationrouter"
          } ],
          "existing_destinations_policy" : "ignore"
        }
      }
    },
    "requiredDependencies" : [ {
      "majorSchemaVersion" : 3,
      "name" : "bookscapm-destination-service",
      "properties" : { },
      "parameters" : {
        "content-target" : true
      },
      "propertiesMetadata" : {
        "metadata" : { }
      },
      "parametersMetadata" : {
        "metadata" : { }
      }
    }, {
      "majorSchemaVersion" : 3,
      "name" : "bookscapm_html_repo_host",
      "properties" : { },
      "parameters" : {
        "service-key" : "********"
      },
      "propertiesMetadata" : {
        "metadata" : { }
      },
      "parametersMetadata" : {
        "metadata" : { }
      }
    }, {
      "majorSchemaVersion" : 3,
      "name" : "uaa_bookscapm",
      "properties" : { },
      "parameters" : {
        "service-key" : "********"
      },
      "propertiesMetadata" : {
        "metadata" : { }
      },
      "parametersMetadata" : {
        "metadata" : { }
      }
    } ],
    "providedDependencies" : [ {
      "majorSchemaVersion" : 3,
      "name" : "bookscapm-destination-content",
      "isPublic" : false,
      "properties" : { },
      "parameters" : { },
      "propertiesMetadata" : {
        "metadata" : { }
      },
      "parametersMetadata" : {
        "metadata" : { }
      }
    } ],
    "propertiesMetadata" : {
      "metadata" : { }
    },
    "parametersMetadata" : {
      "metadata" : { }
    },
    "hooks" : [ ]
  }, {
    "majorSchemaVersion" : 3,
    "name" : "bookscapm-app-content",
    "type" : "com.sap.application.content",
    "path" : "bookscapm-app-content",
    "properties" : { },
    "parameters" : { },
    "requiredDependencies" : [ {
      "majorSchemaVersion" : 3,
      "name" : "bookscapm_html_repo_host",
      "properties" : { },
      "parameters" : {
        "content-target" : true
      },
      "propertiesMetadata" : {
        "metadata" : { }
      },
      "parametersMetadata" : {
        "metadata" : { }
      }
    } ],
    "providedDependencies" : [ {
      "majorSchemaVersion" : 3,
      "name" : "bookscapm-app-content",
      "isPublic" : false,
      "properties" : { },
      "parameters" : { },
      "propertiesMetadata" : {
        "metadata" : { }
      },
      "parametersMetadata" : {
        "metadata" : { }
      }
    } ],
    "propertiesMetadata" : {
      "metadata" : { }
    },
    "parametersMetadata" : {
      "metadata" : { }
    },
    "hooks" : [ ]
  } ],
  "resources" : [ {
    "majorSchemaVersion" : 3,
    "name" : "bookscapm-db",
    "type" : "com.sap.xs.hdi-container",
    "properties" : { },
    "parameters" : {
      "type" : "managed-service",
      "service" : "hana",
      "service-plan" : "hdi-shared"
    },
    "isActive" : true,
    "isOptional" : false,
    "propertiesMetadata" : {
      "metadata" : { }
    },
    "parametersMetadata" : {
      "metadata" : { }
    },
    "requiredDependencies" : [ ],
    "processedAfter" : [ ]
  }, {
    "majorSchemaVersion" : 3,
    "name" : "bookscapm-destination-service",
    "type" : "org.cloudfoundry.managed-service",
    "properties" : { },
    "parameters" : {
      "service-name" : "bookscapm-destination-service",
      "service-plan" : "lite",
      "type" : "managed-service",
      "config" : {
        "HTML5Runtime_enabled" : true,
        "init_data" : {
          "instance" : {
            "destinations" : [ {
              "Authentication" : "********",
              "Name" : "ui5",
              "ProxyType" : "Internet",
              "Type" : "HTTP",
              "URL" : "https://ui5.sap.com"
            }, {
              "Authentication" : "********",
              "HTML5.DynamicDestination" : true,
              "HTML5.ForwardAuthToken" : "********",
              "Name" : "srv-api",
              "ProxyType" : "Internet",
              "Type" : "HTTP",
              "URL" : "~{srv-api/srv-url}"
            } ],
            "existing_destinations_policy" : "update"
          }
        },
        "version" : "1.0.0"
      },
      "service" : "destination"
    },
    "isActive" : true,
    "isOptional" : false,
    "propertiesMetadata" : {
      "metadata" : { }
    },
    "parametersMetadata" : {
      "metadata" : { }
    },
    "requiredDependencies" : [ {
      "majorSchemaVersion" : 3,
      "name" : "srv-api",
      "properties" : { },
      "parameters" : { },
      "propertiesMetadata" : {
        "metadata" : { }
      },
      "parametersMetadata" : {
        "metadata" : { }
      }
    } ],
    "processedAfter" : [ ]
  }, {
    "majorSchemaVersion" : 3,
    "name" : "bookscapm_html_repo_host",
    "type" : "org.cloudfoundry.managed-service",
    "properties" : { },
    "parameters" : {
      "service-name" : "bookscapm-html5-app-host-service",
      "service-plan" : "app-host",
      "type" : "managed-service",
      "service" : "html5-apps-repo"
    },
    "isActive" : true,
    "isOptional" : false,
    "propertiesMetadata" : {
      "metadata" : { }
    },
    "parametersMetadata" : {
      "metadata" : { }
    },
    "requiredDependencies" : [ ],
    "processedAfter" : [ ]
  }, {
    "majorSchemaVersion" : 3,
    "name" : "uaa_bookscapm",
    "type" : "org.cloudfoundry.managed-service",
    "properties" : { },
    "parameters" : {
      "path" : "./xs-security.json",
      "service-name" : "bookscapm-xsuaa-service",
      "service-plan" : "application",
      "type" : "managed-service",
      "service" : "xsuaa"
    },
    "isActive" : true,
    "isOptional" : false,
    "propertiesMetadata" : {
      "metadata" : { }
    },
    "parametersMetadata" : {
      "metadata" : { }
    },
    "requiredDependencies" : [ ],
    "processedAfter" : [ ]
  } ],
  "parameters" : {
    "enable-parallel-deployments" : true,
    "deploy_mode" : "html5-repo"
  },
  "parametersMetadata" : {
    "metadata" : { }
  }
}#
#2026 08 19 14:48:10.074#Z#DEBUG#fed072e9-9bdc-11f1-b81c-eeee0a948f8f.OPERATION#flowable-async-job-executor-thread-22786#
[MergeDescriptorsStep] Descriptors validated and merged#
#2026 08 19 14:48:10.074#Z#DEBUG#fed072e9-9bdc-11f1-b81c-eeee0a948f8f.OPERATION#flowable-async-job-executor-thread-22786#
Step "Merge Descriptors" finished#
#2026 08 19 14:48:10.111#Z#DEBUG#fed072e9-9bdc-11f1-b81c-eeee0a948f8f.OPERATION#flowable-async-job-executor-thread-22787#
[DetectDeployedMtaStep] Executing task "detectDeployedMtaTask" of process "fed0730f-9bdc-11f1-b81c-eeee0a948f8f"...#
#2026 08 19 14:48:10.111#Z#DEBUG#fed072e9-9bdc-11f1-b81c-eeee0a948f8f.OPERATION#flowable-async-job-executor-thread-22787#
[DetectDeployedMtaStep] Detecting deployed MTA...#
#2026 08 19 14:48:10.173#Z#DEBUG#fed072e9-9bdc-11f1-b81c-eeee0a948f8f.OPERATION#flowable-async-job-executor-thread-22787#
[DetectDeployedMtaStep] Detecting MTA by id bookscapm and namespace null#
#2026 08 19 14:48:10.173#Z#DEBUG#fed072e9-9bdc-11f1-b81c-eeee0a948f8f.OPERATION#flowable-async-job-executor-thread-22787#
[DetectDeployedMtaStep] Getting applications by metadata label selector "mta_id=ae3834d4d96122b7278fff014e221e64,!mta_namespace"...#
#2026 08 19 14:48:10.225#Z#DEBUG#fed072e9-9bdc-11f1-b81c-eeee0a948f8f.OPERATION#flowable-async-job-executor-thread-22787#
[DetectDeployedMtaStep] Getting service instances by metadata label selector "mta_id=ae3834d4d96122b7278fff014e221e64,!mta_namespace"...#
#2026 08 19 14:48:10.343#Z#DEBUG#fed072e9-9bdc-11f1-b81c-eeee0a948f8f.OPERATION#flowable-async-job-executor-thread-22787#
[DetectDeployedMtaStep] Deployed MTA: {
  "metadata" : {
    "id" : "bookscapm",
    "version" : "1.0.0"
  },
  "applications" : [ {
    "name" : "bookscapm-srv",
    "metadata" : {
      "guid" : "e4fbc9e0-0224-4a88-a46f-eef717330b07",
      "createdAt" : [ 2026, 8, 18, 11, 45, 21 ],
      "updatedAt" : [ 2026, 8, 19, 0, 8, 55 ]
    },
    "v3Metadata" : {
      "annotations" : {
        "mta_id" : "bookscapm",
        "mta_version" : "1.0.0",
        "mta_module" : "{\"name\":\"bookscapm-srv\"}",
        "mta_module_provided_dependencies" : "[]",
        "mta_bound_services" : "[\"bookscapm-db\",\"bookscapm-xsuaa-service\"]"
      },
      "labels" : {
        "mta_id" : "ae3834d4d96122b7278fff014e221e64"
      }
    },
    "state" : "STOPPED",
    "lifecycle" : {
      "type" : "BUILDPACK",
      "data" : {
        "stack" : "cflinuxfs4",
        "buildpacks" : [ "nodejs_buildpack" ]
      }
    },
    "space" : {
      "name" : "dev",
      "metadata" : {
        "guid" : "5d8a2d66-1cdf-4f95-ae67-ef9fb5cde8d1",
        "createdAt" : [ 2026, 8, 7, 6, 20, 30 ],
        "updatedAt" : [ 2026, 8, 7, 6, 20, 30 ]
      },
      "organization" : {
        "name" : "1fb9e48dtrial",
        "metadata" : {
          "guid" : "8ca7719c-a1c5-4100-832b-9bfcd0e73c43",
          "createdAt" : [ 2026, 8, 7, 6, 20, 28 ],
          "updatedAt" : [ 2026, 8, 7, 6, 20, 30 ]
        }
      }
    },
    "moduleName" : "bookscapm-srv",
    "boundMtaServices" : [ "bookscapm-db", "bookscapm-xsuaa-service" ],
    "providedDependencyNames" : [ ],
    "productizationState" : "LIVE"
  }, {
    "name" : "bookscapm-db-deployer",
    "metadata" : {
      "guid" : "eed2b67a-83f4-424b-8876-9856be729ff6",
      "createdAt" : [ 2026, 8, 18, 11, 45, 23 ],
      "updatedAt" : [ 2026, 8, 18, 12, 6, 52 ]
    },
    "v3Metadata" : {
      "annotations" : {
        "mta_id" : "bookscapm",
        "mta_version" : "1.0.0",
        "mta_module" : "{\"name\":\"bookscapm-db-deployer\"}",
        "mta_module_provided_dependencies" : "[]",
        "mta_bound_services" : "[\"bookscapm-db\"]"
      },
      "labels" : {
        "mta_id" : "ae3834d4d96122b7278fff014e221e64"
      }
    },
    "state" : "STOPPED",
    "lifecycle" : {
      "type" : "BUILDPACK",
      "data" : {
        "stack" : "cflinuxfs4",
        "buildpacks" : [ "nodejs_buildpack" ]
      }
    },
    "space" : {
      "name" : "dev",
      "metadata" : {
        "guid" : "5d8a2d66-1cdf-4f95-ae67-ef9fb5cde8d1",
        "createdAt" : [ 2026, 8, 7, 6, 20, 30 ],
        "updatedAt" : [ 2026, 8, 7, 6, 20, 30 ]
      },
      "organization" : {
        "name" : "1fb9e48dtrial",
        "metadata" : {
          "guid" : "8ca7719c-a1c5-4100-832b-9bfcd0e73c43",
          "createdAt" : [ 2026, 8, 7, 6, 20, 28 ],
          "updatedAt" : [ 2026, 8, 7, 6, 20, 30 ]
        }
      }
    },
    "moduleName" : "bookscapm-db-deployer",
    "boundMtaServices" : [ "bookscapm-db" ],
    "providedDependencyNames" : [ ],
    "productizationState" : "LIVE"
  } ],
  "services" : [ {
    "name" : "bookscapm-destination-service",
    "metadata" : {
      "guid" : "ada22074-722e-4d7d-a5b7-329c9f3a1527",
      "createdAt" : [ 2026, 8, 18, 11, 45, 3 ],
      "updatedAt" : [ 2026, 8, 18, 11, 45, 6 ]
    },
    "v3Metadata" : {
      "annotations" : {
        "mta_id" : "bookscapm",
        "mta_version" : "1.0.0",
        "mta_resource" : "{\"name\":\"bookscapm-destination-service\"}"
      },
      "labels" : {
        "mta_id" : "ae3834d4d96122b7278fff014e221e64"
      }
    },
    "label" : "destination",
    "plan" : "lite",
    "credentials" : "********",
    "tags" : [ ],
    "type" : "managed",
    "lastOperation" : {
      "type" : "UPDATE",
      "description" : "",
      "state" : "SUCCEEDED"
    },
    "resourceName" : "bookscapm-destination-service"
  }, {
    "name" : "bookscapm-html5-app-host-service",
    "metadata" : {
      "guid" : "1353e206-1f91-44f8-988a-5b94ddd57c3d",
      "createdAt" : [ 2026, 8, 18, 11, 45, 5 ],
      "updatedAt" : [ 2026, 8, 18, 11, 45, 6 ]
    },
    "v3Metadata" : {
      "annotations" : {
        "mta_id" : "bookscapm",
        "mta_version" : "1.0.0",
        "mta_resource" : "{\"name\":\"bookscapm_html_repo_host\"}"
      },
      "labels" : {
        "mta_id" : "ae3834d4d96122b7278fff014e221e64"
      }
    },
    "label" : "html5-apps-repo",
    "plan" : "app-host",
    "credentials" : "********",
    "tags" : [ ],
    "type" : "managed",
    "lastOperation" : {
      "type" : "CREATE",
      "description" : "",
      "state" : "SUCCEEDED"
    },
    "resourceName" : "bookscapm_html_repo_host"
  }, {
    "name" : "bookscapm-db",
    "metadata" : {
      "guid" : "24df4fe9-e67b-4d75-a6ed-b547dc8c357e",
      "createdAt" : [ 2026, 8, 18, 11, 45, 5 ],
      "updatedAt" : [ 2026, 8, 18, 11, 45, 5 ]
    },
    "v3Metadata" : {
      "annotations" : {
        "mta_id" : "bookscapm",
        "mta_version" : "1.0.0",
        "mta_resource" : "{\"name\":\"bookscapm-db\"}"
      },
      "labels" : {
        "mta_id" : "ae3834d4d96122b7278fff014e221e64"
      }
    },
    "label" : "hana",
    "plan" : "hdi-shared",
    "credentials" : "********",
    "tags" : [ ],
    "type" : "managed",
    "lastOperation" : {
      "type" : "CREATE",
      "state" : "SUCCEEDED"
    },
    "resourceName" : "bookscapm-db"
  }, {
    "name" : "bookscapm-xsuaa-service",
    "metadata" : {
      "guid" : "651b5a33-914f-4737-b7bd-350a7a9d2a6d",
      "createdAt" : [ 2026, 8, 18, 11, 45, 8 ],
      "updatedAt" : [ 2026, 8, 18, 11, 45, 8 ]
    },
    "v3Metadata" : {
      "annotations" : {
        "mta_id" : "bookscapm",
        "mta_version" : "1.0.0",
        "mta_resource" : "{\"name\":\"uaa_bookscapm\"}"
      },
      "labels" : {
        "mta_id" : "ae3834d4d96122b7278fff014e221e64"
      }
    },
    "label" : "xsuaa",
    "plan" : "application",
    "credentials" : "********",
    "tags" : [ ],
    "type" : "managed",
    "lastOperation" : {
      "type" : "UPDATE",
      "description" : "",
      "state" : "SUCCEEDED"
    },
    "resourceName" : "uaa_bookscapm"
  } ]
}#
#2026 08 19 14:48:10.343#Z#INFO#fed072e9-9bdc-11f1-b81c-eeee0a948f8f.OPERATION#flowable-async-job-executor-thread-22787#
[DetectDeployedMtaStep] Detected deployed MTA with ID "bookscapm" and version "1.0.0"#
#2026 08 19 14:48:10.348#Z#DEBUG#fed072e9-9bdc-11f1-b81c-eeee0a948f8f.OPERATION#flowable-async-job-executor-thread-22787#
[DetectDeployedMtaStep] Detecting backup mta by id "bookscapm" and namespace "null"#
#2026 08 19 14:48:10.348#Z#DEBUG#fed072e9-9bdc-11f1-b81c-eeee0a948f8f.OPERATION#flowable-async-job-executor-thread-22787#
[DetectDeployedMtaStep] Getting applications by metadata label selector "mta_id=ae3834d4d96122b7278fff014e221e64,mta_namespace=b698114a0995e936895b9598a6c19a2c"...#
#2026 08 19 14:48:10.376#Z#DEBUG#fed072e9-9bdc-11f1-b81c-eeee0a948f8f.OPERATION#flowable-async-job-executor-thread-22787#
[DetectDeployedMtaStep] Getting service instances by metadata label selector "mta_id=ae3834d4d96122b7278fff014e221e64,mta_namespace=b698114a0995e936895b9598a6c19a2c"...#
#2026 08 19 14:48:10.447#Z#DEBUG#fed072e9-9bdc-11f1-b81c-eeee0a948f8f.OPERATION#flowable-async-job-executor-thread-22787#
[DetectDeployedMtaStep] Deployed MTA service keys: [ {
  "name" : "********",
  "metadata" : {
    "guid" : "5e0b1e41-ee38-4287-b5c6-9feaad5ce57e",
    "createdAt" : [ 2026, 8, 18, 11, 45, 24 ],
    "updatedAt" : [ 2026, 8, 18, 11, 45, 24 ]
  },
  "v3Metadata" : {
    "annotations" : {
      "mta_id" : "bookscapm",
      "mta_version" : "1.0.0"
    },
    "labels" : {
      "mta_id" : "ae3834d4d96122b7278fff014e221e64",
      "space_guid" : "5d8a2d66-1cdf-4f95-ae67-ef9fb5cde8d1"
    }
  },
  "serviceInstance" : {
    "name" : "bookscapm-html5-app-host-service",
    "metadata" : {
      "guid" : "1353e206-1f91-44f8-988a-5b94ddd57c3d",
      "createdAt" : [ 2026, 8, 18, 11, 45, 5 ],
      "updatedAt" : [ 2026, 8, 18, 11, 45, 6 ]
    },
    "v3Metadata" : {
      "annotations" : {
        "mta_id" : "bookscapm",
        "mta_version" : "1.0.0",
        "mta_resource" : "{\"name\":\"bookscapm_html_repo_host\"}"
      },
      "labels" : {
        "mta_id" : "ae3834d4d96122b7278fff014e221e64"
      }
    },
    "credentials" : "********",
    "tags" : [ ],
    "type" : "managed"
  }
}, {
  "name" : "********",
  "metadata" : {
    "guid" : "6ec760a7-ef8a-4e49-9097-67fb84791232",
    "createdAt" : [ 2026, 8, 18, 11, 45, 24 ],
    "updatedAt" : [ 2026, 8, 18, 11, 45, 25 ]
  },
  "v3Metadata" : {
    "annotations" : {
      "mta_id" : "bookscapm",
      "mta_version" : "1.0.0"
    },
    "labels" : {
      "mta_id" : "ae3834d4d96122b7278fff014e221e64",
      "space_guid" : "5d8a2d66-1cdf-4f95-ae67-ef9fb5cde8d1"
    }
  },
  "serviceInstance" : {
    "name" : "bookscapm-destination-service",
    "metadata" : {
      "guid" : "ada22074-722e-4d7d-a5b7-329c9f3a1527",
      "createdAt" : [ 2026, 8, 18, 11, 45, 3 ],
      "updatedAt" : [ 2026, 8, 18, 11, 45, 6 ]
    },
    "v3Metadata" : {
      "annotations" : {
        "mta_id" : "bookscapm",
        "mta_version" : "1.0.0",
        "mta_resource" : "{\"name\":\"bookscapm-destination-service\"}"
      },
      "labels" : {
        "mta_id" : "ae3834d4d96122b7278fff014e221e64"
      }
    },
    "credentials" : "********",
    "tags" : [ ],
    "type" : "managed"
  }
}, {
  "name" : "********",
  "metadata" : {
    "guid" : "679088d2-bb1c-4e14-84b4-bce5d1e7ff38",
    "createdAt" : [ 2026, 8, 18, 11, 45, 24 ],
    "updatedAt" : [ 2026, 8, 18, 11, 45, 24 ]
  },
  "v3Metadata" : {
    "annotations" : {
      "mta_id" : "bookscapm",
      "mta_version" : "1.0.0"
    },
    "labels" : {
      "mta_id" : "ae3834d4d96122b7278fff014e221e64",
      "space_guid" : "5d8a2d66-1cdf-4f95-ae67-ef9fb5cde8d1"
    }
  },
  "serviceInstance" : {
    "name" : "bookscapm-xsuaa-service",
    "metadata" : {
      "guid" : "651b5a33-914f-4737-b7bd-350a7a9d2a6d",
      "createdAt" : [ 2026, 8, 18, 11, 45, 8 ],
      "updatedAt" : [ 2026, 8, 18, 11, 45, 8 ]
    },
    "v3Metadata" : {
      "annotations" : {
        "mta_id" : "bookscapm",
        "mta_version" : "1.0.0",
        "mta_resource" : "{\"name\":\"uaa_bookscapm\"}"
      },
      "labels" : {
        "mta_id" : "ae3834d4d96122b7278fff014e221e64"
      }
    },
    "credentials" : "********",
    "tags" : [ ],
    "type" : "managed"
  }
}, {
  "name" : "********",
  "metadata" : {
    "guid" : "5aab5c4f-65ce-4d34-8c8b-cf359d1dc42b",
    "createdAt" : [ 2026, 8, 18, 11, 45, 26 ],
    "updatedAt" : [ 2026, 8, 18, 11, 45, 27 ]
  },
  "v3Metadata" : {
    "annotations" : {
      "mta_id" : "bookscapm",
      "mta_version" : "1.0.0"
    },
    "labels" : {
      "mta_id" : "ae3834d4d96122b7278fff014e221e64",
      "space_guid" : "5d8a2d66-1cdf-4f95-ae67-ef9fb5cde8d1"
    }
  },
  "serviceInstance" : {
    "name" : "bookscapm-html5-app-host-service",
    "metadata" : {
      "guid" : "1353e206-1f91-44f8-988a-5b94ddd57c3d",
      "createdAt" : [ 2026, 8, 18, 11, 45, 5 ],
      "updatedAt" : [ 2026, 8, 18, 11, 45, 6 ]
    },
    "v3Metadata" : {
      "annotations" : {
        "mta_id" : "bookscapm",
        "mta_version" : "1.0.0",
        "mta_resource" : "{\"name\":\"bookscapm_html_repo_host\"}"
      },
      "labels" : {
        "mta_id" : "ae3834d4d96122b7278fff014e221e64"
      }
    },
    "credentials" : "********",
    "tags" : [ ],
    "type" : "managed"
  }
} ]#
#2026 08 19 14:48:10.447#Z#DEBUG#fed072e9-9bdc-11f1-b81c-eeee0a948f8f.OPERATION#flowable-async-job-executor-thread-22787#
Step "Detect Deployed MTA" finished#
#2026 08 19 14:48:10.484#Z#DEBUG#fed072e9-9bdc-11f1-b81c-eeee0a948f8f.OPERATION#flowable-async-job-executor-thread-22788#
[XS2CollectSystemParametersStep] Executing task "collectSystemParametersTask" of process "fed0730f-9bdc-11f1-b81c-eeee0a948f8f"...#
#2026 08 19 14:48:10.484#Z#DEBUG#fed072e9-9bdc-11f1-b81c-eeee0a948f8f.OPERATION#flowable-async-job-executor-thread-22788#
[XS2CollectSystemParametersStep] Collecting system parameters...#
#2026 08 19 14:48:10.485#Z#DEBUG#fed072e9-9bdc-11f1-b81c-eeee0a948f8f.OPERATION#flowable-async-job-executor-thread-22788#
[XS2CollectSystemParametersStep] Getting default domain...#
#2026 08 19 14:48:10.513#Z#DEBUG#fed072e9-9bdc-11f1-b81c-eeee0a948f8f.OPERATION#flowable-async-job-executor-thread-22788#
[XS2CollectSystemParametersStep] Default domain: cfapps.us10-001.hana.ondemand.com#
#2026 08 19 14:48:10.514#Z#DEBUG#fed072e9-9bdc-11f1-b81c-eeee0a948f8f.OPERATION#flowable-async-job-executor-thread-22788#
[XS2CollectSystemParametersStep] Checking for overwriting read-only parameters for mta with id: "bookscapm"#
#2026 08 19 14:48:10.514#Z#DEBUG#fed072e9-9bdc-11f1-b81c-eeee0a948f8f.OPERATION#flowable-async-job-executor-thread-22788#
[XS2CollectSystemParametersStep] No read-only parameters are overwritten#
#2026 08 19 14:48:10.528#Z#DEBUG#fed072e9-9bdc-11f1-b81c-eeee0a948f8f.OPERATION#flowable-async-job-executor-thread-22788#
[XS2CollectSystemParametersStep] Descriptor with system parameters: {
  "majorSchemaVersion" : 3,
  "schemaVersion" : "3.3.0",
  "id" : "bookscapm",
  "version" : "1.0.0",
  "modules" : [ {
    "majorSchemaVersion" : 3,
    "name" : "bookscapm-srv",
    "type" : "javascript.nodejs",
    "path" : "bookscapm-srv",
    "properties" : { },
    "parameters" : {
      "default-url" : "${protocol}://${default-uri}",
      "default-app-name" : "bookscapm-srv",
      "generated-password" : "********",
      "default-live-url" : "${protocol}://${default-live-uri}",
      "default-uri" : "${host}.${domain}",
      "default-instances" : 1,
      "default-live-host" : "1fb9e48dtrial-dev-bookscapm-srv",
      "instances" : 1,
      "buildpack" : "nodejs_buildpack",
      "default-host" : "1fb9e48dtrial-dev-bookscapm-srv",
      "app-name" : "${default-app-name}",
      "default-live-uri" : "1fb9e48dtrial-dev-bookscapm-srv.${domain}",
      "protocol" : "https",
      "default-live-app-name" : "bookscapm-srv",
      "default-live-domain" : "cfapps.us10-001.hana.ondemand.com",
      "domain" : "${default-domain}",
      "host" : "${default-host}",
      "generated-user" : "********"
    },
    "requiredDependencies" : [ {
      "majorSchemaVersion" : 3,
      "name" : "bookscapm-db",
      "properties" : { },
      "parameters" : { },
      "propertiesMetadata" : {
        "metadata" : { }
      },
      "parametersMetadata" : {
        "metadata" : { }
      }
    }, {
      "majorSchemaVersion" : 3,
      "name" : "uaa_bookscapm",
      "properties" : { },
      "parameters" : { },
      "propertiesMetadata" : {
        "metadata" : { }
      },
      "parametersMetadata" : {
        "metadata" : { }
      }
    } ],
    "providedDependencies" : [ {
      "majorSchemaVersion" : 3,
      "name" : "srv-api",
      "isPublic" : false,
      "properties" : {
        "srv-url" : "${default-url}"
      },
      "parameters" : { },
      "propertiesMetadata" : {
        "metadata" : { }
      },
      "parametersMetadata" : {
        "metadata" : { }
      }
    }, {
      "majorSchemaVersion" : 3,
      "name" : "bookscapm-srv",
      "isPublic" : false,
      "properties" : { },
      "parameters" : { },
      "propertiesMetadata" : {
        "metadata" : { }
      },
      "parametersMetadata" : {
        "metadata" : { }
      }
    } ],
    "propertiesMetadata" : {
      "metadata" : { }
    },
    "parametersMetadata" : {
      "metadata" : { }
    },
    "hooks" : [ ]
  }, {
    "majorSchemaVersion" : 3,
    "name" : "bookscapm-db-deployer",
    "type" : "com.sap.xs.hdi",
    "path" : "bookscapm-db-deployer",
    "properties" : {
      "EXIT" : 1
    },
    "parameters" : {
      "default-url" : "${protocol}://${default-uri}",
      "default-app-name" : "bookscapm-db-deployer",
      "generated-password" : "********",
      "default-live-url" : "${protocol}://${default-live-uri}",
      "default-uri" : "${host}.${domain}",
      "memory" : "256M",
      "default-instances" : 1,
      "no-route" : true,
      "default-live-host" : "1fb9e48dtrial-dev-bookscapm-db-deployer",
      "instances" : "${default-instances}",
      "buildpack" : "nodejs_buildpack",
      "default-host" : "1fb9e48dtrial-dev-bookscapm-db-deployer",
      "app-name" : "${default-app-name}",
      "default-live-uri" : "1fb9e48dtrial-dev-bookscapm-db-deployer.${domain}",
      "protocol" : "https",
      "default-live-app-name" : "bookscapm-db-deployer",
      "default-live-domain" : "cfapps.us10-001.hana.ondemand.com",
      "dependency-type" : "hard",
      "domain" : "${default-domain}",
      "host" : "${default-host}",
      "generated-user" : "********",
      "tasks" : [ {
        "name" : "deploy",
        "memory" : "256M",
        "command" : "npm start"
      } ],
      "no-start" : true
    },
    "requiredDependencies" : [ {
      "majorSchemaVersion" : 3,
      "name" : "bookscapm-db",
      "properties" : { },
      "parameters" : { },
      "propertiesMetadata" : {
        "metadata" : { }
      },
      "parametersMetadata" : {
        "metadata" : { }
      }
    } ],
    "providedDependencies" : [ {
      "majorSchemaVersion" : 3,
      "name" : "bookscapm-db-deployer",
      "isPublic" : false,
      "properties" : { },
      "parameters" : { },
      "propertiesMetadata" : {
        "metadata" : { }
      },
      "parametersMetadata" : {
        "metadata" : { }
      }
    } ],
    "propertiesMetadata" : {
      "metadata" : { }
    },
    "parametersMetadata" : {
      "metadata" : { }
    },
    "hooks" : [ ]
  }, {
    "majorSchemaVersion" : 3,
    "name" : "bookscapm-destination-content",
    "type" : "com.sap.application.content",
    "properties" : { },
    "parameters" : {
      "default-url" : "${protocol}://${default-uri}",
      "default-app-name" : "bookscapm-destination-content",
      "generated-password" : "********",
      "default-live-url" : "${protocol}://${default-live-uri}",
      "default-uri" : "${host}.${domain}",
      "default-instances" : 1,
      "default-live-host" : "1fb9e48dtrial-dev-bookscapm-destination-content",
      "instances" : "${default-instances}",
      "default-host" : "1fb9e48dtrial-dev-bookscapm-destination-content",
      "content" : {
        "instance" : {
          "destinations" : [ {
            "Name" : "bookscapmapplicationrouter_bookscapm_html_repo_host",
            "ServiceInstanceName" : "bookscapm-html5-app-host-service",
            "ServiceKeyName" : "********",
            "sap.cloud.service" : "bookscapmapplicationrouter"
          }, {
            "Authentication" : "********",
            "Name" : "bookscapmapplicationrouter_uaa_bookscapm",
            "ServiceInstanceName" : "bookscapm-xsuaa-service",
            "ServiceKeyName" : "********",
            "sap.cloud.service" : "bookscapmapplicationrouter"
          } ],
          "existing_destinations_policy" : "ignore"
        }
      },
      "app-name" : "${default-app-name}",
      "default-live-uri" : "1fb9e48dtrial-dev-bookscapm-destination-content.${domain}",
      "protocol" : "https",
      "default-live-app-name" : "bookscapm-destination-content",
      "default-live-domain" : "cfapps.us10-001.hana.ondemand.com",
      "domain" : "${default-domain}",
      "host" : "${default-host}",
      "generated-user" : "********"
    },
    "requiredDependencies" : [ {
      "majorSchemaVersion" : 3,
      "name" : "bookscapm-destination-service",
      "properties" : { },
      "parameters" : {
        "content-target" : true
      },
      "propertiesMetadata" : {
        "metadata" : { }
      },
      "parametersMetadata" : {
        "metadata" : { }
      }
    }, {
      "majorSchemaVersion" : 3,
      "name" : "bookscapm_html_repo_host",
      "properties" : { },
      "parameters" : {
        "service-key" : "********"
      },
      "propertiesMetadata" : {
        "metadata" : { }
      },
      "parametersMetadata" : {
        "metadata" : { }
      }
    }, {
      "majorSchemaVersion" : 3,
      "name" : "uaa_bookscapm",
      "properties" : { },
      "parameters" : {
        "service-key" : "********"
      },
      "propertiesMetadata" : {
        "metadata" : { }
      },
      "parametersMetadata" : {
        "metadata" : { }
      }
    } ],
    "providedDependencies" : [ {
      "majorSchemaVersion" : 3,
      "name" : "bookscapm-destination-content",
      "isPublic" : false,
      "properties" : { },
      "parameters" : { },
      "propertiesMetadata" : {
        "metadata" : { }
      },
      "parametersMetadata" : {
        "metadata" : { }
      }
    } ],
    "propertiesMetadata" : {
      "metadata" : { }
    },
    "parametersMetadata" : {
      "metadata" : { }
    },
    "hooks" : [ ]
  }, {
    "majorSchemaVersion" : 3,
    "name" : "bookscapm-app-content",
    "type" : "com.sap.application.content",
    "path" : "bookscapm-app-content",
    "properties" : { },
    "parameters" : {
      "default-url" : "${protocol}://${default-uri}",
      "default-app-name" : "bookscapm-app-content",
      "generated-password" : "********",
      "default-live-url" : "${protocol}://${default-live-uri}",
      "default-uri" : "${host}.${domain}",
      "default-instances" : 1,
      "default-live-host" : "1fb9e48dtrial-dev-bookscapm-app-content",
      "instances" : "${default-instances}",
      "default-host" : "1fb9e48dtrial-dev-bookscapm-app-content",
      "app-name" : "${default-app-name}",
      "default-live-uri" : "1fb9e48dtrial-dev-bookscapm-app-content.${domain}",
      "protocol" : "https",
      "default-live-app-name" : "bookscapm-app-content",
      "default-live-domain" : "cfapps.us10-001.hana.ondemand.com",
      "domain" : "${default-domain}",
      "host" : "${default-host}",
      "generated-user" : "********"
    },
    "requiredDependencies" : [ {
      "majorSchemaVersion" : 3,
      "name" : "bookscapm_html_repo_host",
      "properties" : { },
      "parameters" : {
        "content-target" : true
      },
      "propertiesMetadata" : {
        "metadata" : { }
      },
      "parametersMetadata" : {
        "metadata" : { }
      }
    } ],
    "providedDependencies" : [ {
      "majorSchemaVersion" : 3,
      "name" : "bookscapm-app-content",
      "isPublic" : false,
      "properties" : { },
      "parameters" : { },
      "propertiesMetadata" : {
        "metadata" : { }
      },
      "parametersMetadata" : {
        "metadata" : { }
      }
    } ],
    "propertiesMetadata" : {
      "metadata" : { }
    },
    "parametersMetadata" : {
      "metadata" : { }
    },
    "hooks" : [ ]
  } ],
  "resources" : [ {
    "majorSchemaVersion" : 3,
    "name" : "bookscapm-db",
    "type" : "com.sap.xs.hdi-container",
    "properties" : { },
    "parameters" : {
      "generated-password" : "********",
      "service-name" : "${default-service-name}",
      "service-plan" : "hdi-shared",
      "service" : "hana",
      "generated-user" : "********",
      "default-xsappname" : "bookscapm-db",
      "type" : "managed-service",
      "default-service-name" : "bookscapm-db",
      "default-container-name" : "1FB9E48DTRIAL_DEV_BOOKSCAPM_DB"
    },
    "isActive" : true,
    "isOptional" : false,
    "propertiesMetadata" : {
      "metadata" : { }
    },
    "parametersMetadata" : {
      "metadata" : { }
    },
    "requiredDependencies" : [ ],
    "processedAfter" : [ ]
  }, {
    "majorSchemaVersion" : 3,
    "name" : "bookscapm-destination-service",
    "type" : "org.cloudfoundry.managed-service",
    "properties" : { },
    "parameters" : {
      "generated-password" : "********",
      "service-name" : "bookscapm-destination-service",
      "service-plan" : "lite",
      "service" : "destination",
      "generated-user" : "********",
      "default-xsappname" : "bookscapm-destination-service",
      "type" : "managed-service",
      "config" : {
        "HTML5Runtime_enabled" : true,
        "init_data" : {
          "instance" : {
            "destinations" : [ {
              "Authentication" : "********",
              "Name" : "ui5",
              "ProxyType" : "Internet",
              "Type" : "HTTP",
              "URL" : "https://ui5.sap.com"
            }, {
              "Authentication" : "********",
              "HTML5.DynamicDestination" : true,
              "HTML5.ForwardAuthToken" : "********",
              "Name" : "srv-api",
              "ProxyType" : "Internet",
              "Type" : "HTTP",
              "URL" : "~{srv-api/srv-url}"
            } ],
            "existing_destinations_policy" : "update"
          }
        },
        "version" : "1.0.0"
      },
      "default-service-name" : "bookscapm-destination-service",
      "default-container-name" : "1FB9E48DTRIAL_DEV_BOOKSCAPM_DESTINATION_SERVICE"
    },
    "isActive" : true,
    "isOptional" : false,
    "propertiesMetadata" : {
      "metadata" : { }
    },
    "parametersMetadata" : {
      "metadata" : { }
    },
    "requiredDependencies" : [ {
      "majorSchemaVersion" : 3,
      "name" : "srv-api",
      "properties" : { },
      "parameters" : { },
      "propertiesMetadata" : {
        "metadata" : { }
      },
      "parametersMetadata" : {
        "metadata" : { }
      }
    } ],
    "processedAfter" : [ ]
  }, {
    "majorSchemaVersion" : 3,
    "name" : "bookscapm_html_repo_host",
    "type" : "org.cloudfoundry.managed-service",
    "properties" : { },
    "parameters" : {
      "generated-password" : "********",
      "service-name" : "bookscapm-html5-app-host-service",
      "service-plan" : "app-host",
      "service" : "html5-apps-repo",
      "generated-user" : "********",
      "default-xsappname" : "bookscapm_html_repo_host",
      "type" : "managed-service",
      "default-service-name" : "bookscapm_html_repo_host",
      "default-container-name" : "1FB9E48DTRIAL_DEV_BOOKSCAPM_HTML_REPO_HOST"
    },
    "isActive" : true,
    "isOptional" : false,
    "propertiesMetadata" : {
      "metadata" : { }
    },
    "parametersMetadata" : {
      "metadata" : { }
    },
    "requiredDependencies" : [ ],
    "processedAfter" : [ ]
  }, {
    "majorSchemaVersion" : 3,
    "name" : "uaa_bookscapm",
    "type" : "org.cloudfoundry.managed-service",
    "properties" : { },
    "parameters" : {
      "generated-password" : "********",
      "path" : "./xs-security.json",
      "service-name" : "bookscapm-xsuaa-service",
      "service-plan" : "application",
      "service" : "xsuaa",
      "generated-user" : "********",
      "default-xsappname" : "uaa_bookscapm",
      "type" : "managed-service",
      "default-service-name" : "uaa_bookscapm",
      "default-container-name" : "1FB9E48DTRIAL_DEV_UAA_BOOKSCAPM"
    },
    "isActive" : true,
    "isOptional" : false,
    "propertiesMetadata" : {
      "metadata" : { }
    },
    "parametersMetadata" : {
      "metadata" : { }
    },
    "requiredDependencies" : [ ],
    "processedAfter" : [ ]
  } ],
  "parameters" : {
    "deploy_mode" : "html5-repo",
    "mta-id" : "bookscapm",
    "authorization-url" : "********",
    "org-guid" : "8ca7719c-a1c5-4100-832b-9bfcd0e73c43",
    "org" : "1fb9e48dtrial",
    "deploy-target" : "1fb9e48dtrial dev",
    "enable-parallel-deployments" : true,
    "space" : "dev",
    "xs-api-url" : "https://api.cf.us10-001.hana.ondemand.com",
    "deploy-url" : "deploy-service.cfapps.us10-001.hana.ondemand.com",
    "xs-type" : "CF",
    "default-domain" : "cfapps.us10-001.hana.ondemand.com",
    "mta-version" : "1.0.0",
    "xs-auth-url" : "********",
    "space-guid" : "5d8a2d66-1cdf-4f95-ae67-ef9fb5cde8d1",
    "user" : "********",
    "controller-url" : "https://api.cf.us10-001.hana.ondemand.com",
    "timestamp" : "20260819144809"
  },
  "parametersMetadata" : {
    "metadata" : { }
  }
}#
#2026 08 19 14:48:10.530#Z#DEBUG#fed072e9-9bdc-11f1-b81c-eeee0a948f8f.OPERATION#flowable-async-job-executor-thread-22788#
[XS2CollectSystemParametersStep] Version rule: SAME_HIGHER#
#2026 08 19 14:48:10.530#Z#INFO#fed072e9-9bdc-11f1-b81c-eeee0a948f8f.OPERATION#flowable-async-job-executor-thread-22788#
[XS2CollectSystemParametersStep] Detected new MTA version: "1.0.0"#
#2026 08 19 14:48:10.534#Z#INFO#fed072e9-9bdc-11f1-b81c-eeee0a948f8f.OPERATION#flowable-async-job-executor-thread-22788#
[XS2CollectSystemParametersStep] Deployed MTA version: "1.0.0"#
#2026 08 19 14:48:10.538#Z#DEBUG#fed072e9-9bdc-11f1-b81c-eeee0a948f8f.OPERATION#flowable-async-job-executor-thread-22788#
[XS2CollectSystemParametersStep] MTA accepted for deployment#
#2026 08 19 14:48:10.538#Z#DEBUG#fed072e9-9bdc-11f1-b81c-eeee0a948f8f.OPERATION#flowable-async-job-executor-thread-22788#
[XS2CollectSystemParametersStep] System parameters collected#
#2026 08 19 14:48:10.538#Z#DEBUG#fed072e9-9bdc-11f1-b81c-eeee0a948f8f.OPERATION#flowable-async-job-executor-thread-22788#
Step "Collect System Parameters" finished#
#2026 08 19 14:48:10.573#Z#DEBUG#fed072e9-9bdc-11f1-b81c-eeee0a948f8f.OPERATION#flowable-async-job-executor-thread-22788#
[ProcessDescriptorStep] Executing task "processDescriptorTask" of process "fed0730f-9bdc-11f1-b81c-eeee0a948f8f"...#
#2026 08 19 14:48:10.574#Z#DEBUG#fed072e9-9bdc-11f1-b81c-eeee0a948f8f.OPERATION#flowable-async-job-executor-thread-22788#
[ProcessDescriptorStep] Resolving properties and parameters in merged descriptor...#
#2026 08 19 14:48:10.578#Z#DEBUG#fed072e9-9bdc-11f1-b81c-eeee0a948f8f.OPERATION#flowable-async-job-executor-thread-22788#
[ProcessDescriptorStep] Subscriptions: [ ]#
#2026 08 19 14:48:10.579#Z#DEBUG#fed072e9-9bdc-11f1-b81c-eeee0a948f8f.OPERATION#flowable-async-job-executor-thread-22788#
[ProcessDescriptorStep] MTA modules: [bookscapm-srv, bookscapm-app-content, bookscapm-db-deployer, bookscapm-destination-content]#
#2026 08 19 14:48:10.580#Z#DEBUG#fed072e9-9bdc-11f1-b81c-eeee0a948f8f.OPERATION#flowable-async-job-executor-thread-22788#
[ProcessDescriptorStep] Resolved deployment descriptor: {
  "majorSchemaVersion" : 3,
  "schemaVersion" : "3.3.0",
  "id" : "bookscapm",
  "version" : "1.0.0",
  "modules" : [ {
    "majorSchemaVersion" : 3,
    "name" : "bookscapm-srv",
    "type" : "javascript.nodejs",
    "path" : "bookscapm-srv",
    "properties" : { },
    "parameters" : {
      "default-url" : "https://1fb9e48dtrial-dev-bookscapm-srv.cfapps.us10-001.hana.ondemand.com",
      "default-app-name" : "bookscapm-srv",
      "generated-password" : "********",
      "default-live-url" : "https://1fb9e48dtrial-dev-bookscapm-srv.cfapps.us10-001.hana.ondemand.com",
      "default-uri" : "1fb9e48dtrial-dev-bookscapm-srv.cfapps.us10-001.hana.ondemand.com",
      "default-instances" : 1,
      "default-live-host" : "1fb9e48dtrial-dev-bookscapm-srv",
      "instances" : 1,
      "buildpack" : "nodejs_buildpack",
      "default-host" : "1fb9e48dtrial-dev-bookscapm-srv",
      "app-name" : "bookscapm-srv",
      "default-live-uri" : "1fb9e48dtrial-dev-bookscapm-srv.cfapps.us10-001.hana.ondemand.com",
      "protocol" : "https",
      "default-live-app-name" : "bookscapm-srv",
      "default-live-domain" : "cfapps.us10-001.hana.ondemand.com",
      "domain" : "cfapps.us10-001.hana.ondemand.com",
      "host" : "1fb9e48dtrial-dev-bookscapm-srv",
      "generated-user" : "********"
    },
    "requiredDependencies" : [ {
      "majorSchemaVersion" : 3,
      "name" : "bookscapm-db",
      "properties" : { },
      "parameters" : { },
      "propertiesMetadata" : {
        "metadata" : { }
      },
      "parametersMetadata" : {
        "metadata" : { }
      }
    }, {
      "majorSchemaVersion" : 3,
      "name" : "uaa_bookscapm",
      "properties" : { },
      "parameters" : { },
      "propertiesMetadata" : {
        "metadata" : { }
      },
      "parametersMetadata" : {
        "metadata" : { }
      }
    } ],
    "providedDependencies" : [ {
      "majorSchemaVersion" : 3,
      "name" : "srv-api",
      "isPublic" : false,
      "properties" : {
        "srv-url" : "https://1fb9e48dtrial-dev-bookscapm-srv.cfapps.us10-001.hana.ondemand.com"
      },
      "parameters" : { },
      "propertiesMetadata" : {
        "metadata" : { }
      },
      "parametersMetadata" : {
        "metadata" : { }
      }
    }, {
      "majorSchemaVersion" : 3,
      "name" : "bookscapm-srv",
      "isPublic" : false,
      "properties" : { },
      "parameters" : { },
      "propertiesMetadata" : {
        "metadata" : { }
      },
      "parametersMetadata" : {
        "metadata" : { }
      }
    } ],
    "propertiesMetadata" : {
      "metadata" : { }
    },
    "parametersMetadata" : {
      "metadata" : { }
    },
    "hooks" : [ ]
  }, {
    "majorSchemaVersion" : 3,
    "name" : "bookscapm-db-deployer",
    "type" : "com.sap.xs.hdi",
    "path" : "bookscapm-db-deployer",
    "properties" : {
      "EXIT" : 1
    },
    "parameters" : {
      "default-url" : "https://1fb9e48dtrial-dev-bookscapm-db-deployer.cfapps.us10-001.hana.ondemand.com",
      "default-app-name" : "bookscapm-db-deployer",
      "generated-password" : "********",
      "default-live-url" : "https://1fb9e48dtrial-dev-bookscapm-db-deployer.cfapps.us10-001.hana.ondemand.com",
      "default-uri" : "1fb9e48dtrial-dev-bookscapm-db-deployer.cfapps.us10-001.hana.ondemand.com",
      "memory" : "256M",
      "default-instances" : 1,
      "no-route" : true,
      "default-live-host" : "1fb9e48dtrial-dev-bookscapm-db-deployer",
      "instances" : 1,
      "buildpack" : "nodejs_buildpack",
      "default-host" : "1fb9e48dtrial-dev-bookscapm-db-deployer",
      "app-name" : "bookscapm-db-deployer",
      "default-live-uri" : "1fb9e48dtrial-dev-bookscapm-db-deployer.cfapps.us10-001.hana.ondemand.com",
      "protocol" : "https",
      "default-live-app-name" : "bookscapm-db-deployer",
      "default-live-domain" : "cfapps.us10-001.hana.ondemand.com",
      "dependency-type" : "hard",
      "domain" : "cfapps.us10-001.hana.ondemand.com",
      "host" : "1fb9e48dtrial-dev-bookscapm-db-deployer",
      "generated-user" : "********",
      "tasks" : [ {
        "command" : "npm start",
        "memory" : "256M",
        "name" : "deploy"
      } ],
      "no-start" : true
    },
    "requiredDependencies" : [ {
      "majorSchemaVersion" : 3,
      "name" : "bookscapm-db",
      "properties" : { },
      "parameters" : { },
      "propertiesMetadata" : {
        "metadata" : { }
      },
      "parametersMetadata" : {
        "metadata" : { }
      }
    } ],
    "providedDependencies" : [ {
      "majorSchemaVersion" : 3,
      "name" : "bookscapm-db-deployer",
      "isPublic" : false,
      "properties" : { },
      "parameters" : { },
      "propertiesMetadata" : {
        "metadata" : { }
      },
      "parametersMetadata" : {
        "metadata" : { }
      }
    } ],
    "propertiesMetadata" : {
      "metadata" : { }
    },
    "parametersMetadata" : {
      "metadata" : { }
    },
    "hooks" : [ ]
  }, {
    "majorSchemaVersion" : 3,
    "name" : "bookscapm-destination-content",
    "type" : "com.sap.application.content",
    "properties" : { },
    "parameters" : {
      "default-url" : "https://1fb9e48dtrial-dev-bookscapm-destination-content.cfapps.us10-001.hana.ondemand.com",
      "default-app-name" : "bookscapm-destination-content",
      "generated-password" : "********",
      "default-live-url" : "https://1fb9e48dtrial-dev-bookscapm-destination-content.cfapps.us10-001.hana.ondemand.com",
      "default-uri" : "1fb9e48dtrial-dev-bookscapm-destination-content.cfapps.us10-001.hana.ondemand.com",
      "default-instances" : 1,
      "default-live-host" : "1fb9e48dtrial-dev-bookscapm-destination-content",
      "instances" : 1,
      "default-host" : "1fb9e48dtrial-dev-bookscapm-destination-content",
      "content" : {
        "instance" : {
          "destinations" : [ {
            "Name" : "bookscapmapplicationrouter_bookscapm_html_repo_host",
            "ServiceInstanceName" : "bookscapm-html5-app-host-service",
            "ServiceKeyName" : "********",
            "sap.cloud.service" : "bookscapmapplicationrouter"
          }, {
            "Authentication" : "********",
            "Name" : "bookscapmapplicationrouter_uaa_bookscapm",
            "ServiceInstanceName" : "bookscapm-xsuaa-service",
            "ServiceKeyName" : "********",
            "sap.cloud.service" : "bookscapmapplicationrouter"
          } ],
          "existing_destinations_policy" : "ignore"
        }
      },
      "app-name" : "bookscapm-destination-content",
      "default-live-uri" : "1fb9e48dtrial-dev-bookscapm-destination-content.cfapps.us10-001.hana.ondemand.com",
      "protocol" : "https",
      "default-live-app-name" : "bookscapm-destination-content",
      "default-live-domain" : "cfapps.us10-001.hana.ondemand.com",
      "domain" : "cfapps.us10-001.hana.ondemand.com",
      "host" : "1fb9e48dtrial-dev-bookscapm-destination-content",
      "generated-user" : "********"
    },
    "requiredDependencies" : [ {
      "majorSchemaVersion" : 3,
      "name" : "bookscapm-destination-service",
      "properties" : { },
      "parameters" : {
        "content-target" : true
      },
      "propertiesMetadata" : {
        "metadata" : { }
      },
      "parametersMetadata" : {
        "metadata" : { }
      }
    }, {
      "majorSchemaVersion" : 3,
      "name" : "bookscapm_html_repo_host",
      "properties" : { },
      "parameters" : {
        "service-key" : "********"
      },
      "propertiesMetadata" : {
        "metadata" : { }
      },
      "parametersMetadata" : {
        "metadata" : { }
      }
    }, {
      "majorSchemaVersion" : 3,
      "name" : "uaa_bookscapm",
      "properties" : { },
      "parameters" : {
        "service-key" : "********"
      },
      "propertiesMetadata" : {
        "metadata" : { }
      },
      "parametersMetadata" : {
        "metadata" : { }
      }
    } ],
    "providedDependencies" : [ {
      "majorSchemaVersion" : 3,
      "name" : "bookscapm-destination-content",
      "isPublic" : false,
      "properties" : { },
      "parameters" : { },
      "propertiesMetadata" : {
        "metadata" : { }
      },
      "parametersMetadata" : {
        "metadata" : { }
      }
    } ],
    "propertiesMetadata" : {
      "metadata" : { }
    },
    "parametersMetadata" : {
      "metadata" : { }
    },
    "hooks" : [ ]
  }, {
    "majorSchemaVersion" : 3,
    "name" : "bookscapm-app-content",
    "type" : "com.sap.application.content",
    "path" : "bookscapm-app-content",
    "properties" : { },
    "parameters" : {
      "default-url" : "https://1fb9e48dtrial-dev-bookscapm-app-content.cfapps.us10-001.hana.ondemand.com",
      "default-app-name" : "bookscapm-app-content",
      "generated-password" : "********",
      "default-live-url" : "https://1fb9e48dtrial-dev-bookscapm-app-content.cfapps.us10-001.hana.ondemand.com",
      "default-uri" : "1fb9e48dtrial-dev-bookscapm-app-content.cfapps.us10-001.hana.ondemand.com",
      "default-instances" : 1,
      "default-live-host" : "1fb9e48dtrial-dev-bookscapm-app-content",
      "instances" : 1,
      "default-host" : "1fb9e48dtrial-dev-bookscapm-app-content",
      "app-name" : "bookscapm-app-content",
      "default-live-uri" : "1fb9e48dtrial-dev-bookscapm-app-content.cfapps.us10-001.hana.ondemand.com",
      "protocol" : "https",
      "default-live-app-name" : "bookscapm-app-content",
      "default-live-domain" : "cfapps.us10-001.hana.ondemand.com",
      "domain" : "cfapps.us10-001.hana.ondemand.com",
      "host" : "1fb9e48dtrial-dev-bookscapm-app-content",
      "generated-user" : "********"
    },
    "requiredDependencies" : [ {
      "majorSchemaVersion" : 3,
      "name" : "bookscapm_html_repo_host",
      "properties" : { },
      "parameters" : {
        "content-target" : true
      },
      "propertiesMetadata" : {
        "metadata" : { }
      },
      "parametersMetadata" : {
        "metadata" : { }
      }
    } ],
    "providedDependencies" : [ {
      "majorSchemaVersion" : 3,
      "name" : "bookscapm-app-content",
      "isPublic" : false,
      "properties" : { },
      "parameters" : { },
      "propertiesMetadata" : {
        "metadata" : { }
      },
      "parametersMetadata" : {
        "metadata" : { }
      }
    } ],
    "propertiesMetadata" : {
      "metadata" : { }
    },
    "parametersMetadata" : {
      "metadata" : { }
    },
    "hooks" : [ ]
  } ],
  "resources" : [ {
    "majorSchemaVersion" : 3,
    "name" : "bookscapm-db",
    "type" : "com.sap.xs.hdi-container",
    "properties" : { },
    "parameters" : {
      "generated-password" : "********",
      "service-name" : "bookscapm-db",
      "service-plan" : "hdi-shared",
      "service" : "hana",
      "generated-user" : "********",
      "default-xsappname" : "bookscapm-db",
      "type" : "managed-service",
      "default-service-name" : "bookscapm-db",
      "default-container-name" : "1FB9E48DTRIAL_DEV_BOOKSCAPM_DB"
    },
    "isActive" : true,
    "isOptional" : false,
    "propertiesMetadata" : {
      "metadata" : { }
    },
    "parametersMetadata" : {
      "metadata" : { }
    },
    "requiredDependencies" : [ ],
    "processedAfter" : [ ]
  }, {
    "majorSchemaVersion" : 3,
    "name" : "bookscapm-destination-service",
    "type" : "org.cloudfoundry.managed-service",
    "properties" : { },
    "parameters" : {
      "generated-password" : "********",
      "service-name" : "bookscapm-destination-service",
      "service-plan" : "lite",
      "service" : "destination",
      "generated-user" : "********",
      "default-xsappname" : "bookscapm-destination-service",
      "type" : "managed-service",
      "config" : {
        "HTML5Runtime_enabled" : true,
        "init_data" : {
          "instance" : {
            "destinations" : [ {
              "Authentication" : "********",
              "Name" : "ui5",
              "ProxyType" : "Internet",
              "Type" : "HTTP",
              "URL" : "https://ui5.sap.com"
            }, {
              "Authentication" : "********",
              "HTML5.DynamicDestination" : true,
              "HTML5.ForwardAuthToken" : "********",
              "Name" : "srv-api",
              "ProxyType" : "Internet",
              "Type" : "HTTP",
              "URL" : "https://1fb9e48dtrial-dev-bookscapm-srv.cfapps.us10-001.hana.ondemand.com"
            } ],
            "existing_destinations_policy" : "update"
          }
        },
        "version" : "1.0.0"
      },
      "default-service-name" : "bookscapm-destination-service",
      "default-container-name" : "1FB9E48DTRIAL_DEV_BOOKSCAPM_DESTINATION_SERVICE"
    },
    "isActive" : true,
    "isOptional" : false,
    "propertiesMetadata" : {
      "metadata" : { }
    },
    "parametersMetadata" : {
      "metadata" : { }
    },
    "requiredDependencies" : [ {
      "majorSchemaVersion" : 3,
      "name" : "srv-api",
      "properties" : { },
      "parameters" : { },
      "propertiesMetadata" : {
        "metadata" : { }
      },
      "parametersMetadata" : {
        "metadata" : { }
      }
    } ],
    "processedAfter" : [ ]
  }, {
    "majorSchemaVersion" : 3,
    "name" : "bookscapm_html_repo_host",
    "type" : "org.cloudfoundry.managed-service",
    "properties" : { },
    "parameters" : {
      "generated-password" : "********",
      "service-name" : "bookscapm-html5-app-host-service",
      "service-plan" : "app-host",
      "service" : "html5-apps-repo",
      "generated-user" : "********",
      "default-xsappname" : "bookscapm_html_repo_host",
      "type" : "managed-service",
      "default-service-name" : "bookscapm_html_repo_host",
      "default-container-name" : "1FB9E48DTRIAL_DEV_BOOKSCAPM_HTML_REPO_HOST"
    },
    "isActive" : true,
    "isOptional" : false,
    "propertiesMetadata" : {
      "metadata" : { }
    },
    "parametersMetadata" : {
      "metadata" : { }
    },
    "requiredDependencies" : [ ],
    "processedAfter" : [ ]
  }, {
    "majorSchemaVersion" : 3,
    "name" : "uaa_bookscapm",
    "type" : "org.cloudfoundry.managed-service",
    "properties" : { },
    "parameters" : {
      "generated-password" : "********",
      "path" : "./xs-security.json",
      "service-name" : "bookscapm-xsuaa-service",
      "service-plan" : "application",
      "service" : "xsuaa",
      "generated-user" : "********",
      "default-xsappname" : "uaa_bookscapm",
      "type" : "managed-service",
      "default-service-name" : "uaa_bookscapm",
      "default-container-name" : "1FB9E48DTRIAL_DEV_UAA_BOOKSCAPM"
    },
    "isActive" : true,
    "isOptional" : false,
    "propertiesMetadata" : {
      "metadata" : { }
    },
    "parametersMetadata" : {
      "metadata" : { }
    },
    "requiredDependencies" : [ ],
    "processedAfter" : [ ]
  } ],
  "parameters" : {
    "deploy_mode" : "html5-repo",
    "mta-id" : "bookscapm",
    "authorization-url" : "********",
    "org-guid" : "8ca7719c-a1c5-4100-832b-9bfcd0e73c43",
    "org" : "1fb9e48dtrial",
    "deploy-target" : "1fb9e48dtrial dev",
    "enable-parallel-deployments" : true,
    "region-primary-domain" : "us10.hana.ondemand.com",
    "space" : "dev",
    "region-domain" : "us10-001.hana.ondemand.com",
    "xs-api-url" : "https://api.cf.us10-001.hana.ondemand.com",
    "deploy-url" : "deploy-service.cfapps.us10-001.hana.ondemand.com",
    "xs-type" : "CF",
    "default-domain" : "cfapps.us10-001.hana.ondemand.com",
    "mta-version" : "1.0.0",
    "xs-auth-url" : "********",
    "space-guid" : "5d8a2d66-1cdf-4f95-ae67-ef9fb5cde8d1",
    "user" : "********",
    "controller-url" : "https://api.cf.us10-001.hana.ondemand.com",
    "timestamp" : "20260819144809"
  },
  "parametersMetadata" : {
    "metadata" : { }
  }
}#
#2026 08 19 14:48:10.580#Z#DEBUG#fed072e9-9bdc-11f1-b81c-eeee0a948f8f.OPERATION#flowable-async-job-executor-thread-22788#
[ProcessDescriptorStep] Merged descriptor properties and parameters resolved#
#2026 08 19 14:48:10.580#Z#DEBUG#fed072e9-9bdc-11f1-b81c-eeee0a948f8f.OPERATION#flowable-async-job-executor-thread-22788#
Step "Process Descriptor Step" finished#
#2026 08 19 14:48:10.616#Z#DEBUG#fed072e9-9bdc-11f1-b81c-eeee0a948f8f.OPERATION#flowable-async-job-executor-thread-22788#
[XS2BuildCloudDeployModelStep] Executing task "buildDeployModelTask" of process "fed0730f-9bdc-11f1-b81c-eeee0a948f8f"...#
#2026 08 19 14:48:10.621#Z#DEBUG#fed072e9-9bdc-11f1-b81c-eeee0a948f8f.OPERATION#flowable-async-job-executor-thread-22788#
[XS2BuildCloudDeployModelStep] Service keys defined for content deployment grouped by service name: {
  "uaa_bookscapm" : [ {
    "name" : "********",
    "v3Metadata" : {
      "annotations" : {
        "mta_id" : "bookscapm",
        "mta_version" : "1.0.0"
      },
      "labels" : {
        "mta_id" : "ae3834d4d96122b7278fff014e221e64",
        "space_guid" : "5d8a2d66-1cdf-4f95-ae67-ef9fb5cde8d1"
      }
    },
    "credentials" : "********",
    "moduleName" : "bookscapm-destination-content",
    "resourceName" : "uaa_bookscapm",
    "serviceInstance" : {
      "isOptional" : false,
      "isManaged" : false,
      "name" : "bookscapm-xsuaa-service",
      "credentials" : "********",
      "tags" : [ ],
      "shouldSkipParametersUpdate" : false,
      "shouldSkipPlanUpdate" : false,
      "shouldSkipTagsUpdate" : false,
      "shouldSkipSyslogUrlUpdate" : false
    },
    "shouldDeleteServiceKeyAfterDeploy" : "********",
    "resourceType" : "org.cloudfoundry.managed-service"
  } ],
  "bookscapm-destination-service" : [ {
    "name" : "********",
    "v3Metadata" : {
      "annotations" : {
        "mta_id" : "bookscapm",
        "mta_version" : "1.0.0"
      },
      "labels" : {
        "mta_id" : "ae3834d4d96122b7278fff014e221e64",
        "space_guid" : "5d8a2d66-1cdf-4f95-ae67-ef9fb5cde8d1"
      }
    },
    "credentials" : "********",
    "moduleName" : "bookscapm-destination-content",
    "resourceName" : "bookscapm-destination-service",
    "serviceInstance" : {
      "isOptional" : false,
      "isManaged" : false,
      "name" : "bookscapm-destination-service",
      "credentials" : "********",
      "tags" : [ ],
      "shouldSkipParametersUpdate" : false,
      "shouldSkipPlanUpdate" : false,
      "shouldSkipTagsUpdate" : false,
      "shouldSkipSyslogUrlUpdate" : false
    },
    "shouldDeleteServiceKeyAfterDeploy" : "********",
    "resourceType" : "org.cloudfoundry.managed-service"
  } ],
  "bookscapm_html_repo_host" : [ {
    "name" : "********",
    "v3Metadata" : {
      "annotations" : {
        "mta_id" : "bookscapm",
        "mta_version" : "1.0.0"
      },
      "labels" : {
        "mta_id" : "ae3834d4d96122b7278fff014e221e64",
        "space_guid" : "5d8a2d66-1cdf-4f95-ae67-ef9fb5cde8d1"
      }
    },
    "credentials" : "********",
    "moduleName" : "bookscapm-destination-content",
    "resourceName" : "bookscapm_html_repo_host",
    "serviceInstance" : {
      "isOptional" : false,
      "isManaged" : false,
      "name" : "bookscapm-html5-app-host-service",
      "credentials" : "********",
      "tags" : [ ],
      "shouldSkipParametersUpdate" : false,
      "shouldSkipPlanUpdate" : false,
      "shouldSkipTagsUpdate" : false,
      "shouldSkipSyslogUrlUpdate" : false
    },
    "shouldDeleteServiceKeyAfterDeploy" : "********",
    "resourceType" : "org.cloudfoundry.managed-service"
  }, {
    "name" : "********",
    "v3Metadata" : {
      "annotations" : {
        "mta_id" : "bookscapm",
        "mta_version" : "1.0.0"
      },
      "labels" : {
        "mta_id" : "ae3834d4d96122b7278fff014e221e64",
        "space_guid" : "5d8a2d66-1cdf-4f95-ae67-ef9fb5cde8d1"
      }
    },
    "credentials" : "********",
    "moduleName" : "bookscapm-app-content",
    "resourceName" : "bookscapm_html_repo_host",
    "serviceInstance" : {
      "isOptional" : false,
      "isManaged" : false,
      "name" : "bookscapm-html5-app-host-service",
      "credentials" : "********",
      "tags" : [ ],
      "shouldSkipParametersUpdate" : false,
      "shouldSkipPlanUpdate" : false,
      "shouldSkipTagsUpdate" : false,
      "shouldSkipSyslogUrlUpdate" : false
    },
    "shouldDeleteServiceKeyAfterDeploy" : "********",
    "resourceType" : "org.cloudfoundry.managed-service"
  } ]
}#
#2026 08 19 14:48:10.621#Z#DEBUG#fed072e9-9bdc-11f1-b81c-eeee0a948f8f.OPERATION#flowable-async-job-executor-thread-22788#
[XS2BuildCloudDeployModelStep] Building cloud deployment model...#
#2026 08 19 14:48:10.623#Z#DEBUG#fed072e9-9bdc-11f1-b81c-eeee0a948f8f.OPERATION#flowable-async-job-executor-thread-22788#
[XS2BuildCloudDeployModelStep] MTA archive modules: [bookscapm-srv, bookscapm-app-content, bookscapm-db-deployer]#
#2026 08 19 14:48:10.623#Z#DEBUG#fed072e9-9bdc-11f1-b81c-eeee0a948f8f.OPERATION#flowable-async-job-executor-thread-22788#
[XS2BuildCloudDeployModelStep] Deployed modules: [bookscapm-db-deployer, bookscapm-srv]#
#2026 08 19 14:48:10.624#Z#DEBUG#fed072e9-9bdc-11f1-b81c-eeee0a948f8f.OPERATION#flowable-async-job-executor-thread-22788#
[XS2BuildCloudDeployModelStep] MTA modules: [bookscapm-srv, bookscapm-app-content, bookscapm-db-deployer, bookscapm-destination-content]#
#2026 08 19 14:48:10.624#Z#DEBUG#fed072e9-9bdc-11f1-b81c-eeee0a948f8f.OPERATION#flowable-async-job-executor-thread-22788#
[XS2BuildCloudDeployModelStep] Service keys to create: {
  "bookscapm-destination-service" : [ ],
  "uaa_bookscapm" : [ ],
  "bookscapm_html_repo_host" : [ ],
  "bookscapm-db" : [ ]
}#
#2026 08 19 14:48:10.625#Z#DEBUG#fed072e9-9bdc-11f1-b81c-eeee0a948f8f.OPERATION#flowable-async-job-executor-thread-22788#
[XS2BuildCloudDeployModelStep] Modules to deploy: [{
  "majorSchemaVersion" : 3,
  "name" : "bookscapm-srv",
  "type" : "javascript.nodejs",
  "path" : "bookscapm-srv",
  "properties" : { },
  "parameters" : {
    "default-url" : "https://1fb9e48dtrial-dev-bookscapm-srv.cfapps.us10-001.hana.ondemand.com",
    "default-app-name" : "bookscapm-srv",
    "generated-password" : "********",
    "default-live-url" : "https://1fb9e48dtrial-dev-bookscapm-srv.cfapps.us10-001.hana.ondemand.com",
    "default-uri" : "1fb9e48dtrial-dev-bookscapm-srv.cfapps.us10-001.hana.ondemand.com",
    "default-instances" : 1,
    "default-live-host" : "1fb9e48dtrial-dev-bookscapm-srv",
    "instances" : 1,
    "buildpack" : "nodejs_buildpack",
    "default-host" : "1fb9e48dtrial-dev-bookscapm-srv",
    "app-name" : "bookscapm-srv",
    "default-live-uri" : "1fb9e48dtrial-dev-bookscapm-srv.cfapps.us10-001.hana.ondemand.com",
    "protocol" : "https",
    "default-live-app-name" : "bookscapm-srv",
    "default-live-domain" : "cfapps.us10-001.hana.ondemand.com",
    "dependency-type" : "soft",
    "domain" : "cfapps.us10-001.hana.ondemand.com",
    "host" : "1fb9e48dtrial-dev-bookscapm-srv",
    "generated-user" : "********"
  },
  "requiredDependencies" : [ {
    "majorSchemaVersion" : 3,
    "name" : "bookscapm-db",
    "properties" : { },
    "parameters" : { },
    "propertiesMetadata" : {
      "metadata" : { }
    },
    "parametersMetadata" : {
      "metadata" : { }
    }
  }, {
    "majorSchemaVersion" : 3,
    "name" : "uaa_bookscapm",
    "properties" : { },
    "parameters" : { },
    "propertiesMetadata" : {
      "metadata" : { }
    },
    "parametersMetadata" : {
      "metadata" : { }
    }
  } ],
  "providedDependencies" : [ {
    "majorSchemaVersion" : 3,
    "name" : "srv-api",
    "isPublic" : false,
    "properties" : {
      "srv-url" : "https://1fb9e48dtrial-dev-bookscapm-srv.cfapps.us10-001.hana.ondemand.com"
    },
    "parameters" : { },
    "propertiesMetadata" : {
      "metadata" : { }
    },
    "parametersMetadata" : {
      "metadata" : { }
    }
  }, {
    "majorSchemaVersion" : 3,
    "name" : "bookscapm-srv",
    "isPublic" : false,
    "properties" : { },
    "parameters" : { },
    "propertiesMetadata" : {
      "metadata" : { }
    },
    "parametersMetadata" : {
      "metadata" : { }
    }
  } ],
  "propertiesMetadata" : {
    "metadata" : { }
  },
  "parametersMetadata" : {
    "metadata" : { }
  },
  "deployedAfter" : [ ],
  "hooks" : [ ]
}, {
  "majorSchemaVersion" : 3,
  "name" : "bookscapm-db-deployer",
  "type" : "com.sap.xs.hdi",
  "path" : "bookscapm-db-deployer",
  "properties" : {
    "EXIT" : 1
  },
  "parameters" : {
    "default-url" : "https://1fb9e48dtrial-dev-bookscapm-db-deployer.cfapps.us10-001.hana.ondemand.com",
    "default-app-name" : "bookscapm-db-deployer",
    "generated-password" : "********",
    "default-live-url" : "https://1fb9e48dtrial-dev-bookscapm-db-deployer.cfapps.us10-001.hana.ondemand.com",
    "default-uri" : "1fb9e48dtrial-dev-bookscapm-db-deployer.cfapps.us10-001.hana.ondemand.com",
    "memory" : "256M",
    "default-instances" : 1,
    "no-route" : true,
    "default-live-host" : "1fb9e48dtrial-dev-bookscapm-db-deployer",
    "instances" : 1,
    "buildpack" : "nodejs_buildpack",
    "default-host" : "1fb9e48dtrial-dev-bookscapm-db-deployer",
    "app-name" : "bookscapm-db-deployer",
    "default-live-uri" : "1fb9e48dtrial-dev-bookscapm-db-deployer.cfapps.us10-001.hana.ondemand.com",
    "protocol" : "https",
    "default-live-app-name" : "bookscapm-db-deployer",
    "default-live-domain" : "cfapps.us10-001.hana.ondemand.com",
    "dependency-type" : "hard",
    "domain" : "cfapps.us10-001.hana.ondemand.com",
    "host" : "1fb9e48dtrial-dev-bookscapm-db-deployer",
    "generated-user" : "********",
    "tasks" : [ {
      "command" : "npm start",
      "memory" : "256M",
      "name" : "deploy"
    } ],
    "no-start" : true
  },
  "requiredDependencies" : [ {
    "majorSchemaVersion" : 3,
    "name" : "bookscapm-db",
    "properties" : { },
    "parameters" : { },
    "propertiesMetadata" : {
      "metadata" : { }
    },
    "parametersMetadata" : {
      "metadata" : { }
    }
  } ],
  "providedDependencies" : [ {
    "majorSchemaVersion" : 3,
    "name" : "bookscapm-db-deployer",
    "isPublic" : false,
    "properties" : { },
    "parameters" : { },
    "propertiesMetadata" : {
      "metadata" : { }
    },
    "parametersMetadata" : {
      "metadata" : { }
    }
  } ],
  "propertiesMetadata" : {
    "metadata" : { }
  },
  "parametersMetadata" : {
    "metadata" : { }
  },
  "deployedAfter" : [ ],
  "hooks" : [ ]
}, {
  "majorSchemaVersion" : 3,
  "name" : "bookscapm-destination-content",
  "type" : "com.sap.application.content",
  "properties" : { },
  "parameters" : {
    "default-url" : "https://1fb9e48dtrial-dev-bookscapm-destination-content.cfapps.us10-001.hana.ondemand.com",
    "default-app-name" : "bookscapm-destination-content",
    "generated-password" : "********",
    "default-live-url" : "https://1fb9e48dtrial-dev-bookscapm-destination-content.cfapps.us10-001.hana.ondemand.com",
    "default-uri" : "1fb9e48dtrial-dev-bookscapm-destination-content.cfapps.us10-001.hana.ondemand.com",
    "default-instances" : 1,
    "default-live-host" : "1fb9e48dtrial-dev-bookscapm-destination-content",
    "instances" : 1,
    "default-host" : "1fb9e48dtrial-dev-bookscapm-destination-content",
    "content" : {
      "instance" : {
        "destinations" : [ {
          "Name" : "bookscapmapplicationrouter_bookscapm_html_repo_host",
          "ServiceInstanceName" : "bookscapm-html5-app-host-service",
          "ServiceKeyName" : "********",
          "sap.cloud.service" : "bookscapmapplicationrouter"
        }, {
          "Authentication" : "********",
          "Name" : "bookscapmapplicationrouter_uaa_bookscapm",
          "ServiceInstanceName" : "bookscapm-xsuaa-service",
          "ServiceKeyName" : "********",
          "sap.cloud.service" : "bookscapmapplicationrouter"
        } ],
        "existing_destinations_policy" : "ignore"
      }
    },
    "app-name" : "bookscapm-destination-content",
    "default-live-uri" : "1fb9e48dtrial-dev-bookscapm-destination-content.cfapps.us10-001.hana.ondemand.com",
    "protocol" : "https",
    "default-live-app-name" : "bookscapm-destination-content",
    "default-live-domain" : "cfapps.us10-001.hana.ondemand.com",
    "dependency-type" : "soft",
    "domain" : "cfapps.us10-001.hana.ondemand.com",
    "host" : "1fb9e48dtrial-dev-bookscapm-destination-content",
    "generated-user" : "********"
  },
  "requiredDependencies" : [ {
    "majorSchemaVersion" : 3,
    "name" : "bookscapm-destination-service",
    "properties" : { },
    "parameters" : {
      "content-target" : true
    },
    "propertiesMetadata" : {
      "metadata" : { }
    },
    "parametersMetadata" : {
      "metadata" : { }
    }
  }, {
    "majorSchemaVersion" : 3,
    "name" : "bookscapm_html_repo_host",
    "properties" : { },
    "parameters" : {
      "service-key" : "********"
    },
    "propertiesMetadata" : {
      "metadata" : { }
    },
    "parametersMetadata" : {
      "metadata" : { }
    }
  }, {
    "majorSchemaVersion" : 3,
    "name" : "uaa_bookscapm",
    "properties" : { },
    "parameters" : {
      "service-key" : "********"
    },
    "propertiesMetadata" : {
      "metadata" : { }
    },
    "parametersMetadata" : {
      "metadata" : { }
    }
  } ],
  "providedDependencies" : [ {
    "majorSchemaVersion" : 3,
    "name" : "bookscapm-destination-content",
    "isPublic" : false,
    "properties" : { },
    "parameters" : { },
    "propertiesMetadata" : {
      "metadata" : { }
    },
    "parametersMetadata" : {
      "metadata" : { }
    }
  } ],
  "propertiesMetadata" : {
    "metadata" : { }
  },
  "parametersMetadata" : {
    "metadata" : { }
  },
  "deployedAfter" : [ ],
  "hooks" : [ ]
}, {
  "majorSchemaVersion" : 3,
  "name" : "bookscapm-app-content",
  "type" : "com.sap.application.content",
  "path" : "bookscapm-app-content",
  "properties" : { },
  "parameters" : {
    "default-url" : "https://1fb9e48dtrial-dev-bookscapm-app-content.cfapps.us10-001.hana.ondemand.com",
    "default-app-name" : "bookscapm-app-content",
    "generated-password" : "********",
    "default-live-url" : "https://1fb9e48dtrial-dev-bookscapm-app-content.cfapps.us10-001.hana.ondemand.com",
    "default-uri" : "1fb9e48dtrial-dev-bookscapm-app-content.cfapps.us10-001.hana.ondemand.com",
    "default-instances" : 1,
    "default-live-host" : "1fb9e48dtrial-dev-bookscapm-app-content",
    "instances" : 1,
    "default-host" : "1fb9e48dtrial-dev-bookscapm-app-content",
    "app-name" : "bookscapm-app-content",
    "default-live-uri" : "1fb9e48dtrial-dev-bookscapm-app-content.cfapps.us10-001.hana.ondemand.com",
    "protocol" : "https",
    "default-live-app-name" : "bookscapm-app-content",
    "default-live-domain" : "cfapps.us10-001.hana.ondemand.com",
    "dependency-type" : "soft",
    "domain" : "cfapps.us10-001.hana.ondemand.com",
    "host" : "1fb9e48dtrial-dev-bookscapm-app-content",
    "generated-user" : "********"
  },
  "requiredDependencies" : [ {
    "majorSchemaVersion" : 3,
    "name" : "bookscapm_html_repo_host",
    "properties" : { },
    "parameters" : {
      "content-target" : true
    },
    "propertiesMetadata" : {
      "metadata" : { }
    },
    "parametersMetadata" : {
      "metadata" : { }
    }
  } ],
  "providedDependencies" : [ {
    "majorSchemaVersion" : 3,
    "name" : "bookscapm-app-content",
    "isPublic" : false,
    "properties" : { },
    "parameters" : { },
    "propertiesMetadata" : {
      "metadata" : { }
    },
    "parametersMetadata" : {
      "metadata" : { }
    }
  } ],
  "propertiesMetadata" : {
    "metadata" : { }
  },
  "parametersMetadata" : {
    "metadata" : { }
  },
  "deployedAfter" : [ ],
  "hooks" : [ ]
}]#
#2026 08 19 14:48:10.625#Z#DEBUG#fed072e9-9bdc-11f1-b81c-eeee0a948f8f.OPERATION#flowable-async-job-executor-thread-22788#
[XS2BuildCloudDeployModelStep] Custom domains: []#
#2026 08 19 14:48:10.627#Z#DEBUG#fed072e9-9bdc-11f1-b81c-eeee0a948f8f.OPERATION#flowable-async-job-executor-thread-22788#
[XS2BuildCloudDeployModelStep] Calculating resource batches...#
#2026 08 19 14:48:10.628#Z#DEBUG#fed072e9-9bdc-11f1-b81c-eeee0a948f8f.OPERATION#flowable-async-job-executor-thread-22788#
[XS2BuildCloudDeployModelStep] Calculating resource batches completed.#
#2026 08 19 14:48:10.628#Z#DEBUG#fed072e9-9bdc-11f1-b81c-eeee0a948f8f.OPERATION#flowable-async-job-executor-thread-22788#
[XS2BuildCloudDeployModelStep] Cloud deployment model built#
#2026 08 19 14:48:10.628#Z#DEBUG#fed072e9-9bdc-11f1-b81c-eeee0a948f8f.OPERATION#flowable-async-job-executor-thread-22788#
Step "Build Deploy Model" finished#
#2026 08 19 14:48:10.667#Z#DEBUG#fed072e9-9bdc-11f1-b81c-eeee0a948f8f.OPERATION#flowable-async-job-executor-thread-22783#
[BuildCloudUndeployModelStep] Executing task "buildUndeployModelTask" of process "fed0730f-9bdc-11f1-b81c-eeee0a948f8f"...#
#2026 08 19 14:48:10.668#Z#DEBUG#fed072e9-9bdc-11f1-b81c-eeee0a948f8f.OPERATION#flowable-async-job-executor-thread-22783#
[BuildCloudUndeployModelStep] Building cloud undeployment model...#
#2026 08 19 14:48:10.670#Z#DEBUG#fed072e9-9bdc-11f1-b81c-eeee0a948f8f.OPERATION#flowable-async-job-executor-thread-22783#
[BuildCloudUndeployModelStep] Detecting service keys to delete.#
#2026 08 19 14:48:10.671#Z#DEBUG#fed072e9-9bdc-11f1-b81c-eeee0a948f8f.OPERATION#flowable-async-job-executor-thread-22783#
[BuildCloudUndeployModelStep] Detected deployed service keys by service "{bookscapm-html5-app-host-service=[DeployedMtaServiceKey{name=bookscapm_html_repo_host-key, metadata=CloudMetadata{guid=5e0b1e41-ee38-4287-b5c6-9feaad5ce57e, createdAt=2026-08-18T11:45:24, updatedAt=2026-08-18T11:45:24, url=null}, v3Metadata=Metadata{annotations={mta_id=bookscapm, mta_version=1.0.0}, labels={mta_id=ae3834d4d96122b7278fff014e221e64, space_guid=5d8a2d66-1cdf-4f95-ae67-ef9fb5cde8d1}}, credentials=null, serviceInstance=CloudServiceInstance{name=bookscapm-html5-app-host-service, metadata=CloudMetadata{guid=1353e206-1f91-44f8-988a-5b94ddd57c3d, createdAt=2026-08-18T11:45:05, updatedAt=2026-08-18T11:45:06, url=null}, v3Metadata=Metadata{annotations={mta_id=bookscapm, mta_version=1.0.0, mta_resource={"name":"bookscapm_html_repo_host"}}, labels={mta_id=ae3834d4d96122b7278fff014e221e64}}, label=null, plan=null, provider=null, broker=null, version=null, credentials={}, syslogDrainUrl=null, tags=[], type=managed, lastOperation=null}, serviceKeyOperation=null, resourceName=null}, DeployedMtaServiceKey{name=bookscapm-app-content-bookscapm_html_repo_host-credentials, metadata=CloudMetadata{guid=5aab5c4f-65ce-4d34-8c8b-cf359d1dc42b, createdAt=2026-08-18T11:45:26, updatedAt=2026-08-18T11:45:27, url=null}, v3Metadata=Metadata{annotations={mta_id=bookscapm, mta_version=1.0.0}, labels={mta_id=ae3834d4d96122b7278fff014e221e64, space_guid=5d8a2d66-1cdf-4f95-ae67-ef9fb5cde8d1}}, credentials=null, serviceInstance=CloudServiceInstance{name=bookscapm-html5-app-host-service, metadata=CloudMetadata{guid=1353e206-1f91-44f8-988a-5b94ddd57c3d, createdAt=2026-08-18T11:45:05, updatedAt=2026-08-18T11:45:06, url=null}, v3Metadata=Metadata{annotations={mta_id=bookscapm, mta_version=1.0.0, mta_resource={"name":"bookscapm_html_repo_host"}}, labels={mta_id=ae3834d4d96122b7278fff014e221e64}}, label=null, plan=null, provider=null, broker=null, version=null, credentials={}, syslogDrainUrl=null, tags=[], type=managed, lastOperation=null}, serviceKeyOperation=null, resourceName=null}], bookscapm-destination-service=[DeployedMtaServiceKey{name=bookscapm-destination-content-bookscapm-destination-service-credentials, metadata=CloudMetadata{guid=6ec760a7-ef8a-4e49-9097-67fb84791232, createdAt=2026-08-18T11:45:24, updatedAt=2026-08-18T11:45:25, url=null}, v3Metadata=Metadata{annotations={mta_id=bookscapm, mta_version=1.0.0}, labels={mta_id=ae3834d4d96122b7278fff014e221e64, space_guid=5d8a2d66-1cdf-4f95-ae67-ef9fb5cde8d1}}, credentials=null, serviceInstance=CloudServiceInstance{name=bookscapm-destination-service, metadata=CloudMetadata{guid=ada22074-722e-4d7d-a5b7-329c9f3a1527, createdAt=2026-08-18T11:45:03, updatedAt=2026-08-18T11:45:06, url=null}, v3Metadata=Metadata{annotations={mta_id=bookscapm, mta_version=1.0.0, mta_resource={"name":"bookscapm-destination-service"}}, labels={mta_id=ae3834d4d96122b7278fff014e221e64}}, label=null, plan=null, provider=null, broker=null, version=null, credentials={}, syslogDrainUrl=null, tags=[], type=managed, lastOperation=null}, serviceKeyOperation=null, resourceName=null}], bookscapm-xsuaa-service=[DeployedMtaServiceKey{name=uaa_bookscapm-key, metadata=CloudMetadata{guid=679088d2-bb1c-4e14-84b4-bce5d1e7ff38, createdAt=2026-08-18T11:45:24, updatedAt=2026-08-18T11:45:24, url=null}, v3Metadata=Metadata{annotations={mta_id=bookscapm, mta_version=1.0.0}, labels={mta_id=ae3834d4d96122b7278fff014e221e64, space_guid=5d8a2d66-1cdf-4f95-ae67-ef9fb5cde8d1}}, credentials=null, serviceInstance=CloudServiceInstance{name=bookscapm-xsuaa-service, metadata=CloudMetadata{guid=651b5a33-914f-4737-b7bd-350a7a9d2a6d, createdAt=2026-08-18T11:45:08, updatedAt=2026-08-18T11:45:08, url=null}, v3Metadata=Metadata{annotations={mta_id=bookscapm, mta_version=1.0.0, mta_resource={"name":"uaa_bookscapm"}}, labels={mta_id=ae3834d4d96122b7278fff014e221e64}}, label=null, plan=null, provider=null, broker=null, version=null, credentials={}, syslogDrainUrl=null, tags=[], type=managed, lastOperation=null}, serviceKeyOperation=null, resourceName=null}]}"#
#2026 08 19 14:48:10.673#Z#DEBUG#fed072e9-9bdc-11f1-b81c-eeee0a948f8f.OPERATION#flowable-async-job-executor-thread-22783#
[BuildCloudUndeployModelStep] New service keys by service "{bookscapm-html5-app-host-service=[bookscapm_html_repo_host-key, bookscapm-app-content-bookscapm_html_repo_host-credentials], bookscapm-destination-service=[bookscapm-destination-content-bookscapm-destination-service-credentials], bookscapm-xsuaa-service=[uaa_bookscapm-key]}"#
#2026 08 19 14:48:10.675#Z#DEBUG#fed072e9-9bdc-11f1-b81c-eeee0a948f8f.OPERATION#flowable-async-job-executor-thread-22783#
[BuildCloudUndeployModelStep] Existing service keys by service "{}"#
#2026 08 19 14:48:10.675#Z#DEBUG#fed072e9-9bdc-11f1-b81c-eeee0a948f8f.OPERATION#flowable-async-job-executor-thread-22783#
[BuildCloudUndeployModelStep] Detected service keys to delete "[]"#
#2026 08 19 14:48:10.679#Z#DEBUG#fed072e9-9bdc-11f1-b81c-eeee0a948f8f.OPERATION#flowable-async-job-executor-thread-22783#
[BuildCloudUndeployModelStep] MTA modules: [bookscapm-srv, bookscapm-app-content, bookscapm-db-deployer, bookscapm-destination-content]#
#2026 08 19 14:48:10.679#Z#DEBUG#fed072e9-9bdc-11f1-b81c-eeee0a948f8f.OPERATION#flowable-async-job-executor-thread-22783#
[BuildCloudUndeployModelStep] Modules to undeploy: [ ]#
#2026 08 19 14:48:10.679#Z#DEBUG#fed072e9-9bdc-11f1-b81c-eeee0a948f8f.OPERATION#flowable-async-job-executor-thread-22783#
[BuildCloudUndeployModelStep] Modules that won't be changed: [ ]#
#2026 08 19 14:48:10.680#Z#DEBUG#fed072e9-9bdc-11f1-b81c-eeee0a948f8f.OPERATION#flowable-async-job-executor-thread-22783#
[BuildCloudUndeployModelStep] Subscriptions to delete: [ ]#
#2026 08 19 14:48:10.682#Z#DEBUG#fed072e9-9bdc-11f1-b81c-eeee0a948f8f.OPERATION#flowable-async-job-executor-thread-22783#
[BuildCloudUndeployModelStep] Cloud services to delete: []#
#2026 08 19 14:48:10.682#Z#DEBUG#fed072e9-9bdc-11f1-b81c-eeee0a948f8f.OPERATION#flowable-async-job-executor-thread-22783#
[BuildCloudUndeployModelStep] Cloud applications to undeploy: [ ]#
#2026 08 19 14:48:10.685#Z#DEBUG#fed072e9-9bdc-11f1-b81c-eeee0a948f8f.OPERATION#flowable-async-job-executor-thread-22783#
[BuildCloudUndeployModelStep] Cloud undeployment model built#
#2026 08 19 14:48:10.685#Z#DEBUG#fed072e9-9bdc-11f1-b81c-eeee0a948f8f.OPERATION#flowable-async-job-executor-thread-22783#
Step "Build Undeploy Model" finished#
#2026 08 19 14:48:10.722#Z#DEBUG#fed072e9-9bdc-11f1-b81c-eeee0a948f8f.OPERATION#flowable-async-job-executor-thread-22784#
[AddDomainsStep] Executing task "addDomainsTask" of process "fed0730f-9bdc-11f1-b81c-eeee0a948f8f"...#
#2026 08 19 14:48:10.725#Z#DEBUG#fed072e9-9bdc-11f1-b81c-eeee0a948f8f.OPERATION#flowable-async-job-executor-thread-22784#
[AddDomainsStep] Custom domains: []#
#2026 08 19 14:48:10.725#Z#DEBUG#fed072e9-9bdc-11f1-b81c-eeee0a948f8f.OPERATION#flowable-async-job-executor-thread-22784#
Step "Add Domains" finished#
#2026 08 19 14:48:10.853#Z#DEBUG#fed072e9-9bdc-11f1-b81c-eeee0a948f8f.OPERATION#flowable-async-job-executor-thread-22784#
[ExtractBatchedServicesWithResolvedDynamicParametersStep] Executing task "prepareModulesDeploymentTask" of process "ff8fcb7f-9bdc-11f1-b81c-eeee0a948f8f"...#
#2026 08 19 14:48:10.854#Z#DEBUG#fed072e9-9bdc-11f1-b81c-eeee0a948f8f.OPERATION#flowable-async-job-executor-thread-22784#
[ExtractBatchedServicesWithResolvedDynamicParametersStep] Extracting services and resolving dynamic parameters from batch#
#2026 08 19 14:48:10.856#Z#DEBUG#fed072e9-9bdc-11f1-b81c-eeee0a948f8f.OPERATION#flowable-async-job-executor-thread-22784#
[ExtractBatchedServicesWithResolvedDynamicParametersStep] Services to create: [ {
  "isOptional" : false,
  "isManaged" : true,
  "name" : "bookscapm-db",
  "v3Metadata" : {
    "annotations" : {
      "mta_id" : "bookscapm",
      "mta_version" : "1.0.0",
      "mta_resource" : "{\"name\":\"bookscapm-db\"}"
    },
    "labels" : {
      "mta_id" : "ae3834d4d96122b7278fff014e221e64"
    }
  },
  "label" : "hana",
  "plan" : "hdi-shared",
  "credentials" : "********",
  "tags" : [ ],
  "type" : "managed",
  "resourceName" : "bookscapm-db",
  "shouldSkipParametersUpdate" : false,
  "shouldSkipPlanUpdate" : false,
  "shouldSkipTagsUpdate" : false,
  "shouldSkipSyslogUrlUpdate" : false
}, {
  "isOptional" : false,
  "isManaged" : true,
  "name" : "bookscapm-destination-service",
  "v3Metadata" : {
    "annotations" : {
      "mta_id" : "bookscapm",
      "mta_version" : "1.0.0",
      "mta_resource" : "{\"name\":\"bookscapm-destination-service\"}"
    },
    "labels" : {
      "mta_id" : "ae3834d4d96122b7278fff014e221e64"
    }
  },
  "label" : "destination",
  "plan" : "lite",
  "credentials" : "********",
  "tags" : [ ],
  "type" : "managed",
  "resourceName" : "bookscapm-destination-service",
  "shouldSkipParametersUpdate" : false,
  "shouldSkipPlanUpdate" : false,
  "shouldSkipTagsUpdate" : false,
  "shouldSkipSyslogUrlUpdate" : false
}, {
  "isOptional" : false,
  "isManaged" : true,
  "name" : "bookscapm-html5-app-host-service",
  "v3Metadata" : {
    "annotations" : {
      "mta_id" : "bookscapm",
      "mta_version" : "1.0.0",
      "mta_resource" : "{\"name\":\"bookscapm_html_repo_host\"}"
    },
    "labels" : {
      "mta_id" : "ae3834d4d96122b7278fff014e221e64"
    }
  },
  "label" : "html5-apps-repo",
  "plan" : "app-host",
  "credentials" : "********",
  "tags" : [ ],
  "type" : "managed",
  "resourceName" : "bookscapm_html_repo_host",
  "shouldSkipParametersUpdate" : false,
  "shouldSkipPlanUpdate" : false,
  "shouldSkipTagsUpdate" : false,
  "shouldSkipSyslogUrlUpdate" : false
}, {
  "isOptional" : false,
  "isManaged" : true,
  "name" : "bookscapm-xsuaa-service",
  "v3Metadata" : {
    "annotations" : {
      "mta_id" : "bookscapm",
      "mta_version" : "1.0.0",
      "mta_resource" : "{\"name\":\"uaa_bookscapm\"}"
    },
    "labels" : {
      "mta_id" : "ae3834d4d96122b7278fff014e221e64"
    }
  },
  "label" : "xsuaa",
  "plan" : "application",
  "credentials" : "********",
  "tags" : [ ],
  "type" : "managed",
  "resourceName" : "uaa_bookscapm",
  "shouldSkipParametersUpdate" : false,
  "shouldSkipPlanUpdate" : false,
  "shouldSkipTagsUpdate" : false,
  "shouldSkipSyslogUrlUpdate" : false
} ]#
#2026 08 19 14:48:10.857#Z#DEBUG#fed072e9-9bdc-11f1-b81c-eeee0a948f8f.OPERATION#flowable-async-job-executor-thread-22784#
Step "Extract Services with Resolved Dynamic parameters from batch" finished#
#2026 08 19 14:48:10.956#Z#DEBUG#fed072e9-9bdc-11f1-b81c-eeee0a948f8f.OPERATION#flowable-async-job-executor-thread-22783#
[CheckServiceOperationStateStep] Executing task "CheckServiceOperationStateTask" of process "ffa28f77-9bdc-11f1-b81c-eeee0a948f8f"...#
#2026 08 19 14:48:10.958#Z#DEBUG#fed072e9-9bdc-11f1-b81c-eeee0a948f8f.OPERATION#flowable-async-job-executor-thread-22783#
[CheckServiceOperationStateStep] Getting service instance "bookscapm-destination-service"...#
#2026 08 19 14:48:11.044#Z#DEBUG#fed072e9-9bdc-11f1-b81c-eeee0a948f8f.OPERATION#flowable-async-job-executor-thread-22783#
Step "Check for service operations in Progress" finished#
#2026 08 19 14:48:11.077#Z#DEBUG#fed072e9-9bdc-11f1-b81c-eeee0a948f8f.OPERATION#flowable-async-job-executor-thread-22788#
[DetermineServiceCreateUpdateServiceActionsStep] Executing task "DetermineServiceCreateUpdateActionsTask" of process "ffa28f77-9bdc-11f1-b81c-eeee0a948f8f"...#
#2026 08 19 14:48:11.080#Z#INFO#fed072e9-9bdc-11f1-b81c-eeee0a948f8f.OPERATION#flowable-async-job-executor-thread-22788#
[DetermineServiceCreateUpdateServiceActionsStep] Processing service "bookscapm-destination-service"...#
#2026 08 19 14:48:11.084#Z#DEBUG#fed072e9-9bdc-11f1-b81c-eeee0a948f8f.OPERATION#flowable-async-job-executor-thread-22788#
[DetermineServiceCreateUpdateServiceActionsStep] Getting service instance "bookscapm-destination-service"...#
#2026 08 19 14:48:11.185#Z#DEBUG#fed072e9-9bdc-11f1-b81c-eeee0a948f8f.OPERATION#flowable-async-job-executor-thread-22788#
[DetermineServiceCreateUpdateServiceActionsStep] Existing service: {
  "name" : "bookscapm-destination-service",
  "metadata" : {
    "guid" : "ada22074-722e-4d7d-a5b7-329c9f3a1527",
    "createdAt" : [ 2026, 8, 18, 11, 45, 3 ],
    "updatedAt" : [ 2026, 8, 18, 11, 45, 6 ]
  },
  "v3Metadata" : {
    "annotations" : {
      "mta_id" : "bookscapm",
      "mta_version" : "1.0.0",
      "mta_resource" : "{\"name\":\"bookscapm-destination-service\"}"
    },
    "labels" : {
      "mta_id" : "ae3834d4d96122b7278fff014e221e64"
    }
  },
  "label" : "destination",
  "plan" : "lite",
  "credentials" : "********",
  "tags" : [ ],
  "type" : "managed",
  "lastOperation" : {
    "type" : "UPDATE",
    "description" : "",
    "state" : "SUCCEEDED"
  }
}#
#2026 08 19 14:48:11.186#Z#DEBUG#fed072e9-9bdc-11f1-b81c-eeee0a948f8f.OPERATION#flowable-async-job-executor-thread-22788#
[DetermineServiceCreateUpdateServiceActionsStep] Service parameters will be updated#
#2026 08 19 14:48:11.186#Z#DEBUG#fed072e9-9bdc-11f1-b81c-eeee0a948f8f.OPERATION#flowable-async-job-executor-thread-22788#
[DetermineServiceCreateUpdateServiceActionsStep] New parameters: {
  "HTML5Runtime_enabled" : true,
  "init_data" : {
    "instance" : {
      "destinations" : [ {
        "Authentication" : "********",
        "Name" : "ui5",
        "ProxyType" : "Internet",
        "Type" : "HTTP",
        "URL" : "https://ui5.sap.com"
      }, {
        "Authentication" : "********",
        "HTML5.DynamicDestination" : true,
        "HTML5.ForwardAuthToken" : "********",
        "Name" : "srv-api",
        "ProxyType" : "Internet",
        "Type" : "HTTP",
        "URL" : "https://1fb9e48dtrial-dev-bookscapm-srv.cfapps.us10-001.hana.ondemand.com"
      } ],
      "existing_destinations_policy" : "update"
    }
  },
  "version" : "1.0.0"
}#
#2026 08 19 14:48:11.186#Z#DEBUG#fed072e9-9bdc-11f1-b81c-eeee0a948f8f.OPERATION#flowable-async-job-executor-thread-22788#
Step "Determine update actions" finished#
#2026 08 19 14:48:11.232#Z#DEBUG#fed072e9-9bdc-11f1-b81c-eeee0a948f8f.OPERATION#flowable-async-job-executor-thread-22787#
[CheckForServiceBindingOrKeyOperationStep] Executing task "CheckForServiceBindingOrKeyCreation" of process "ffa28f77-9bdc-11f1-b81c-eeee0a948f8f"...#
#2026 08 19 14:48:11.234#Z#DEBUG#fed072e9-9bdc-11f1-b81c-eeee0a948f8f.OPERATION#flowable-async-job-executor-thread-22787#
Step "Check for service binding or key creation" finished#
#2026 08 19 14:48:11.115#Z#DEBUG#fed072e9-9bdc-11f1-b81c-eeee0a948f8f.OPERATION#flowable-async-job-executor-thread-22785#
[CheckServiceOperationStateStep] Executing task "CheckServiceOperationStateTask" of process "ffbb6edd-9bdc-11f1-b81c-eeee0a948f8f"...#
#2026 08 19 14:48:11.116#Z#DEBUG#fed072e9-9bdc-11f1-b81c-eeee0a948f8f.OPERATION#flowable-async-job-executor-thread-22785#
[CheckServiceOperationStateStep] Getting service instance "bookscapm-db"...#
#2026 08 19 14:48:11.236#Z#DEBUG#fed072e9-9bdc-11f1-b81c-eeee0a948f8f.OPERATION#flowable-async-job-executor-thread-22785#
Step "Check for service operations in Progress" finished#
#2026 08 19 14:48:11.264#Z#DEBUG#fed072e9-9bdc-11f1-b81c-eeee0a948f8f.OPERATION#flowable-async-job-executor-thread-22785#
[DetermineServiceCreateUpdateServiceActionsStep] Executing task "DetermineServiceCreateUpdateActionsTask" of process "ffbb6edd-9bdc-11f1-b81c-eeee0a948f8f"...#
#2026 08 19 14:48:11.265#Z#INFO#fed072e9-9bdc-11f1-b81c-eeee0a948f8f.OPERATION#flowable-async-job-executor-thread-22785#
[DetermineServiceCreateUpdateServiceActionsStep] Processing service "bookscapm-db"...#
#2026 08 19 14:48:11.270#Z#DEBUG#fed072e9-9bdc-11f1-b81c-eeee0a948f8f.OPERATION#flowable-async-job-executor-thread-22785#
[DetermineServiceCreateUpdateServiceActionsStep] Getting service instance "bookscapm-db"...#
#2026 08 19 14:48:11.370#Z#DEBUG#fed072e9-9bdc-11f1-b81c-eeee0a948f8f.OPERATION#flowable-async-job-executor-thread-22785#
[DetermineServiceCreateUpdateServiceActionsStep] Existing service: {
  "name" : "bookscapm-db",
  "metadata" : {
    "guid" : "24df4fe9-e67b-4d75-a6ed-b547dc8c357e",
    "createdAt" : [ 2026, 8, 18, 11, 45, 5 ],
    "updatedAt" : [ 2026, 8, 18, 11, 45, 5 ]
  },
  "v3Metadata" : {
    "annotations" : {
      "mta_id" : "bookscapm",
      "mta_version" : "1.0.0",
      "mta_resource" : "{\"name\":\"bookscapm-db\"}"
    },
    "labels" : {
      "mta_id" : "ae3834d4d96122b7278fff014e221e64"
    }
  },
  "label" : "hana",
  "plan" : "hdi-shared",
  "credentials" : "********",
  "tags" : [ ],
  "type" : "managed",
  "lastOperation" : {
    "type" : "CREATE",
    "state" : "SUCCEEDED"
  }
}#
#2026 08 19 14:48:11.370#Z#WARN#fed072e9-9bdc-11f1-b81c-eeee0a948f8f.OPERATION#flowable-async-job-executor-thread-22785#
[DetermineServiceCreateUpdateServiceActionsStep] Service parameters for service "bookscapm-db" will not be updated, as the parameters are not defined or empty.#
#2026 08 19 14:48:11.370#Z#DEBUG#fed072e9-9bdc-11f1-b81c-eeee0a948f8f.OPERATION#flowable-async-job-executor-thread-22785#
Step "Determine update actions" finished#
#2026 08 19 14:48:11.278#Z#DEBUG#fed072e9-9bdc-11f1-b81c-eeee0a948f8f.OPERATION#flowable-async-job-executor-thread-22783#
[UpdateServiceParametersStep] Executing task "UpdateServiceParametersTask" of process "ffa28f77-9bdc-11f1-b81c-eeee0a948f8f"...#
#2026 08 19 14:48:11.282#Z#INFO#fed072e9-9bdc-11f1-b81c-eeee0a948f8f.OPERATION#flowable-async-job-executor-thread-22783#
[UpdateServiceParametersStep] Updating service "bookscapm-destination-service"...#
#2026 08 19 14:48:11.287#Z#DEBUG#fed072e9-9bdc-11f1-b81c-eeee0a948f8f.OPERATION#flowable-async-job-executor-thread-22783#
[UpdateServiceParametersStep] Updating service parameters for service "bookscapm-destination-service"...#
#2026 08 19 14:48:11.391#Z#DEBUG#fed072e9-9bdc-11f1-b81c-eeee0a948f8f.OPERATION#flowable-async-job-executor-thread-22783#
[UpdateServiceParametersStep] Service "bookscapm-destination-service" updated#
#2026 08 19 14:48:11.391#Z#DEBUG#fed072e9-9bdc-11f1-b81c-eeee0a948f8f.OPERATION#flowable-async-job-executor-thread-22783#
[UpdateServiceParametersStep] Triggered service operations: {
  "bookscapm-destination-service" : "UPDATE"
}#
#2026 08 19 14:48:11.392#Z#DEBUG#fed072e9-9bdc-11f1-b81c-eeee0a948f8f.OPERATION#flowable-async-job-executor-thread-22783#
Step "Update parameters" finished#
#2026 08 19 14:48:11.409#Z#DEBUG#fed072e9-9bdc-11f1-b81c-eeee0a948f8f.OPERATION#flowable-async-job-executor-thread-22785#
[CheckForServiceBindingOrKeyOperationStep] Executing task "CheckForServiceBindingOrKeyCreation" of process "ffbb6edd-9bdc-11f1-b81c-eeee0a948f8f"...#
#2026 08 19 14:48:11.411#Z#DEBUG#fed072e9-9bdc-11f1-b81c-eeee0a948f8f.OPERATION#flowable-async-job-executor-thread-22785#
Step "Check for service binding or key creation" finished#
#2026 08 19 14:48:11.230#Z#DEBUG#fed072e9-9bdc-11f1-b81c-eeee0a948f8f.OPERATION#flowable-async-job-executor-thread-22120#
[CheckServiceOperationStateStep] Executing task "CheckServiceOperationStateTask" of process "ffcc37f2-9bdc-11f1-b06d-eeee0a9f1b5e"...#
#2026 08 19 14:48:11.302#Z#DEBUG#fed072e9-9bdc-11f1-b81c-eeee0a948f8f.OPERATION#flowable-async-job-executor-thread-22120#
[CheckServiceOperationStateStep] Getting service instance "bookscapm-html5-app-host-service"...#
#2026 08 19 14:48:11.423#Z#DEBUG#fed072e9-9bdc-11f1-b81c-eeee0a948f8f.OPERATION#flowable-async-job-executor-thread-22120#
Step "Check for service operations in Progress" finished#
#2026 08 19 14:48:11.455#Z#DEBUG#fed072e9-9bdc-11f1-b81c-eeee0a948f8f.OPERATION#flowable-async-job-executor-thread-22121#
[DetermineServiceCreateUpdateServiceActionsStep] Executing task "DetermineServiceCreateUpdateActionsTask" of process "ffcc37f2-9bdc-11f1-b06d-eeee0a9f1b5e"...#
#2026 08 19 14:48:11.457#Z#INFO#fed072e9-9bdc-11f1-b81c-eeee0a948f8f.OPERATION#flowable-async-job-executor-thread-22121#
[DetermineServiceCreateUpdateServiceActionsStep] Processing service "bookscapm-html5-app-host-service"...#
#2026 08 19 14:48:11.461#Z#DEBUG#fed072e9-9bdc-11f1-b81c-eeee0a948f8f.OPERATION#flowable-async-job-executor-thread-22121#
[DetermineServiceCreateUpdateServiceActionsStep] Getting service instance "bookscapm-html5-app-host-service"...#
#2026 08 19 14:48:11.573#Z#DEBUG#fed072e9-9bdc-11f1-b81c-eeee0a948f8f.OPERATION#flowable-async-job-executor-thread-22121#
[DetermineServiceCreateUpdateServiceActionsStep] Existing service: {
  "name" : "bookscapm-html5-app-host-service",
  "metadata" : {
    "guid" : "1353e206-1f91-44f8-988a-5b94ddd57c3d",
    "createdAt" : [ 2026, 8, 18, 11, 45, 5 ],
    "updatedAt" : [ 2026, 8, 18, 11, 45, 6 ]
  },
  "v3Metadata" : {
    "annotations" : {
      "mta_id" : "bookscapm",
      "mta_version" : "1.0.0",
      "mta_resource" : "{\"name\":\"bookscapm_html_repo_host\"}"
    },
    "labels" : {
      "mta_id" : "ae3834d4d96122b7278fff014e221e64"
    }
  },
  "label" : "html5-apps-repo",
  "plan" : "app-host",
  "credentials" : "********",
  "tags" : [ ],
  "type" : "managed",
  "lastOperation" : {
    "type" : "CREATE",
    "description" : "",
    "state" : "SUCCEEDED"
  }
}#
#2026 08 19 14:48:11.573#Z#WARN#fed072e9-9bdc-11f1-b81c-eeee0a948f8f.OPERATION#flowable-async-job-executor-thread-22121#
[DetermineServiceCreateUpdateServiceActionsStep] Service parameters for service "bookscapm-html5-app-host-service" will not be updated, as the parameters are not defined or empty.#
#2026 08 19 14:48:11.573#Z#DEBUG#fed072e9-9bdc-11f1-b81c-eeee0a948f8f.OPERATION#flowable-async-job-executor-thread-22121#
Step "Determine update actions" finished#
#2026 08 19 14:48:11.618#Z#DEBUG#fed072e9-9bdc-11f1-b81c-eeee0a948f8f.OPERATION#flowable-async-job-executor-thread-22122#
[CheckForServiceBindingOrKeyOperationStep] Executing task "CheckForServiceBindingOrKeyCreation" of process "ffcc37f2-9bdc-11f1-b06d-eeee0a9f1b5e"...#
#2026 08 19 14:48:11.620#Z#DEBUG#fed072e9-9bdc-11f1-b81c-eeee0a948f8f.OPERATION#flowable-async-job-executor-thread-22122#
Step "Check for service binding or key creation" finished#
#2026 08 19 14:48:14.151#Z#DEBUG#fed072e9-9bdc-11f1-b81c-eeee0a948f8f.OPERATION#flowable-async-job-executor-thread-19397#
[CheckServiceOperationStateStep] Executing task "CheckServiceOperationStateTask" of process "0188186c-9bdd-11f1-82d4-eeee0a815ff2"...#
#2026 08 19 14:48:14.222#Z#DEBUG#fed072e9-9bdc-11f1-b81c-eeee0a948f8f.OPERATION#flowable-async-job-executor-thread-19397#
[CheckServiceOperationStateStep] Getting service instance "bookscapm-xsuaa-service"...#
#2026 08 19 14:48:14.352#Z#DEBUG#fed072e9-9bdc-11f1-b81c-eeee0a948f8f.OPERATION#flowable-async-job-executor-thread-19397#
Step "Check for service operations in Progress" finished#
#2026 08 19 14:48:14.384#Z#DEBUG#fed072e9-9bdc-11f1-b81c-eeee0a948f8f.OPERATION#flowable-async-job-executor-thread-19397#
[DetermineServiceCreateUpdateServiceActionsStep] Executing task "DetermineServiceCreateUpdateActionsTask" of process "0188186c-9bdd-11f1-82d4-eeee0a815ff2"...#
#2026 08 19 14:48:14.386#Z#INFO#fed072e9-9bdc-11f1-b81c-eeee0a948f8f.OPERATION#flowable-async-job-executor-thread-19397#
[DetermineServiceCreateUpdateServiceActionsStep] Processing service "bookscapm-xsuaa-service"...#
#2026 08 19 14:48:14.392#Z#DEBUG#fed072e9-9bdc-11f1-b81c-eeee0a948f8f.OPERATION#flowable-async-job-executor-thread-19397#
[DetermineServiceCreateUpdateServiceActionsStep] Getting service instance "bookscapm-xsuaa-service"...#
#2026 08 19 14:48:14.507#Z#INFO#fed072e9-9bdc-11f1-b81c-eeee0a948f8f.OPERATION#flowable-async-job-executor-thread-19397#
[DetermineServiceCreateUpdateServiceActionsStep] Setting service "bookscapm-xsuaa-service" parameters from "xs-security.json"#
#2026 08 19 14:48:14.572#Z#DEBUG#fed072e9-9bdc-11f1-b81c-eeee0a948f8f.OPERATION#flowable-async-job-executor-thread-19397#
[DetermineServiceCreateUpdateServiceActionsStep] Existing service: {
  "name" : "bookscapm-xsuaa-service",
  "metadata" : {
    "guid" : "651b5a33-914f-4737-b7bd-350a7a9d2a6d",
    "createdAt" : [ 2026, 8, 18, 11, 45, 8 ],
    "updatedAt" : [ 2026, 8, 18, 11, 45, 8 ]
  },
  "v3Metadata" : {
    "annotations" : {
      "mta_id" : "bookscapm",
      "mta_version" : "1.0.0",
      "mta_resource" : "{\"name\":\"uaa_bookscapm\"}"
    },
    "labels" : {
      "mta_id" : "ae3834d4d96122b7278fff014e221e64"
    }
  },
  "label" : "xsuaa",
  "plan" : "application",
  "credentials" : "********",
  "tags" : [ ],
  "type" : "managed",
  "lastOperation" : {
    "type" : "UPDATE",
    "description" : "",
    "state" : "SUCCEEDED"
  }
}#
#2026 08 19 14:48:14.572#Z#DEBUG#fed072e9-9bdc-11f1-b81c-eeee0a948f8f.OPERATION#flowable-async-job-executor-thread-19397#
[DetermineServiceCreateUpdateServiceActionsStep] Service parameters will be updated#
#2026 08 19 14:48:14.572#Z#DEBUG#fed072e9-9bdc-11f1-b81c-eeee0a948f8f.OPERATION#flowable-async-job-executor-thread-19397#
[DetermineServiceCreateUpdateServiceActionsStep] New parameters: {
  "attributes" : [ {
    "name" : "booksAgeGroup",
    "description" : "booksAgeGroup",
    "valueType" : "s",
    "valueRequired" : false
  } ],
  "description" : "Security profile of called application",
  "role-collections" : [ {
    "name" : "AdminRoleCollection",
    "description" : "Role Collection for Admin",
    "role-template-references" : "$XSAPPNAME.Admin"
  }, {
    "name" : "KidsRoleCollection",
    "description" : "Role Collection for Kids",
    "role-template-references" : "$XSAPPNAME.Kids"
  } ],
  "role-templates" : [ {
    "name" : "********",
    "description" : "UAA",
    "scope-references" : [ "********" ]
  }, {
    "name" : "Admin",
    "description" : "Admin",
    "scope-references" : [ "$XSAPPNAME.Admin" ]
  }, {
    "name" : "Kids",
    "description" : "Kids",
    "attribute-references" : [ {
      "name" : "booksAgeGroup"
    } ],
    "scope-references" : [ "$XSAPPNAME.Kids" ]
  } ],
  "scopes" : [ {
    "name" : "********",
    "description" : "UAA"
  }, {
    "name" : "$XSAPPNAME.Admin",
    "description" : "Admin"
  }, {
    "name" : "$XSAPPNAME.Kids",
    "description" : "Kids"
  } ],
  "tenant-mode" : "dedicated",
  "xsappname" : "bookscapm"
}#
#2026 08 19 14:48:14.572#Z#DEBUG#fed072e9-9bdc-11f1-b81c-eeee0a948f8f.OPERATION#flowable-async-job-executor-thread-19397#
Step "Determine update actions" finished#
#2026 08 19 14:48:14.616#Z#DEBUG#fed072e9-9bdc-11f1-b81c-eeee0a948f8f.OPERATION#flowable-async-job-executor-thread-19397#
[CheckForServiceBindingOrKeyOperationStep] Executing task "CheckForServiceBindingOrKeyCreation" of process "0188186c-9bdd-11f1-82d4-eeee0a815ff2"...#
#2026 08 19 14:48:14.617#Z#DEBUG#fed072e9-9bdc-11f1-b81c-eeee0a948f8f.OPERATION#flowable-async-job-executor-thread-19397#
Step "Check for service binding or key creation" finished#
#2026 08 19 14:48:14.658#Z#DEBUG#fed072e9-9bdc-11f1-b81c-eeee0a948f8f.OPERATION#flowable-async-job-executor-thread-19397#
[UpdateServiceParametersStep] Executing task "UpdateServiceParametersTask" of process "0188186c-9bdd-11f1-82d4-eeee0a815ff2"...#
#2026 08 19 14:48:14.661#Z#INFO#fed072e9-9bdc-11f1-b81c-eeee0a948f8f.OPERATION#flowable-async-job-executor-thread-19397#
[UpdateServiceParametersStep] Updating service "bookscapm-xsuaa-service"...#
#2026 08 19 14:48:14.667#Z#DEBUG#fed072e9-9bdc-11f1-b81c-eeee0a948f8f.OPERATION#flowable-async-job-executor-thread-19397#
[UpdateServiceParametersStep] Updating service parameters for service "bookscapm-xsuaa-service"...#
#2026 08 19 14:48:14.752#Z#DEBUG#fed072e9-9bdc-11f1-b81c-eeee0a948f8f.OPERATION#flowable-async-job-executor-thread-19397#
[UpdateServiceParametersStep] Service "bookscapm-xsuaa-service" updated#
#2026 08 19 14:48:14.752#Z#DEBUG#fed072e9-9bdc-11f1-b81c-eeee0a948f8f.OPERATION#flowable-async-job-executor-thread-19397#
[UpdateServiceParametersStep] Triggered service operations: {
  "bookscapm-xsuaa-service" : "UPDATE"
}#
#2026 08 19 14:48:14.753#Z#DEBUG#fed072e9-9bdc-11f1-b81c-eeee0a948f8f.OPERATION#flowable-async-job-executor-thread-19397#
Step "Update parameters" finished#
#2026 08 19 14:48:24.257#Z#DEBUG#fed072e9-9bdc-11f1-b81c-eeee0a948f8f.OPERATION#flowable-async-job-executor-thread-22132#
[UpdateServiceParametersStep] Executing task "UpdateServiceParametersTask" of process "ffa28f77-9bdc-11f1-b81c-eeee0a948f8f"...#
#2026 08 19 14:48:24.259#Z#DEBUG#fed072e9-9bdc-11f1-b81c-eeee0a948f8f.OPERATION#flowable-async-job-executor-thread-22131#
[UpdateServiceParametersStep] Executing task "UpdateServiceParametersTask" of process "0188186c-9bdd-11f1-82d4-eeee0a815ff2"...#
#2026 08 19 14:48:24.261#Z#DEBUG#fed072e9-9bdc-11f1-b81c-eeee0a948f8f.OPERATION#flowable-async-job-executor-thread-22131#
[UpdateServiceParametersStep] Polling service operations...#
#2026 08 19 14:48:24.261#Z#DEBUG#fed072e9-9bdc-11f1-b81c-eeee0a948f8f.OPERATION#flowable-async-job-executor-thread-22132#
[UpdateServiceParametersStep] Polling service operations...#
#2026 08 19 14:48:24.265#Z#DEBUG#fed072e9-9bdc-11f1-b81c-eeee0a948f8f.OPERATION#flowable-async-job-executor-thread-22132#
[UpdateServiceParametersStep] Getting service instance "bookscapm-destination-service"...#
#2026 08 19 14:48:24.265#Z#DEBUG#fed072e9-9bdc-11f1-b81c-eeee0a948f8f.OPERATION#flowable-async-job-executor-thread-22131#
[UpdateServiceParametersStep] Getting service instance "bookscapm-xsuaa-service"...#
#2026 08 19 14:48:24.361#Z#DEBUG#fed072e9-9bdc-11f1-b81c-eeee0a948f8f.OPERATION#flowable-async-job-executor-thread-22132#
[UpdateServiceParametersStep] Last operation for service "bookscapm-destination-service": {
  "type" : "UPDATE",
  "description" : "",
  "state" : "SUCCEEDED"
}#
#2026 08 19 14:48:24.361#Z#DEBUG#fed072e9-9bdc-11f1-b81c-eeee0a948f8f.OPERATION#flowable-async-job-executor-thread-22132#
[UpdateServiceParametersStep] Service "bookscapm-destination-service" updated#
#2026 08 19 14:48:24.361#Z#INFO#fed072e9-9bdc-11f1-b81c-eeee0a948f8f.OPERATION#flowable-async-job-executor-thread-22132#
[UpdateServiceParametersStep] 1 of 1 done#
#2026 08 19 14:48:24.367#Z#DEBUG#fed072e9-9bdc-11f1-b81c-eeee0a948f8f.OPERATION#flowable-async-job-executor-thread-22132#
[UpdateServiceParametersStep] Remaining services to poll: [ ]#
#2026 08 19 14:48:24.368#Z#DEBUG#fed072e9-9bdc-11f1-b81c-eeee0a948f8f.OPERATION#flowable-async-job-executor-thread-22132#
Step "Update parameters" finished#
#2026 08 19 14:48:24.370#Z#WARN#fed072e9-9bdc-11f1-b81c-eeee0a948f8f.OPERATION#flowable-async-job-executor-thread-22131#
[UpdateServiceParametersStep] Updating service "bookscapm-xsuaa-service" failed: Error updating application bookscapm!t693671 (Error parsing xs-security.json data: Cannot construct instance of `java.util.ArrayList` (although at least one Creator exists): no String-argument constructor/factory method to deserialize from String value ('$XSAPPNAME.Admin')
 at [Source: UNKNOWN; byte offset: #UNKNOWN] (through reference chain: com.sap.xs2.security.uaa.provisioning.authorization.dto.SecurityJsonInput["role-collections"]->java.util.ArrayList[0]->com.sap.xs2.security.dto.authorization.RoleCollectionBlueprint["role-template-references"]))#
#2026 08 19 14:48:24.377#Z#DEBUG#fed072e9-9bdc-11f1-b81c-eeee0a948f8f.OPERATION#flowable-async-job-executor-thread-22131#
[UpdateServiceParametersStep] Last operation for service "bookscapm-xsuaa-service": {
  "type" : "UPDATE",
  "description" : "Error updating application bookscapm!t693671 (Error parsing xs-security.json data: Cannot construct instance of `java.util.ArrayList` (although at least one Creator exists): no String-argument constructor/factory method to deserialize from String value ('$XSAPPNAME.Admin')\n at [Source: UNKNOWN; byte offset: #UNKNOWN] (through reference chain: com.sap.xs2.security.uaa.provisioning.authorization.dto.SecurityJsonInput[\"role-collections\"]->java.util.ArrayList[0]->com.sap.xs2.security.dto.authorization.RoleCollectionBlueprint[\"role-template-references\"]))",
  "state" : "SUCCEEDED"
}#
#2026 08 19 14:48:24.377#Z#DEBUG#fed072e9-9bdc-11f1-b81c-eeee0a948f8f.OPERATION#flowable-async-job-executor-thread-22131#
[UpdateServiceParametersStep] Service "bookscapm-xsuaa-service" updated#
#2026 08 19 14:48:24.377#Z#INFO#fed072e9-9bdc-11f1-b81c-eeee0a948f8f.OPERATION#flowable-async-job-executor-thread-22131#
[UpdateServiceParametersStep] 1 of 1 done#
#2026 08 19 14:48:24.384#Z#DEBUG#fed072e9-9bdc-11f1-b81c-eeee0a948f8f.OPERATION#flowable-async-job-executor-thread-22131#
[UpdateServiceParametersStep] Remaining services to poll: [ ]#
#2026 08 19 14:48:24.386#Z#DEBUG#fed072e9-9bdc-11f1-b81c-eeee0a948f8f.OPERATION#flowable-async-job-executor-thread-22131#
Step "Update parameters" finished#
#2026 08 19 14:48:26.389#Z#DEBUG#fed072e9-9bdc-11f1-b81c-eeee0a948f8f.OPERATION#flowable-async-job-executor-thread-19414#
[PrepareModulesDeploymentStep] Executing task "prepareModulesDeploymentTask" of process "08cfa74b-9bdd-11f1-82d4-eeee0a815ff2"...#
#2026 08 19 14:48:26.390#Z#DEBUG#fed072e9-9bdc-11f1-b81c-eeee0a948f8f.OPERATION#flowable-async-job-executor-thread-19414#
[PrepareModulesDeploymentStep] Preparing modules deployment...#
#2026 08 19 14:48:26.395#Z#DEBUG#fed072e9-9bdc-11f1-b81c-eeee0a948f8f.OPERATION#flowable-async-job-executor-thread-19414#
Step "Prepare Modules Deployment" finished#
#2026 08 19 14:48:26.433#Z#DEBUG#fed072e9-9bdc-11f1-b81c-eeee0a948f8f.OPERATION#flowable-async-job-executor-thread-19414#
[ComputeNextModulesStep] Executing task "computeNextModulesToDeployInParallel" of process "08cfa74b-9bdd-11f1-82d4-eeee0a815ff2"...#
#2026 08 19 14:48:26.434#Z#DEBUG#fed072e9-9bdc-11f1-b81c-eeee0a948f8f.OPERATION#flowable-async-job-executor-thread-19414#
[ComputeNextModulesStep] Computing modules for next parallel iteration...#
#2026 08 19 14:48:26.438#Z#DEBUG#fed072e9-9bdc-11f1-b81c-eeee0a948f8f.OPERATION#flowable-async-job-executor-thread-19414#
[ComputeNextModulesStep] Completed modules detected: []#
#2026 08 19 14:48:26.438#Z#DEBUG#fed072e9-9bdc-11f1-b81c-eeee0a948f8f.OPERATION#flowable-async-job-executor-thread-19414#
[ComputeNextModulesStep] All modules for deploy detected: [bookscapm-srv, bookscapm-app-content, bookscapm-db-deployer, bookscapm-destination-content]#
#2026 08 19 14:48:26.438#Z#DEBUG#fed072e9-9bdc-11f1-b81c-eeee0a948f8f.OPERATION#flowable-async-job-executor-thread-19414#
[ComputeNextModulesStep] Modules not for deploy detected: []#
#2026 08 19 14:48:26.438#Z#DEBUG#fed072e9-9bdc-11f1-b81c-eeee0a948f8f.OPERATION#flowable-async-job-executor-thread-19414#
[ComputeNextModulesStep] Computed modules for next parallel iteration: [ {
  "majorSchemaVersion" : 3,
  "name" : "bookscapm-srv",
  "type" : "javascript.nodejs",
  "path" : "bookscapm-srv",
  "properties" : { },
  "parameters" : {
    "app-name" : "bookscapm-srv",
    "buildpack" : "nodejs_buildpack",
    "default-app-name" : "bookscapm-srv",
    "default-host" : "1fb9e48dtrial-dev-bookscapm-srv",
    "default-instances" : 1,
    "default-live-app-name" : "bookscapm-srv",
    "default-live-domain" : "cfapps.us10-001.hana.ondemand.com",
    "default-live-host" : "1fb9e48dtrial-dev-bookscapm-srv",
    "default-live-uri" : "1fb9e48dtrial-dev-bookscapm-srv.cfapps.us10-001.hana.ondemand.com",
    "default-live-url" : "https://1fb9e48dtrial-dev-bookscapm-srv.cfapps.us10-001.hana.ondemand.com",
    "default-uri" : "1fb9e48dtrial-dev-bookscapm-srv.cfapps.us10-001.hana.ondemand.com",
    "default-url" : "https://1fb9e48dtrial-dev-bookscapm-srv.cfapps.us10-001.hana.ondemand.com",
    "dependency-type" : "soft",
    "domain" : "cfapps.us10-001.hana.ondemand.com",
    "generated-password" : "********",
    "generated-user" : "********",
    "host" : "1fb9e48dtrial-dev-bookscapm-srv",
    "instances" : 1,
    "protocol" : "https"
  },
  "requiredDependencies" : [ {
    "majorSchemaVersion" : 3,
    "name" : "bookscapm-db",
    "properties" : { },
    "parameters" : { },
    "propertiesMetadata" : {
      "metadata" : { }
    },
    "parametersMetadata" : {
      "metadata" : { }
    }
  }, {
    "majorSchemaVersion" : 3,
    "name" : "uaa_bookscapm",
    "properties" : { },
    "parameters" : { },
    "propertiesMetadata" : {
      "metadata" : { }
    },
    "parametersMetadata" : {
      "metadata" : { }
    }
  } ],
  "providedDependencies" : [ {
    "majorSchemaVersion" : 3,
    "name" : "srv-api",
    "isPublic" : false,
    "properties" : {
      "srv-url" : "https://1fb9e48dtrial-dev-bookscapm-srv.cfapps.us10-001.hana.ondemand.com"
    },
    "parameters" : { },
    "propertiesMetadata" : {
      "metadata" : { }
    },
    "parametersMetadata" : {
      "metadata" : { }
    }
  }, {
    "majorSchemaVersion" : 3,
    "name" : "bookscapm-srv",
    "isPublic" : false,
    "properties" : { },
    "parameters" : { },
    "propertiesMetadata" : {
      "metadata" : { }
    },
    "parametersMetadata" : {
      "metadata" : { }
    }
  } ],
  "propertiesMetadata" : {
    "metadata" : { }
  },
  "parametersMetadata" : {
    "metadata" : { }
  },
  "deployedAfter" : [ ],
  "hooks" : [ ]
}, {
  "majorSchemaVersion" : 3,
  "name" : "bookscapm-db-deployer",
  "type" : "com.sap.xs.hdi",
  "path" : "bookscapm-db-deployer",
  "properties" : {
    "EXIT" : 1
  },
  "parameters" : {
    "app-name" : "bookscapm-db-deployer",
    "buildpack" : "nodejs_buildpack",
    "default-app-name" : "bookscapm-db-deployer",
    "default-host" : "1fb9e48dtrial-dev-bookscapm-db-deployer",
    "default-instances" : 1,
    "default-live-app-name" : "bookscapm-db-deployer",
    "default-live-domain" : "cfapps.us10-001.hana.ondemand.com",
    "default-live-host" : "1fb9e48dtrial-dev-bookscapm-db-deployer",
    "default-live-uri" : "1fb9e48dtrial-dev-bookscapm-db-deployer.cfapps.us10-001.hana.ondemand.com",
    "default-live-url" : "https://1fb9e48dtrial-dev-bookscapm-db-deployer.cfapps.us10-001.hana.ondemand.com",
    "default-uri" : "1fb9e48dtrial-dev-bookscapm-db-deployer.cfapps.us10-001.hana.ondemand.com",
    "default-url" : "https://1fb9e48dtrial-dev-bookscapm-db-deployer.cfapps.us10-001.hana.ondemand.com",
    "dependency-type" : "hard",
    "domain" : "cfapps.us10-001.hana.ondemand.com",
    "generated-password" : "********",
    "generated-user" : "********",
    "host" : "1fb9e48dtrial-dev-bookscapm-db-deployer",
    "instances" : 1,
    "memory" : "256M",
    "no-route" : true,
    "no-start" : true,
    "protocol" : "https",
    "tasks" : [ {
      "command" : "npm start",
      "memory" : "256M",
      "name" : "deploy"
    } ]
  },
  "requiredDependencies" : [ {
    "majorSchemaVersion" : 3,
    "name" : "bookscapm-db",
    "properties" : { },
    "parameters" : { },
    "propertiesMetadata" : {
      "metadata" : { }
    },
    "parametersMetadata" : {
      "metadata" : { }
    }
  } ],
  "providedDependencies" : [ {
    "majorSchemaVersion" : 3,
    "name" : "bookscapm-db-deployer",
    "isPublic" : false,
    "properties" : { },
    "parameters" : { },
    "propertiesMetadata" : {
      "metadata" : { }
    },
    "parametersMetadata" : {
      "metadata" : { }
    }
  } ],
  "propertiesMetadata" : {
    "metadata" : { }
  },
  "parametersMetadata" : {
    "metadata" : { }
  },
  "deployedAfter" : [ ],
  "hooks" : [ ]
}, {
  "majorSchemaVersion" : 3,
  "name" : "bookscapm-destination-content",
  "type" : "com.sap.application.content",
  "properties" : { },
  "parameters" : {
    "app-name" : "bookscapm-destination-content",
    "content" : {
      "instance" : {
        "destinations" : [ {
          "Name" : "bookscapmapplicationrouter_bookscapm_html_repo_host",
          "ServiceInstanceName" : "bookscapm-html5-app-host-service",
          "ServiceKeyName" : "********",
          "sap.cloud.service" : "bookscapmapplicationrouter"
        }, {
          "Authentication" : "********",
          "Name" : "bookscapmapplicationrouter_uaa_bookscapm",
          "ServiceInstanceName" : "bookscapm-xsuaa-service",
          "ServiceKeyName" : "********",
          "sap.cloud.service" : "bookscapmapplicationrouter"
        } ],
        "existing_destinations_policy" : "ignore"
      }
    },
    "default-app-name" : "bookscapm-destination-content",
    "default-host" : "1fb9e48dtrial-dev-bookscapm-destination-content",
    "default-instances" : 1,
    "default-live-app-name" : "bookscapm-destination-content",
    "default-live-domain" : "cfapps.us10-001.hana.ondemand.com",
    "default-live-host" : "1fb9e48dtrial-dev-bookscapm-destination-content",
    "default-live-uri" : "1fb9e48dtrial-dev-bookscapm-destination-content.cfapps.us10-001.hana.ondemand.com",
    "default-live-url" : "https://1fb9e48dtrial-dev-bookscapm-destination-content.cfapps.us10-001.hana.ondemand.com",
    "default-uri" : "1fb9e48dtrial-dev-bookscapm-destination-content.cfapps.us10-001.hana.ondemand.com",
    "default-url" : "https://1fb9e48dtrial-dev-bookscapm-destination-content.cfapps.us10-001.hana.ondemand.com",
    "dependency-type" : "soft",
    "domain" : "cfapps.us10-001.hana.ondemand.com",
    "generated-password" : "********",
    "generated-user" : "********",
    "host" : "1fb9e48dtrial-dev-bookscapm-destination-content",
    "instances" : 1,
    "protocol" : "https"
  },
  "requiredDependencies" : [ {
    "majorSchemaVersion" : 3,
    "name" : "bookscapm-destination-service",
    "properties" : { },
    "parameters" : {
      "content-target" : true
    },
    "propertiesMetadata" : {
      "metadata" : { }
    },
    "parametersMetadata" : {
      "metadata" : { }
    }
  }, {
    "majorSchemaVersion" : 3,
    "name" : "bookscapm_html_repo_host",
    "properties" : { },
    "parameters" : {
      "service-key" : "********"
    },
    "propertiesMetadata" : {
      "metadata" : { }
    },
    "parametersMetadata" : {
      "metadata" : { }
    }
  }, {
    "majorSchemaVersion" : 3,
    "name" : "uaa_bookscapm",
    "properties" : { },
    "parameters" : {
      "service-key" : "********"
    },
    "propertiesMetadata" : {
      "metadata" : { }
    },
    "parametersMetadata" : {
      "metadata" : { }
    }
  } ],
  "providedDependencies" : [ {
    "majorSchemaVersion" : 3,
    "name" : "bookscapm-destination-content",
    "isPublic" : false,
    "properties" : { },
    "parameters" : { },
    "propertiesMetadata" : {
      "metadata" : { }
    },
    "parametersMetadata" : {
      "metadata" : { }
    }
  } ],
  "propertiesMetadata" : {
    "metadata" : { }
  },
  "parametersMetadata" : {
    "metadata" : { }
  },
  "deployedAfter" : [ ],
  "hooks" : [ ]
}, {
  "majorSchemaVersion" : 3,
  "name" : "bookscapm-app-content",
  "type" : "com.sap.application.content",
  "path" : "bookscapm-app-content",
  "properties" : { },
  "parameters" : {
    "app-name" : "bookscapm-app-content",
    "default-app-name" : "bookscapm-app-content",
    "default-host" : "1fb9e48dtrial-dev-bookscapm-app-content",
    "default-instances" : 1,
    "default-live-app-name" : "bookscapm-app-content",
    "default-live-domain" : "cfapps.us10-001.hana.ondemand.com",
    "default-live-host" : "1fb9e48dtrial-dev-bookscapm-app-content",
    "default-live-uri" : "1fb9e48dtrial-dev-bookscapm-app-content.cfapps.us10-001.hana.ondemand.com",
    "default-live-url" : "https://1fb9e48dtrial-dev-bookscapm-app-content.cfapps.us10-001.hana.ondemand.com",
    "default-uri" : "1fb9e48dtrial-dev-bookscapm-app-content.cfapps.us10-001.hana.ondemand.com",
    "default-url" : "https://1fb9e48dtrial-dev-bookscapm-app-content.cfapps.us10-001.hana.ondemand.com",
    "dependency-type" : "soft",
    "domain" : "cfapps.us10-001.hana.ondemand.com",
    "generated-password" : "********",
    "generated-user" : "********",
    "host" : "1fb9e48dtrial-dev-bookscapm-app-content",
    "instances" : 1,
    "protocol" : "https"
  },
  "requiredDependencies" : [ {
    "majorSchemaVersion" : 3,
    "name" : "bookscapm_html_repo_host",
    "properties" : { },
    "parameters" : {
      "content-target" : true
    },
    "propertiesMetadata" : {
      "metadata" : { }
    },
    "parametersMetadata" : {
      "metadata" : { }
    }
  } ],
  "providedDependencies" : [ {
    "majorSchemaVersion" : 3,
    "name" : "bookscapm-app-content",
    "isPublic" : false,
    "properties" : { },
    "parameters" : { },
    "propertiesMetadata" : {
      "metadata" : { }
    },
    "parametersMetadata" : {
      "metadata" : { }
    }
  } ],
  "propertiesMetadata" : {
    "metadata" : { }
  },
  "parametersMetadata" : {
    "metadata" : { }
  },
  "deployedAfter" : [ ],
  "hooks" : [ ]
} ]#
#2026 08 19 14:48:26.438#Z#DEBUG#fed072e9-9bdc-11f1-b81c-eeee0a948f8f.OPERATION#flowable-async-job-executor-thread-19414#
Step "Compute Next Modules To Deploy" finished#
#2026 08 19 14:48:26.618#Z#DEBUG#fed072e9-9bdc-11f1-b81c-eeee0a948f8f.OPERATION#flowable-async-job-executor-thread-19408#
[ProcessDescriptorStep] Executing task "reprocessDescriptorTask" of process "08f3829f-9bdd-11f1-82d4-eeee0a815ff2"...#
#2026 08 19 14:48:26.619#Z#DEBUG#fed072e9-9bdc-11f1-b81c-eeee0a948f8f.OPERATION#flowable-async-job-executor-thread-19408#
[ProcessDescriptorStep] Resolving properties and parameters in merged descriptor...#
#2026 08 19 14:48:26.624#Z#DEBUG#fed072e9-9bdc-11f1-b81c-eeee0a948f8f.OPERATION#flowable-async-job-executor-thread-19408#
[ProcessDescriptorStep] Subscriptions: [ ]#
#2026 08 19 14:48:26.634#Z#DEBUG#fed072e9-9bdc-11f1-b81c-eeee0a948f8f.OPERATION#flowable-async-job-executor-thread-19408#
[ProcessDescriptorStep] MTA modules: [bookscapm-srv, bookscapm-app-content, bookscapm-db-deployer, bookscapm-destination-content]#
#2026 08 19 14:48:26.638#Z#DEBUG#fed072e9-9bdc-11f1-b81c-eeee0a948f8f.OPERATION#flowable-async-job-executor-thread-19408#
[ProcessDescriptorStep] Resolved deployment descriptor: {
  "majorSchemaVersion" : 3,
  "schemaVersion" : "3.3.0",
  "id" : "bookscapm",
  "version" : "1.0.0",
  "modules" : [ {
    "majorSchemaVersion" : 3,
    "name" : "bookscapm-srv",
    "type" : "javascript.nodejs",
    "path" : "bookscapm-srv",
    "properties" : { },
    "parameters" : {
      "default-url" : "https://1fb9e48dtrial-dev-bookscapm-srv.cfapps.us10-001.hana.ondemand.com",
      "default-app-name" : "bookscapm-srv",
      "generated-password" : "********",
      "default-live-url" : "https://1fb9e48dtrial-dev-bookscapm-srv.cfapps.us10-001.hana.ondemand.com",
      "default-uri" : "1fb9e48dtrial-dev-bookscapm-srv.cfapps.us10-001.hana.ondemand.com",
      "default-instances" : 1,
      "default-live-host" : "1fb9e48dtrial-dev-bookscapm-srv",
      "instances" : 1,
      "buildpack" : "nodejs_buildpack",
      "default-host" : "1fb9e48dtrial-dev-bookscapm-srv",
      "app-name" : "bookscapm-srv",
      "default-live-uri" : "1fb9e48dtrial-dev-bookscapm-srv.cfapps.us10-001.hana.ondemand.com",
      "protocol" : "https",
      "default-live-app-name" : "bookscapm-srv",
      "default-live-domain" : "cfapps.us10-001.hana.ondemand.com",
      "domain" : "cfapps.us10-001.hana.ondemand.com",
      "host" : "1fb9e48dtrial-dev-bookscapm-srv",
      "generated-user" : "********"
    },
    "requiredDependencies" : [ {
      "majorSchemaVersion" : 3,
      "name" : "bookscapm-db",
      "properties" : { },
      "parameters" : { },
      "propertiesMetadata" : {
        "metadata" : { }
      },
      "parametersMetadata" : {
        "metadata" : { }
      }
    }, {
      "majorSchemaVersion" : 3,
      "name" : "uaa_bookscapm",
      "properties" : { },
      "parameters" : { },
      "propertiesMetadata" : {
        "metadata" : { }
      },
      "parametersMetadata" : {
        "metadata" : { }
      }
    } ],
    "providedDependencies" : [ {
      "majorSchemaVersion" : 3,
      "name" : "srv-api",
      "isPublic" : false,
      "properties" : {
        "srv-url" : "https://1fb9e48dtrial-dev-bookscapm-srv.cfapps.us10-001.hana.ondemand.com"
      },
      "parameters" : { },
      "propertiesMetadata" : {
        "metadata" : { }
      },
      "parametersMetadata" : {
        "metadata" : { }
      }
    }, {
      "majorSchemaVersion" : 3,
      "name" : "bookscapm-srv",
      "isPublic" : false,
      "properties" : { },
      "parameters" : { },
      "propertiesMetadata" : {
        "metadata" : { }
      },
      "parametersMetadata" : {
        "metadata" : { }
      }
    } ],
    "propertiesMetadata" : {
      "metadata" : { }
    },
    "parametersMetadata" : {
      "metadata" : { }
    },
    "hooks" : [ ]
  }, {
    "majorSchemaVersion" : 3,
    "name" : "bookscapm-db-deployer",
    "type" : "com.sap.xs.hdi",
    "path" : "bookscapm-db-deployer",
    "properties" : {
      "EXIT" : 1
    },
    "parameters" : {
      "default-url" : "https://1fb9e48dtrial-dev-bookscapm-db-deployer.cfapps.us10-001.hana.ondemand.com",
      "default-app-name" : "bookscapm-db-deployer",
      "generated-password" : "********",
      "default-live-url" : "https://1fb9e48dtrial-dev-bookscapm-db-deployer.cfapps.us10-001.hana.ondemand.com",
      "default-uri" : "1fb9e48dtrial-dev-bookscapm-db-deployer.cfapps.us10-001.hana.ondemand.com",
      "memory" : "256M",
      "default-instances" : 1,
      "no-route" : true,
      "default-live-host" : "1fb9e48dtrial-dev-bookscapm-db-deployer",
      "instances" : 1,
      "buildpack" : "nodejs_buildpack",
      "default-host" : "1fb9e48dtrial-dev-bookscapm-db-deployer",
      "app-name" : "bookscapm-db-deployer",
      "default-live-uri" : "1fb9e48dtrial-dev-bookscapm-db-deployer.cfapps.us10-001.hana.ondemand.com",
      "protocol" : "https",
      "default-live-app-name" : "bookscapm-db-deployer",
      "default-live-domain" : "cfapps.us10-001.hana.ondemand.com",
      "dependency-type" : "hard",
      "domain" : "cfapps.us10-001.hana.ondemand.com",
      "host" : "1fb9e48dtrial-dev-bookscapm-db-deployer",
      "generated-user" : "********",
      "tasks" : [ {
        "command" : "npm start",
        "memory" : "256M",
        "name" : "deploy"
      } ],
      "no-start" : true
    },
    "requiredDependencies" : [ {
      "majorSchemaVersion" : 3,
      "name" : "bookscapm-db",
      "properties" : { },
      "parameters" : { },
      "propertiesMetadata" : {
        "metadata" : { }
      },
      "parametersMetadata" : {
        "metadata" : { }
      }
    } ],
    "providedDependencies" : [ {
      "majorSchemaVersion" : 3,
      "name" : "bookscapm-db-deployer",
      "isPublic" : false,
      "properties" : { },
      "parameters" : { },
      "propertiesMetadata" : {
        "metadata" : { }
      },
      "parametersMetadata" : {
        "metadata" : { }
      }
    } ],
    "propertiesMetadata" : {
      "metadata" : { }
    },
    "parametersMetadata" : {
      "metadata" : { }
    },
    "hooks" : [ ]
  }, {
    "majorSchemaVersion" : 3,
    "name" : "bookscapm-destination-content",
    "type" : "com.sap.application.content",
    "properties" : { },
    "parameters" : {
      "default-url" : "https://1fb9e48dtrial-dev-bookscapm-destination-content.cfapps.us10-001.hana.ondemand.com",
      "default-app-name" : "bookscapm-destination-content",
      "generated-password" : "********",
      "default-live-url" : "https://1fb9e48dtrial-dev-bookscapm-destination-content.cfapps.us10-001.hana.ondemand.com",
      "default-uri" : "1fb9e48dtrial-dev-bookscapm-destination-content.cfapps.us10-001.hana.ondemand.com",
      "default-instances" : 1,
      "default-live-host" : "1fb9e48dtrial-dev-bookscapm-destination-content",
      "instances" : 1,
      "default-host" : "1fb9e48dtrial-dev-bookscapm-destination-content",
      "content" : {
        "instance" : {
          "destinations" : [ {
            "Name" : "bookscapmapplicationrouter_bookscapm_html_repo_host",
            "ServiceInstanceName" : "bookscapm-html5-app-host-service",
            "ServiceKeyName" : "********",
            "sap.cloud.service" : "bookscapmapplicationrouter"
          }, {
            "Authentication" : "********",
            "Name" : "bookscapmapplicationrouter_uaa_bookscapm",
            "ServiceInstanceName" : "bookscapm-xsuaa-service",
            "ServiceKeyName" : "********",
            "sap.cloud.service" : "bookscapmapplicationrouter"
          } ],
          "existing_destinations_policy" : "ignore"
        }
      },
      "app-name" : "bookscapm-destination-content",
      "default-live-uri" : "1fb9e48dtrial-dev-bookscapm-destination-content.cfapps.us10-001.hana.ondemand.com",
      "protocol" : "https",
      "default-live-app-name" : "bookscapm-destination-content",
      "default-live-domain" : "cfapps.us10-001.hana.ondemand.com",
      "domain" : "cfapps.us10-001.hana.ondemand.com",
      "host" : "1fb9e48dtrial-dev-bookscapm-destination-content",
      "generated-user" : "********"
    },
    "requiredDependencies" : [ {
      "majorSchemaVersion" : 3,
      "name" : "bookscapm-destination-service",
      "properties" : { },
      "parameters" : {
        "content-target" : true
      },
      "propertiesMetadata" : {
        "metadata" : { }
      },
      "parametersMetadata" : {
        "metadata" : { }
      }
    }, {
      "majorSchemaVersion" : 3,
      "name" : "bookscapm_html_repo_host",
      "properties" : { },
      "parameters" : {
        "service-key" : "********"
      },
      "propertiesMetadata" : {
        "metadata" : { }
      },
      "parametersMetadata" : {
        "metadata" : { }
      }
    }, {
      "majorSchemaVersion" : 3,
      "name" : "uaa_bookscapm",
      "properties" : { },
      "parameters" : {
        "service-key" : "********"
      },
      "propertiesMetadata" : {
        "metadata" : { }
      },
      "parametersMetadata" : {
        "metadata" : { }
      }
    } ],
    "providedDependencies" : [ {
      "majorSchemaVersion" : 3,
      "name" : "bookscapm-destination-content",
      "isPublic" : false,
      "properties" : { },
      "parameters" : { },
      "propertiesMetadata" : {
        "metadata" : { }
      },
      "parametersMetadata" : {
        "metadata" : { }
      }
    } ],
    "propertiesMetadata" : {
      "metadata" : { }
    },
    "parametersMetadata" : {
      "metadata" : { }
    },
    "hooks" : [ ]
  }, {
    "majorSchemaVersion" : 3,
    "name" : "bookscapm-app-content",
    "type" : "com.sap.application.content",
    "path" : "bookscapm-app-content",
    "properties" : { },
    "parameters" : {
      "default-url" : "https://1fb9e48dtrial-dev-bookscapm-app-content.cfapps.us10-001.hana.ondemand.com",
      "default-app-name" : "bookscapm-app-content",
      "generated-password" : "********",
      "default-live-url" : "https://1fb9e48dtrial-dev-bookscapm-app-content.cfapps.us10-001.hana.ondemand.com",
      "default-uri" : "1fb9e48dtrial-dev-bookscapm-app-content.cfapps.us10-001.hana.ondemand.com",
      "default-instances" : 1,
      "default-live-host" : "1fb9e48dtrial-dev-bookscapm-app-content",
      "instances" : 1,
      "default-host" : "1fb9e48dtrial-dev-bookscapm-app-content",
      "app-name" : "bookscapm-app-content",
      "default-live-uri" : "1fb9e48dtrial-dev-bookscapm-app-content.cfapps.us10-001.hana.ondemand.com",
      "protocol" : "https",
      "default-live-app-name" : "bookscapm-app-content",
      "default-live-domain" : "cfapps.us10-001.hana.ondemand.com",
      "domain" : "cfapps.us10-001.hana.ondemand.com",
      "host" : "1fb9e48dtrial-dev-bookscapm-app-content",
      "generated-user" : "********"
    },
    "requiredDependencies" : [ {
      "majorSchemaVersion" : 3,
      "name" : "bookscapm_html_repo_host",
      "properties" : { },
      "parameters" : {
        "content-target" : true
      },
      "propertiesMetadata" : {
        "metadata" : { }
      },
      "parametersMetadata" : {
        "metadata" : { }
      }
    } ],
    "providedDependencies" : [ {
      "majorSchemaVersion" : 3,
      "name" : "bookscapm-app-content",
      "isPublic" : false,
      "properties" : { },
      "parameters" : { },
      "propertiesMetadata" : {
        "metadata" : { }
      },
      "parametersMetadata" : {
        "metadata" : { }
      }
    } ],
    "propertiesMetadata" : {
      "metadata" : { }
    },
    "parametersMetadata" : {
      "metadata" : { }
    },
    "hooks" : [ ]
  } ],
  "resources" : [ {
    "majorSchemaVersion" : 3,
    "name" : "bookscapm-db",
    "type" : "com.sap.xs.hdi-container",
    "properties" : { },
    "parameters" : {
      "generated-password" : "********",
      "service-name" : "bookscapm-db",
      "service-plan" : "hdi-shared",
      "service" : "hana",
      "generated-user" : "********",
      "default-xsappname" : "bookscapm-db",
      "type" : "managed-service",
      "default-service-name" : "bookscapm-db",
      "default-container-name" : "1FB9E48DTRIAL_DEV_BOOKSCAPM_DB"
    },
    "isActive" : true,
    "isOptional" : false,
    "propertiesMetadata" : {
      "metadata" : { }
    },
    "parametersMetadata" : {
      "metadata" : { }
    },
    "requiredDependencies" : [ ],
    "processedAfter" : [ ]
  }, {
    "majorSchemaVersion" : 3,
    "name" : "bookscapm-destination-service",
    "type" : "org.cloudfoundry.managed-service",
    "properties" : { },
    "parameters" : {
      "generated-password" : "********",
      "service-name" : "bookscapm-destination-service",
      "service-plan" : "lite",
      "service" : "destination",
      "generated-user" : "********",
      "default-xsappname" : "bookscapm-destination-service",
      "type" : "managed-service",
      "config" : {
        "HTML5Runtime_enabled" : true,
        "init_data" : {
          "instance" : {
            "destinations" : [ {
              "Authentication" : "********",
              "Name" : "ui5",
              "ProxyType" : "Internet",
              "Type" : "HTTP",
              "URL" : "https://ui5.sap.com"
            }, {
              "Authentication" : "********",
              "HTML5.DynamicDestination" : true,
              "HTML5.ForwardAuthToken" : "********",
              "Name" : "srv-api",
              "ProxyType" : "Internet",
              "Type" : "HTTP",
              "URL" : "https://1fb9e48dtrial-dev-bookscapm-srv.cfapps.us10-001.hana.ondemand.com"
            } ],
            "existing_destinations_policy" : "update"
          }
        },
        "version" : "1.0.0"
      },
      "default-service-name" : "bookscapm-destination-service",
      "default-container-name" : "1FB9E48DTRIAL_DEV_BOOKSCAPM_DESTINATION_SERVICE"
    },
    "isActive" : true,
    "isOptional" : false,
    "propertiesMetadata" : {
      "metadata" : { }
    },
    "parametersMetadata" : {
      "metadata" : { }
    },
    "requiredDependencies" : [ {
      "majorSchemaVersion" : 3,
      "name" : "srv-api",
      "properties" : { },
      "parameters" : { },
      "propertiesMetadata" : {
        "metadata" : { }
      },
      "parametersMetadata" : {
        "metadata" : { }
      }
    } ],
    "processedAfter" : [ ]
  }, {
    "majorSchemaVersion" : 3,
    "name" : "bookscapm_html_repo_host",
    "type" : "org.cloudfoundry.managed-service",
    "properties" : { },
    "parameters" : {
      "generated-password" : "********",
      "service-name" : "bookscapm-html5-app-host-service",
      "service-plan" : "app-host",
      "service" : "html5-apps-repo",
      "generated-user" : "********",
      "default-xsappname" : "bookscapm_html_repo_host",
      "type" : "managed-service",
      "default-service-name" : "bookscapm_html_repo_host",
      "default-container-name" : "1FB9E48DTRIAL_DEV_BOOKSCAPM_HTML_REPO_HOST"
    },
    "isActive" : true,
    "isOptional" : false,
    "propertiesMetadata" : {
      "metadata" : { }
    },
    "parametersMetadata" : {
      "metadata" : { }
    },
    "requiredDependencies" : [ ],
    "processedAfter" : [ ]
  }, {
    "majorSchemaVersion" : 3,
    "name" : "uaa_bookscapm",
    "type" : "org.cloudfoundry.managed-service",
    "properties" : { },
    "parameters" : {
      "generated-password" : "********",
      "path" : "./xs-security.json",
      "service-name" : "bookscapm-xsuaa-service",
      "service-plan" : "application",
      "service" : "xsuaa",
      "generated-user" : "********",
      "default-xsappname" : "uaa_bookscapm",
      "type" : "managed-service",
      "default-service-name" : "uaa_bookscapm",
      "default-container-name" : "1FB9E48DTRIAL_DEV_UAA_BOOKSCAPM"
    },
    "isActive" : true,
    "isOptional" : false,
    "propertiesMetadata" : {
      "metadata" : { }
    },
    "parametersMetadata" : {
      "metadata" : { }
    },
    "requiredDependencies" : [ ],
    "processedAfter" : [ ]
  } ],
  "parameters" : {
    "deploy_mode" : "html5-repo",
    "mta-id" : "bookscapm",
    "authorization-url" : "********",
    "org-guid" : "8ca7719c-a1c5-4100-832b-9bfcd0e73c43",
    "org" : "1fb9e48dtrial",
    "deploy-target" : "1fb9e48dtrial dev",
    "enable-parallel-deployments" : true,
    "region-primary-domain" : "us10.hana.ondemand.com",
    "space" : "dev",
    "region-domain" : "us10-001.hana.ondemand.com",
    "xs-api-url" : "https://api.cf.us10-001.hana.ondemand.com",
    "deploy-url" : "deploy-service.cfapps.us10-001.hana.ondemand.com",
    "xs-type" : "CF",
    "default-domain" : "cfapps.us10-001.hana.ondemand.com",
    "mta-version" : "1.0.0",
    "xs-auth-url" : "********",
    "space-guid" : "5d8a2d66-1cdf-4f95-ae67-ef9fb5cde8d1",
    "user" : "********",
    "controller-url" : "https://api.cf.us10-001.hana.ondemand.com",
    "timestamp" : "20260819144809"
  },
  "parametersMetadata" : {
    "metadata" : { }
  }
}#
#2026 08 19 14:48:26.638#Z#DEBUG#fed072e9-9bdc-11f1-b81c-eeee0a948f8f.OPERATION#flowable-async-job-executor-thread-19408#
[ProcessDescriptorStep] Merged descriptor properties and parameters resolved#
#2026 08 19 14:48:26.638#Z#DEBUG#fed072e9-9bdc-11f1-b81c-eeee0a948f8f.OPERATION#flowable-async-job-executor-thread-19408#
Step "Re-Process Descriptor Step" finished#
#2026 08 19 14:48:26.674#Z#DEBUG#fed072e9-9bdc-11f1-b81c-eeee0a948f8f.OPERATION#flowable-async-job-executor-thread-19408#
[BuildApplicationDeployModelStep] Executing task "buildApplicationDeployModelTask" of process "08f3829f-9bdd-11f1-82d4-eeee0a815ff2"...#
#2026 08 19 14:48:26.677#Z#DEBUG#fed072e9-9bdc-11f1-b81c-eeee0a948f8f.OPERATION#flowable-async-job-executor-thread-19408#
[BuildApplicationDeployModelStep] Building cloud deployment model for application "bookscapm-db-deployer"...#
#2026 08 19 14:48:26.683#Z#DEBUG#fed072e9-9bdc-11f1-b81c-eeee0a948f8f.OPERATION#flowable-async-job-executor-thread-19408#
[BuildApplicationDeployModelStep] No health-check-type is specified. Setting default type: port#
#2026 08 19 14:48:26.684#Z#INFO#fed072e9-9bdc-11f1-b81c-eeee0a948f8f.OPERATION#flowable-async-job-executor-thread-19408#
[BuildApplicationDeployModelStep] Building configuration entries for org 1fb9e48dtrial, space dev, spaceId 5d8a2d66-1cdf-4f95-ae67-ef9fb5cde8d1 and namespace null!#
#2026 08 19 14:48:26.685#Z#DEBUG#fed072e9-9bdc-11f1-b81c-eeee0a948f8f.OPERATION#flowable-async-job-executor-thread-19408#
[BuildApplicationDeployModelStep] Configuration entries to publish: [ ]#
#2026 08 19 14:48:26.685#Z#DEBUG#fed072e9-9bdc-11f1-b81c-eeee0a948f8f.OPERATION#flowable-async-job-executor-thread-19408#
[BuildApplicationDeployModelStep] Cloud deployment model for application built#
#2026 08 19 14:48:26.685#Z#DEBUG#fed072e9-9bdc-11f1-b81c-eeee0a948f8f.OPERATION#flowable-async-job-executor-thread-19408#
Step "Build Application Deploy Model" finished#
#2026 08 19 14:48:26.727#Z#DEBUG#fed072e9-9bdc-11f1-b81c-eeee0a948f8f.OPERATION#flowable-async-job-executor-thread-19408#
[CreateOrUpdateAppStep] Executing task "createAppTask" of process "08f3829f-9bdd-11f1-82d4-eeee0a815ff2"...#
#2026 08 19 14:48:26.729#Z#DEBUG#fed072e9-9bdc-11f1-b81c-eeee0a948f8f.OPERATION#flowable-async-job-executor-thread-19408#
[CreateOrUpdateAppStep] Getting application "bookscapm-db-deployer"...#
#2026 08 19 14:48:26.760#Z#INFO#fed072e9-9bdc-11f1-b81c-eeee0a948f8f.OPERATION#flowable-async-job-executor-thread-19408#
[CreateOrUpdateAppStep] Updating application "bookscapm-db-deployer"...#
#2026 08 19 14:48:26.766#Z#DEBUG#fed072e9-9bdc-11f1-b81c-eeee0a948f8f.OPERATION#flowable-async-job-executor-thread-19408#
[CreateOrUpdateAppStep] Getting process for application "eed2b67a-83f4-424b-8876-9856be729ff6"...#
#2026 08 19 14:48:26.796#Z#DEBUG#fed072e9-9bdc-11f1-b81c-eeee0a948f8f.OPERATION#flowable-async-job-executor-thread-19408#
[CreateOrUpdateAppStep] Getting routes for application "eed2b67a-83f4-424b-8876-9856be729ff6"...#
#2026 08 19 14:48:26.829#Z#DEBUG#fed072e9-9bdc-11f1-b81c-eeee0a948f8f.OPERATION#flowable-async-job-executor-thread-19408#
[CreateOrUpdateAppStep] Getting features for application "eed2b67a-83f4-424b-8876-9856be729ff6"#
#2026 08 19 14:48:26.850#Z#DEBUG#fed072e9-9bdc-11f1-b81c-eeee0a948f8f.OPERATION#flowable-async-job-executor-thread-19408#
[CreateOrUpdateAppStep] Updating staging of application "bookscapm-db-deployer" to: {
  "buildpacks" : [ "nodejs_buildpack" ],
  "healthCheckType" : "port",
  "appFeatures" : { }
}#
#2026 08 19 14:48:27.044#Z#DEBUG#fed072e9-9bdc-11f1-b81c-eeee0a948f8f.OPERATION#flowable-async-job-executor-thread-19408#
[CreateOrUpdateAppStep] Application "bookscapm-db-deployer" updated#
#2026 08 19 14:48:27.044#Z#DEBUG#fed072e9-9bdc-11f1-b81c-eeee0a948f8f.OPERATION#flowable-async-job-executor-thread-19408#
[CreateOrUpdateAppStep] Getting environment of application "eed2b67a-83f4-424b-8876-9856be729ff6"...#
#2026 08 19 14:48:27.120#Z#DEBUG#fed072e9-9bdc-11f1-b81c-eeee0a948f8f.OPERATION#flowable-async-job-executor-thread-19408#
[CreateOrUpdateAppStep] Application "bookscapm-db-deployer" updated#
#2026 08 19 14:48:27.120#Z#DEBUG#fed072e9-9bdc-11f1-b81c-eeee0a948f8f.OPERATION#flowable-async-job-executor-thread-19408#
Step "Create App" finished#
#2026 08 19 14:48:27.220#Z#DEBUG#fed072e9-9bdc-11f1-b81c-eeee0a948f8f.OPERATION#flowable-async-job-executor-thread-19408#
[CheckServiceBindingOperationStep] Executing task "checkForServiceBindingOperationInProgress" of process "0953f290-9bdd-11f1-82d4-eeee0a815ff2"...#
#2026 08 19 14:48:27.221#Z#DEBUG#fed072e9-9bdc-11f1-b81c-eeee0a948f8f.OPERATION#flowable-async-job-executor-thread-19408#
[CheckServiceBindingOperationStep] Checking for service binding operation in progress between app "bookscapm-db-deployer" and service instance "bookscapm-db"#
#2026 08 19 14:48:27.222#Z#DEBUG#fed072e9-9bdc-11f1-b81c-eeee0a948f8f.OPERATION#flowable-async-job-executor-thread-19408#
[CheckServiceBindingOperationStep] Getting application guid "bookscapm-db-deployer"...#
#2026 08 19 14:48:27.248#Z#DEBUG#fed072e9-9bdc-11f1-b81c-eeee0a948f8f.OPERATION#flowable-async-job-executor-thread-19408#
[CheckServiceBindingOperationStep] Getting GUID of required service instance "bookscapm-db"...#
#2026 08 19 14:48:27.280#Z#DEBUG#fed072e9-9bdc-11f1-b81c-eeee0a948f8f.OPERATION#flowable-async-job-executor-thread-19408#
[CheckServiceBindingOperationStep] Getting binding of service instance "24df4fe9-e67b-4d75-a6ed-b547dc8c357e" with application "eed2b67a-83f4-424b-8876-9856be729ff6"...#
#2026 08 19 14:48:27.313#Z#DEBUG#fed072e9-9bdc-11f1-b81c-eeee0a948f8f.OPERATION#flowable-async-job-executor-thread-19408#
[CheckServiceBindingOperationStep] Service binding operation "5af6aaab-bbec-4e44-a6ce-6388379a37a6" with type "create" is in state "succeeded"#
#2026 08 19 14:48:27.313#Z#DEBUG#fed072e9-9bdc-11f1-b81c-eeee0a948f8f.OPERATION#flowable-async-job-executor-thread-19408#
Step "Check For Service Binding Operation In Progress" finished#
#2026 08 19 14:48:27.346#Z#DEBUG#fed072e9-9bdc-11f1-b81c-eeee0a948f8f.OPERATION#flowable-async-job-executor-thread-19408#
[DetermineApplicationServiceBindingActionsStep] Executing task "determineApplicationServiceBindingActionsTask" of process "0953f290-9bdd-11f1-82d4-eeee0a815ff2"...#
#2026 08 19 14:48:27.348#Z#DEBUG#fed072e9-9bdc-11f1-b81c-eeee0a948f8f.OPERATION#flowable-async-job-executor-thread-19408#
[DetermineApplicationServiceBindingActionsStep] Determine bind/unbind operations of application "bookscapm-db-deployer" to service instance "bookscapm-db"#
#2026 08 19 14:48:27.348#Z#DEBUG#fed072e9-9bdc-11f1-b81c-eeee0a948f8f.OPERATION#flowable-async-job-executor-thread-19408#
[DetermineApplicationServiceBindingActionsStep] Getting application "bookscapm-db-deployer"...#
#2026 08 19 14:48:27.381#Z#DEBUG#fed072e9-9bdc-11f1-b81c-eeee0a948f8f.OPERATION#flowable-async-job-executor-thread-19408#
[DetermineApplicationServiceBindingActionsStep] Binding parameters for application "bookscapm-db-deployer": { }#
#2026 08 19 14:48:27.411#Z#DEBUG#fed072e9-9bdc-11f1-b81c-eeee0a948f8f.OPERATION#flowable-async-job-executor-thread-19408#
[DetermineApplicationServiceBindingActionsStep] Check should rebind application "bookscapm-db-deployer" and service instance "bookscapm-db"#
#2026 08 19 14:48:27.411#Z#DEBUG#fed072e9-9bdc-11f1-b81c-eeee0a948f8f.OPERATION#flowable-async-job-executor-thread-19408#
[DetermineApplicationServiceBindingActionsStep] Getting GUID of required service instance "bookscapm-db"...#
#2026 08 19 14:48:27.443#Z#DEBUG#fed072e9-9bdc-11f1-b81c-eeee0a948f8f.OPERATION#flowable-async-job-executor-thread-19408#
[DetermineApplicationServiceBindingActionsStep] Getting binding of service instance "24df4fe9-e67b-4d75-a6ed-b547dc8c357e" with application "eed2b67a-83f4-424b-8876-9856be729ff6"...#
#2026 08 19 14:48:27.478#Z#DEBUG#fed072e9-9bdc-11f1-b81c-eeee0a948f8f.OPERATION#flowable-async-job-executor-thread-19408#
[DetermineApplicationServiceBindingActionsStep] Getting parameters of service binding "5af6aaab-bbec-4e44-a6ce-6388379a37a6"...#
#2026 08 19 14:48:27.787#Z#INFO#fed072e9-9bdc-11f1-b81c-eeee0a948f8f.OPERATION#flowable-async-job-executor-thread-19408#
[DetermineApplicationServiceBindingActionsStep] Service instance "bookscapm-db" will not be rebound to application "bookscapm-db-deployer" because the binding parameters are not modified#
#2026 08 19 14:48:27.792#Z#DEBUG#fed072e9-9bdc-11f1-b81c-eeee0a948f8f.OPERATION#flowable-async-job-executor-thread-19408#
[DetermineApplicationServiceBindingActionsStep] Calculated binding operations between application "bookscapm-db-deployer" and service instance "bookscapm-db": unbind - false bind - false#
#2026 08 19 14:48:27.792#Z#DEBUG#fed072e9-9bdc-11f1-b81c-eeee0a948f8f.OPERATION#flowable-async-job-executor-thread-19408#
Step "Determine Application Service Binding Actions" finished#
#2026 08 19 14:48:27.920#Z#DEBUG#fed072e9-9bdc-11f1-b81c-eeee0a948f8f.OPERATION#flowable-async-job-executor-thread-19408#
[DetermineVcapServicesPropertiesChangedStep] Executing task "determineVcapServicesPropertiesChangedTask" of process "09bd88f1-9bdd-11f1-82d4-eeee0a815ff2"...#
#2026 08 19 14:48:27.922#Z#DEBUG#fed072e9-9bdc-11f1-b81c-eeee0a948f8f.OPERATION#flowable-async-job-executor-thread-19408#
[DetermineVcapServicesPropertiesChangedStep] VCAP_SERVICES properties for application "bookscapm-db-deployer" changed: false#
#2026 08 19 14:48:27.922#Z#DEBUG#fed072e9-9bdc-11f1-b81c-eeee0a948f8f.OPERATION#flowable-async-job-executor-thread-19408#
Step "Determine vcap services properties changed" finished#
#2026 08 19 14:48:27.953#Z#DEBUG#fed072e9-9bdc-11f1-b81c-eeee0a948f8f.OPERATION#flowable-async-job-executor-thread-19408#
[UploadAppStep] Executing task "uploadAppTask" of process "09bd88f1-9bdd-11f1-82d4-eeee0a815ff2"...#
#2026 08 19 14:48:27.955#Z#DEBUG#fed072e9-9bdc-11f1-b81c-eeee0a948f8f.OPERATION#flowable-async-job-executor-thread-19408#
[UploadAppStep] Application upload timeout is default one: 3,600 seconds#
#2026 08 19 14:48:27.956#Z#INFO#fed072e9-9bdc-11f1-b81c-eeee0a948f8f.OPERATION#flowable-async-job-executor-thread-19408#
[UploadAppStep] Uploading application "bookscapm-db-deployer"...#
#2026 08 19 14:48:27.961#Z#DEBUG#fed072e9-9bdc-11f1-b81c-eeee0a948f8f.OPERATION#flowable-async-job-executor-thread-19408#
[UploadAppStep] Getting application "bookscapm-db-deployer"...#
#2026 08 19 14:48:27.985#Z#DEBUG#fed072e9-9bdc-11f1-b81c-eeee0a948f8f.OPERATION#flowable-async-job-executor-thread-19408#
[UploadAppStep] Getting environment of application "eed2b67a-83f4-424b-8876-9856be729ff6"...#
#2026 08 19 14:48:28.024#Z#INFO#fed072e9-9bdc-11f1-b81c-eeee0a948f8f.OPERATION#flowable-async-job-executor-thread-19408#
[UploadAppStep] Calculating application digest: "bookscapm-db-deployer"#
#2026 08 19 14:48:28.122#Z#DEBUG#fed072e9-9bdc-11f1-b81c-eeee0a948f8f.OPERATION#flowable-async-job-executor-thread-19408#
Step "Upload App" finished#
#2026 08 19 14:48:29.282#Z#DEBUG#fed072e9-9bdc-11f1-b81c-eeee0a948f8f.OPERATION#flowable-async-job-executor-thread-19415#
[ProcessDescriptorStep] Executing task "reprocessDescriptorTask" of process "0a8a2876-9bdd-11f1-82d4-eeee0a815ff2"...#
#2026 08 19 14:48:29.283#Z#DEBUG#fed072e9-9bdc-11f1-b81c-eeee0a948f8f.OPERATION#flowable-async-job-executor-thread-19415#
[ProcessDescriptorStep] Resolving properties and parameters in merged descriptor...#
#2026 08 19 14:48:29.287#Z#DEBUG#fed072e9-9bdc-11f1-b81c-eeee0a948f8f.OPERATION#flowable-async-job-executor-thread-19415#
[ProcessDescriptorStep] Subscriptions: [ ]#
#2026 08 19 14:48:29.296#Z#DEBUG#fed072e9-9bdc-11f1-b81c-eeee0a948f8f.OPERATION#flowable-async-job-executor-thread-19415#
[ProcessDescriptorStep] MTA modules: [bookscapm-srv, bookscapm-app-content, bookscapm-db-deployer, bookscapm-destination-content]#
#2026 08 19 14:48:29.300#Z#DEBUG#fed072e9-9bdc-11f1-b81c-eeee0a948f8f.OPERATION#flowable-async-job-executor-thread-19415#
[ProcessDescriptorStep] Resolved deployment descriptor: {
  "majorSchemaVersion" : 3,
  "schemaVersion" : "3.3.0",
  "id" : "bookscapm",
  "version" : "1.0.0",
  "modules" : [ {
    "majorSchemaVersion" : 3,
    "name" : "bookscapm-srv",
    "type" : "javascript.nodejs",
    "path" : "bookscapm-srv",
    "properties" : { },
    "parameters" : {
      "default-url" : "https://1fb9e48dtrial-dev-bookscapm-srv.cfapps.us10-001.hana.ondemand.com",
      "default-app-name" : "bookscapm-srv",
      "generated-password" : "********",
      "default-live-url" : "https://1fb9e48dtrial-dev-bookscapm-srv.cfapps.us10-001.hana.ondemand.com",
      "default-uri" : "1fb9e48dtrial-dev-bookscapm-srv.cfapps.us10-001.hana.ondemand.com",
      "default-instances" : 1,
      "default-live-host" : "1fb9e48dtrial-dev-bookscapm-srv",
      "instances" : 1,
      "buildpack" : "nodejs_buildpack",
      "default-host" : "1fb9e48dtrial-dev-bookscapm-srv",
      "app-name" : "bookscapm-srv",
      "default-live-uri" : "1fb9e48dtrial-dev-bookscapm-srv.cfapps.us10-001.hana.ondemand.com",
      "protocol" : "https",
      "default-live-app-name" : "bookscapm-srv",
      "default-live-domain" : "cfapps.us10-001.hana.ondemand.com",
      "domain" : "cfapps.us10-001.hana.ondemand.com",
      "host" : "1fb9e48dtrial-dev-bookscapm-srv",
      "generated-user" : "********"
    },
    "requiredDependencies" : [ {
      "majorSchemaVersion" : 3,
      "name" : "bookscapm-db",
      "properties" : { },
      "parameters" : { },
      "propertiesMetadata" : {
        "metadata" : { }
      },
      "parametersMetadata" : {
        "metadata" : { }
      }
    }, {
      "majorSchemaVersion" : 3,
      "name" : "uaa_bookscapm",
      "properties" : { },
      "parameters" : { },
      "propertiesMetadata" : {
        "metadata" : { }
      },
      "parametersMetadata" : {
        "metadata" : { }
      }
    } ],
    "providedDependencies" : [ {
      "majorSchemaVersion" : 3,
      "name" : "srv-api",
      "isPublic" : false,
      "properties" : {
        "srv-url" : "https://1fb9e48dtrial-dev-bookscapm-srv.cfapps.us10-001.hana.ondemand.com"
      },
      "parameters" : { },
      "propertiesMetadata" : {
        "metadata" : { }
      },
      "parametersMetadata" : {
        "metadata" : { }
      }
    }, {
      "majorSchemaVersion" : 3,
      "name" : "bookscapm-srv",
      "isPublic" : false,
      "properties" : { },
      "parameters" : { },
      "propertiesMetadata" : {
        "metadata" : { }
      },
      "parametersMetadata" : {
        "metadata" : { }
      }
    } ],
    "propertiesMetadata" : {
      "metadata" : { }
    },
    "parametersMetadata" : {
      "metadata" : { }
    },
    "hooks" : [ ]
  }, {
    "majorSchemaVersion" : 3,
    "name" : "bookscapm-db-deployer",
    "type" : "com.sap.xs.hdi",
    "path" : "bookscapm-db-deployer",
    "properties" : {
      "EXIT" : 1
    },
    "parameters" : {
      "default-url" : "https://1fb9e48dtrial-dev-bookscapm-db-deployer.cfapps.us10-001.hana.ondemand.com",
      "default-app-name" : "bookscapm-db-deployer",
      "generated-password" : "********",
      "default-live-url" : "https://1fb9e48dtrial-dev-bookscapm-db-deployer.cfapps.us10-001.hana.ondemand.com",
      "default-uri" : "1fb9e48dtrial-dev-bookscapm-db-deployer.cfapps.us10-001.hana.ondemand.com",
      "memory" : "256M",
      "default-instances" : 1,
      "no-route" : true,
      "default-live-host" : "1fb9e48dtrial-dev-bookscapm-db-deployer",
      "instances" : 1,
      "buildpack" : "nodejs_buildpack",
      "default-host" : "1fb9e48dtrial-dev-bookscapm-db-deployer",
      "app-name" : "bookscapm-db-deployer",
      "default-live-uri" : "1fb9e48dtrial-dev-bookscapm-db-deployer.cfapps.us10-001.hana.ondemand.com",
      "protocol" : "https",
      "default-live-app-name" : "bookscapm-db-deployer",
      "default-live-domain" : "cfapps.us10-001.hana.ondemand.com",
      "dependency-type" : "hard",
      "domain" : "cfapps.us10-001.hana.ondemand.com",
      "host" : "1fb9e48dtrial-dev-bookscapm-db-deployer",
      "generated-user" : "********",
      "tasks" : [ {
        "command" : "npm start",
        "memory" : "256M",
        "name" : "deploy"
      } ],
      "no-start" : true
    },
    "requiredDependencies" : [ {
      "majorSchemaVersion" : 3,
      "name" : "bookscapm-db",
      "properties" : { },
      "parameters" : { },
      "propertiesMetadata" : {
        "metadata" : { }
      },
      "parametersMetadata" : {
        "metadata" : { }
      }
    } ],
    "providedDependencies" : [ {
      "majorSchemaVersion" : 3,
      "name" : "bookscapm-db-deployer",
      "isPublic" : false,
      "properties" : { },
      "parameters" : { },
      "propertiesMetadata" : {
        "metadata" : { }
      },
      "parametersMetadata" : {
        "metadata" : { }
      }
    } ],
    "propertiesMetadata" : {
      "metadata" : { }
    },
    "parametersMetadata" : {
      "metadata" : { }
    },
    "hooks" : [ ]
  }, {
    "majorSchemaVersion" : 3,
    "name" : "bookscapm-destination-content",
    "type" : "com.sap.application.content",
    "properties" : { },
    "parameters" : {
      "default-url" : "https://1fb9e48dtrial-dev-bookscapm-destination-content.cfapps.us10-001.hana.ondemand.com",
      "default-app-name" : "bookscapm-destination-content",
      "generated-password" : "********",
      "default-live-url" : "https://1fb9e48dtrial-dev-bookscapm-destination-content.cfapps.us10-001.hana.ondemand.com",
      "default-uri" : "1fb9e48dtrial-dev-bookscapm-destination-content.cfapps.us10-001.hana.ondemand.com",
      "default-instances" : 1,
      "default-live-host" : "1fb9e48dtrial-dev-bookscapm-destination-content",
      "instances" : 1,
      "default-host" : "1fb9e48dtrial-dev-bookscapm-destination-content",
      "content" : {
        "instance" : {
          "destinations" : [ {
            "Name" : "bookscapmapplicationrouter_bookscapm_html_repo_host",
            "ServiceInstanceName" : "bookscapm-html5-app-host-service",
            "ServiceKeyName" : "********",
            "sap.cloud.service" : "bookscapmapplicationrouter"
          }, {
            "Authentication" : "********",
            "Name" : "bookscapmapplicationrouter_uaa_bookscapm",
            "ServiceInstanceName" : "bookscapm-xsuaa-service",
            "ServiceKeyName" : "********",
            "sap.cloud.service" : "bookscapmapplicationrouter"
          } ],
          "existing_destinations_policy" : "ignore"
        }
      },
      "app-name" : "bookscapm-destination-content",
      "default-live-uri" : "1fb9e48dtrial-dev-bookscapm-destination-content.cfapps.us10-001.hana.ondemand.com",
      "protocol" : "https",
      "default-live-app-name" : "bookscapm-destination-content",
      "default-live-domain" : "cfapps.us10-001.hana.ondemand.com",
      "domain" : "cfapps.us10-001.hana.ondemand.com",
      "host" : "1fb9e48dtrial-dev-bookscapm-destination-content",
      "generated-user" : "********"
    },
    "requiredDependencies" : [ {
      "majorSchemaVersion" : 3,
      "name" : "bookscapm-destination-service",
      "properties" : { },
      "parameters" : {
        "content-target" : true
      },
      "propertiesMetadata" : {
        "metadata" : { }
      },
      "parametersMetadata" : {
        "metadata" : { }
      }
    }, {
      "majorSchemaVersion" : 3,
      "name" : "bookscapm_html_repo_host",
      "properties" : { },
      "parameters" : {
        "service-key" : "********"
      },
      "propertiesMetadata" : {
        "metadata" : { }
      },
      "parametersMetadata" : {
        "metadata" : { }
      }
    }, {
      "majorSchemaVersion" : 3,
      "name" : "uaa_bookscapm",
      "properties" : { },
      "parameters" : {
        "service-key" : "********"
      },
      "propertiesMetadata" : {
        "metadata" : { }
      },
      "parametersMetadata" : {
        "metadata" : { }
      }
    } ],
    "providedDependencies" : [ {
      "majorSchemaVersion" : 3,
      "name" : "bookscapm-destination-content",
      "isPublic" : false,
      "properties" : { },
      "parameters" : { },
      "propertiesMetadata" : {
        "metadata" : { }
      },
      "parametersMetadata" : {
        "metadata" : { }
      }
    } ],
    "propertiesMetadata" : {
      "metadata" : { }
    },
    "parametersMetadata" : {
      "metadata" : { }
    },
    "hooks" : [ ]
  }, {
    "majorSchemaVersion" : 3,
    "name" : "bookscapm-app-content",
    "type" : "com.sap.application.content",
    "path" : "bookscapm-app-content",
    "properties" : { },
    "parameters" : {
      "default-url" : "https://1fb9e48dtrial-dev-bookscapm-app-content.cfapps.us10-001.hana.ondemand.com",
      "default-app-name" : "bookscapm-app-content",
      "generated-password" : "********",
      "default-live-url" : "https://1fb9e48dtrial-dev-bookscapm-app-content.cfapps.us10-001.hana.ondemand.com",
      "default-uri" : "1fb9e48dtrial-dev-bookscapm-app-content.cfapps.us10-001.hana.ondemand.com",
      "default-instances" : 1,
      "default-live-host" : "1fb9e48dtrial-dev-bookscapm-app-content",
      "instances" : 1,
      "default-host" : "1fb9e48dtrial-dev-bookscapm-app-content",
      "app-name" : "bookscapm-app-content",
      "default-live-uri" : "1fb9e48dtrial-dev-bookscapm-app-content.cfapps.us10-001.hana.ondemand.com",
      "protocol" : "https",
      "default-live-app-name" : "bookscapm-app-content",
      "default-live-domain" : "cfapps.us10-001.hana.ondemand.com",
      "domain" : "cfapps.us10-001.hana.ondemand.com",
      "host" : "1fb9e48dtrial-dev-bookscapm-app-content",
      "generated-user" : "********"
    },
    "requiredDependencies" : [ {
      "majorSchemaVersion" : 3,
      "name" : "bookscapm_html_repo_host",
      "properties" : { },
      "parameters" : {
        "content-target" : true
      },
      "propertiesMetadata" : {
        "metadata" : { }
      },
      "parametersMetadata" : {
        "metadata" : { }
      }
    } ],
    "providedDependencies" : [ {
      "majorSchemaVersion" : 3,
      "name" : "bookscapm-app-content",
      "isPublic" : false,
      "properties" : { },
      "parameters" : { },
      "propertiesMetadata" : {
        "metadata" : { }
      },
      "parametersMetadata" : {
        "metadata" : { }
      }
    } ],
    "propertiesMetadata" : {
      "metadata" : { }
    },
    "parametersMetadata" : {
      "metadata" : { }
    },
    "hooks" : [ ]
  } ],
  "resources" : [ {
    "majorSchemaVersion" : 3,
    "name" : "bookscapm-db",
    "type" : "com.sap.xs.hdi-container",
    "properties" : { },
    "parameters" : {
      "generated-password" : "********",
      "service-name" : "bookscapm-db",
      "service-plan" : "hdi-shared",
      "service" : "hana",
      "generated-user" : "********",
      "default-xsappname" : "bookscapm-db",
      "type" : "managed-service",
      "default-service-name" : "bookscapm-db",
      "default-container-name" : "1FB9E48DTRIAL_DEV_BOOKSCAPM_DB"
    },
    "isActive" : true,
    "isOptional" : false,
    "propertiesMetadata" : {
      "metadata" : { }
    },
    "parametersMetadata" : {
      "metadata" : { }
    },
    "requiredDependencies" : [ ],
    "processedAfter" : [ ]
  }, {
    "majorSchemaVersion" : 3,
    "name" : "bookscapm-destination-service",
    "type" : "org.cloudfoundry.managed-service",
    "properties" : { },
    "parameters" : {
      "generated-password" : "********",
      "service-name" : "bookscapm-destination-service",
      "service-plan" : "lite",
      "service" : "destination",
      "generated-user" : "********",
      "default-xsappname" : "bookscapm-destination-service",
      "type" : "managed-service",
      "config" : {
        "HTML5Runtime_enabled" : true,
        "init_data" : {
          "instance" : {
            "destinations" : [ {
              "Authentication" : "********",
              "Name" : "ui5",
              "ProxyType" : "Internet",
              "Type" : "HTTP",
              "URL" : "https://ui5.sap.com"
            }, {
              "Authentication" : "********",
              "HTML5.DynamicDestination" : true,
              "HTML5.ForwardAuthToken" : "********",
              "Name" : "srv-api",
              "ProxyType" : "Internet",
              "Type" : "HTTP",
              "URL" : "https://1fb9e48dtrial-dev-bookscapm-srv.cfapps.us10-001.hana.ondemand.com"
            } ],
            "existing_destinations_policy" : "update"
          }
        },
        "version" : "1.0.0"
      },
      "default-service-name" : "bookscapm-destination-service",
      "default-container-name" : "1FB9E48DTRIAL_DEV_BOOKSCAPM_DESTINATION_SERVICE"
    },
    "isActive" : true,
    "isOptional" : false,
    "propertiesMetadata" : {
      "metadata" : { }
    },
    "parametersMetadata" : {
      "metadata" : { }
    },
    "requiredDependencies" : [ {
      "majorSchemaVersion" : 3,
      "name" : "srv-api",
      "properties" : { },
      "parameters" : { },
      "propertiesMetadata" : {
        "metadata" : { }
      },
      "parametersMetadata" : {
        "metadata" : { }
      }
    } ],
    "processedAfter" : [ ]
  }, {
    "majorSchemaVersion" : 3,
    "name" : "bookscapm_html_repo_host",
    "type" : "org.cloudfoundry.managed-service",
    "properties" : { },
    "parameters" : {
      "generated-password" : "********",
      "service-name" : "bookscapm-html5-app-host-service",
      "service-plan" : "app-host",
      "service" : "html5-apps-repo",
      "generated-user" : "********",
      "default-xsappname" : "bookscapm_html_repo_host",
      "type" : "managed-service",
      "default-service-name" : "bookscapm_html_repo_host",
      "default-container-name" : "1FB9E48DTRIAL_DEV_BOOKSCAPM_HTML_REPO_HOST"
    },
    "isActive" : true,
    "isOptional" : false,
    "propertiesMetadata" : {
      "metadata" : { }
    },
    "parametersMetadata" : {
      "metadata" : { }
    },
    "requiredDependencies" : [ ],
    "processedAfter" : [ ]
  }, {
    "majorSchemaVersion" : 3,
    "name" : "uaa_bookscapm",
    "type" : "org.cloudfoundry.managed-service",
    "properties" : { },
    "parameters" : {
      "generated-password" : "********",
      "path" : "./xs-security.json",
      "service-name" : "bookscapm-xsuaa-service",
      "service-plan" : "application",
      "service" : "xsuaa",
      "generated-user" : "********",
      "default-xsappname" : "uaa_bookscapm",
      "type" : "managed-service",
      "default-service-name" : "uaa_bookscapm",
      "default-container-name" : "1FB9E48DTRIAL_DEV_UAA_BOOKSCAPM"
    },
    "isActive" : true,
    "isOptional" : false,
    "propertiesMetadata" : {
      "metadata" : { }
    },
    "parametersMetadata" : {
      "metadata" : { }
    },
    "requiredDependencies" : [ ],
    "processedAfter" : [ ]
  } ],
  "parameters" : {
    "deploy_mode" : "html5-repo",
    "mta-id" : "bookscapm",
    "authorization-url" : "********",
    "org-guid" : "8ca7719c-a1c5-4100-832b-9bfcd0e73c43",
    "org" : "1fb9e48dtrial",
    "deploy-target" : "1fb9e48dtrial dev",
    "enable-parallel-deployments" : true,
    "region-primary-domain" : "us10.hana.ondemand.com",
    "space" : "dev",
    "region-domain" : "us10-001.hana.ondemand.com",
    "xs-api-url" : "https://api.cf.us10-001.hana.ondemand.com",
    "deploy-url" : "deploy-service.cfapps.us10-001.hana.ondemand.com",
    "xs-type" : "CF",
    "default-domain" : "cfapps.us10-001.hana.ondemand.com",
    "mta-version" : "1.0.0",
    "xs-auth-url" : "********",
    "space-guid" : "5d8a2d66-1cdf-4f95-ae67-ef9fb5cde8d1",
    "user" : "********",
    "controller-url" : "https://api.cf.us10-001.hana.ondemand.com",
    "timestamp" : "20260819144809"
  },
  "parametersMetadata" : {
    "metadata" : { }
  }
}#
#2026 08 19 14:48:29.300#Z#DEBUG#fed072e9-9bdc-11f1-b81c-eeee0a948f8f.OPERATION#flowable-async-job-executor-thread-19415#
[ProcessDescriptorStep] Merged descriptor properties and parameters resolved#
#2026 08 19 14:48:29.300#Z#DEBUG#fed072e9-9bdc-11f1-b81c-eeee0a948f8f.OPERATION#flowable-async-job-executor-thread-19415#
Step "Re-Process Descriptor Step" finished#
#2026 08 19 14:48:29.334#Z#DEBUG#fed072e9-9bdc-11f1-b81c-eeee0a948f8f.OPERATION#flowable-async-job-executor-thread-19415#
[BuildApplicationDeployModelStep] Executing task "buildApplicationDeployModelTask" of process "0a8a2876-9bdd-11f1-82d4-eeee0a815ff2"...#
#2026 08 19 14:48:29.337#Z#DEBUG#fed072e9-9bdc-11f1-b81c-eeee0a948f8f.OPERATION#flowable-async-job-executor-thread-19415#
[BuildApplicationDeployModelStep] Building cloud deployment model for application "bookscapm-srv"...#
#2026 08 19 14:48:29.345#Z#DEBUG#fed072e9-9bdc-11f1-b81c-eeee0a948f8f.OPERATION#flowable-async-job-executor-thread-19415#
[BuildApplicationDeployModelStep] No health-check-type is specified. Setting default type: port#
#2026 08 19 14:48:29.345#Z#INFO#fed072e9-9bdc-11f1-b81c-eeee0a948f8f.OPERATION#flowable-async-job-executor-thread-19415#
[BuildApplicationDeployModelStep] Building configuration entries for org 1fb9e48dtrial, space dev, spaceId 5d8a2d66-1cdf-4f95-ae67-ef9fb5cde8d1 and namespace null!#
#2026 08 19 14:48:29.346#Z#DEBUG#fed072e9-9bdc-11f1-b81c-eeee0a948f8f.OPERATION#flowable-async-job-executor-thread-19415#
[BuildApplicationDeployModelStep] Configuration entries to publish: [ ]#
#2026 08 19 14:48:29.346#Z#DEBUG#fed072e9-9bdc-11f1-b81c-eeee0a948f8f.OPERATION#flowable-async-job-executor-thread-19415#
[BuildApplicationDeployModelStep] Cloud deployment model for application built#
#2026 08 19 14:48:29.346#Z#DEBUG#fed072e9-9bdc-11f1-b81c-eeee0a948f8f.OPERATION#flowable-async-job-executor-thread-19415#
Step "Build Application Deploy Model" finished#
#2026 08 19 14:48:29.386#Z#DEBUG#fed072e9-9bdc-11f1-b81c-eeee0a948f8f.OPERATION#flowable-async-job-executor-thread-19415#
[CreateOrUpdateAppStep] Executing task "createAppTask" of process "0a8a2876-9bdd-11f1-82d4-eeee0a815ff2"...#
#2026 08 19 14:48:29.388#Z#DEBUG#fed072e9-9bdc-11f1-b81c-eeee0a948f8f.OPERATION#flowable-async-job-executor-thread-19415#
[CreateOrUpdateAppStep] Getting application "bookscapm-srv"...#
#2026 08 19 14:48:29.423#Z#INFO#fed072e9-9bdc-11f1-b81c-eeee0a948f8f.OPERATION#flowable-async-job-executor-thread-19415#
[CreateOrUpdateAppStep] Updating application "bookscapm-srv"...#
#2026 08 19 14:48:29.429#Z#DEBUG#fed072e9-9bdc-11f1-b81c-eeee0a948f8f.OPERATION#flowable-async-job-executor-thread-19415#
[CreateOrUpdateAppStep] Getting process for application "e4fbc9e0-0224-4a88-a46f-eef717330b07"...#
#2026 08 19 14:48:29.465#Z#DEBUG#fed072e9-9bdc-11f1-b81c-eeee0a948f8f.OPERATION#flowable-async-job-executor-thread-19415#
[CreateOrUpdateAppStep] Getting routes for application "e4fbc9e0-0224-4a88-a46f-eef717330b07"...#
#2026 08 19 14:48:29.507#Z#DEBUG#fed072e9-9bdc-11f1-b81c-eeee0a948f8f.OPERATION#flowable-async-job-executor-thread-19415#
[CreateOrUpdateAppStep] Getting features for application "e4fbc9e0-0224-4a88-a46f-eef717330b07"#
#2026 08 19 14:48:29.535#Z#DEBUG#fed072e9-9bdc-11f1-b81c-eeee0a948f8f.OPERATION#flowable-async-job-executor-thread-19415#
[CreateOrUpdateAppStep] Updating staging of application "bookscapm-srv" to: {
  "buildpacks" : [ "nodejs_buildpack" ],
  "healthCheckType" : "port",
  "appFeatures" : { }
}#
#2026 08 19 14:48:29.720#Z#DEBUG#fed072e9-9bdc-11f1-b81c-eeee0a948f8f.OPERATION#flowable-async-job-executor-thread-19415#
[CreateOrUpdateAppStep] Application "bookscapm-srv" updated#
#2026 08 19 14:48:29.720#Z#DEBUG#fed072e9-9bdc-11f1-b81c-eeee0a948f8f.OPERATION#flowable-async-job-executor-thread-19415#
[CreateOrUpdateAppStep] Getting environment of application "e4fbc9e0-0224-4a88-a46f-eef717330b07"...#
#2026 08 19 14:48:29.802#Z#DEBUG#fed072e9-9bdc-11f1-b81c-eeee0a948f8f.OPERATION#flowable-async-job-executor-thread-19415#
[CreateOrUpdateAppStep] Application "bookscapm-srv" updated#
#2026 08 19 14:48:29.802#Z#DEBUG#fed072e9-9bdc-11f1-b81c-eeee0a948f8f.OPERATION#flowable-async-job-executor-thread-19415#
Step "Create App" finished#
#2026 08 19 14:48:29.900#Z#DEBUG#fed072e9-9bdc-11f1-b81c-eeee0a948f8f.OPERATION#flowable-async-job-executor-thread-19415#
[CheckServiceBindingOperationStep] Executing task "checkForServiceBindingOperationInProgress" of process "0aed3018-9bdd-11f1-82d4-eeee0a815ff2"...#
#2026 08 19 14:48:29.900#Z#DEBUG#fed072e9-9bdc-11f1-b81c-eeee0a948f8f.OPERATION#flowable-async-job-executor-thread-19415#
[CheckServiceBindingOperationStep] Checking for service binding operation in progress between app "bookscapm-srv" and service instance "bookscapm-db"#
#2026 08 19 14:48:29.901#Z#DEBUG#fed072e9-9bdc-11f1-b81c-eeee0a948f8f.OPERATION#flowable-async-job-executor-thread-19415#
[CheckServiceBindingOperationStep] Getting application guid "bookscapm-srv"...#
#2026 08 19 14:48:29.932#Z#DEBUG#fed072e9-9bdc-11f1-b81c-eeee0a948f8f.OPERATION#flowable-async-job-executor-thread-19415#
[CheckServiceBindingOperationStep] Getting GUID of required service instance "bookscapm-db"...#
#2026 08 19 14:48:29.959#Z#DEBUG#fed072e9-9bdc-11f1-b81c-eeee0a948f8f.OPERATION#flowable-async-job-executor-thread-19415#
[CheckServiceBindingOperationStep] Getting binding of service instance "24df4fe9-e67b-4d75-a6ed-b547dc8c357e" with application "e4fbc9e0-0224-4a88-a46f-eef717330b07"...#
#2026 08 19 14:48:29.988#Z#DEBUG#fed072e9-9bdc-11f1-b81c-eeee0a948f8f.OPERATION#flowable-async-job-executor-thread-19415#
[CheckServiceBindingOperationStep] Service binding operation "17ba43fd-0707-4861-bbef-985538df8bb3" with type "create" is in state "succeeded"#
#2026 08 19 14:48:29.988#Z#DEBUG#fed072e9-9bdc-11f1-b81c-eeee0a948f8f.OPERATION#flowable-async-job-executor-thread-19415#
Step "Check For Service Binding Operation In Progress" finished#
#2026 08 19 14:48:30.034#Z#DEBUG#fed072e9-9bdc-11f1-b81c-eeee0a948f8f.OPERATION#flowable-async-job-executor-thread-19415#
[DetermineApplicationServiceBindingActionsStep] Executing task "determineApplicationServiceBindingActionsTask" of process "0aed3018-9bdd-11f1-82d4-eeee0a815ff2"...#
#2026 08 19 14:48:30.036#Z#DEBUG#fed072e9-9bdc-11f1-b81c-eeee0a948f8f.OPERATION#flowable-async-job-executor-thread-19415#
[DetermineApplicationServiceBindingActionsStep] Determine bind/unbind operations of application "bookscapm-srv" to service instance "bookscapm-db"#
#2026 08 19 14:48:30.036#Z#DEBUG#fed072e9-9bdc-11f1-b81c-eeee0a948f8f.OPERATION#flowable-async-job-executor-thread-19415#
[DetermineApplicationServiceBindingActionsStep] Getting application "bookscapm-srv"...#
#2026 08 19 14:48:30.076#Z#DEBUG#fed072e9-9bdc-11f1-b81c-eeee0a948f8f.OPERATION#flowable-async-job-executor-thread-19415#
[DetermineApplicationServiceBindingActionsStep] Binding parameters for application "bookscapm-srv": { }#
#2026 08 19 14:48:30.111#Z#DEBUG#fed072e9-9bdc-11f1-b81c-eeee0a948f8f.OPERATION#flowable-async-job-executor-thread-19415#
[DetermineApplicationServiceBindingActionsStep] Check should rebind application "bookscapm-srv" and service instance "bookscapm-db"#
#2026 08 19 14:48:30.111#Z#DEBUG#fed072e9-9bdc-11f1-b81c-eeee0a948f8f.OPERATION#flowable-async-job-executor-thread-19415#
[DetermineApplicationServiceBindingActionsStep] Getting GUID of required service instance "bookscapm-db"...#
#2026 08 19 14:48:30.138#Z#DEBUG#fed072e9-9bdc-11f1-b81c-eeee0a948f8f.OPERATION#flowable-async-job-executor-thread-19415#
[DetermineApplicationServiceBindingActionsStep] Getting binding of service instance "24df4fe9-e67b-4d75-a6ed-b547dc8c357e" with application "e4fbc9e0-0224-4a88-a46f-eef717330b07"...#
#2026 08 19 14:48:30.176#Z#DEBUG#fed072e9-9bdc-11f1-b81c-eeee0a948f8f.OPERATION#flowable-async-job-executor-thread-19415#
[DetermineApplicationServiceBindingActionsStep] Getting parameters of service binding "17ba43fd-0707-4861-bbef-985538df8bb3"...#
#2026 08 19 14:48:30.390#Z#INFO#fed072e9-9bdc-11f1-b81c-eeee0a948f8f.OPERATION#flowable-async-job-executor-thread-19415#
[DetermineApplicationServiceBindingActionsStep] Service instance "bookscapm-db" will not be rebound to application "bookscapm-srv" because the binding parameters are not modified#
#2026 08 19 14:48:30.395#Z#DEBUG#fed072e9-9bdc-11f1-b81c-eeee0a948f8f.OPERATION#flowable-async-job-executor-thread-19415#
[DetermineApplicationServiceBindingActionsStep] Calculated binding operations between application "bookscapm-srv" and service instance "bookscapm-db": unbind - false bind - false#
#2026 08 19 14:48:30.395#Z#DEBUG#fed072e9-9bdc-11f1-b81c-eeee0a948f8f.OPERATION#flowable-async-job-executor-thread-19415#
Step "Determine Application Service Binding Actions" finished#
#2026 08 19 14:48:32.285#Z#DEBUG#fed072e9-9bdc-11f1-b81c-eeee0a948f8f.OPERATION#flowable-async-job-executor-thread-19410#
[CheckServiceBindingOperationStep] Executing task "checkForServiceBindingOperationInProgress" of process "0c57bbe3-9bdd-11f1-82d4-eeee0a815ff2"...#
#2026 08 19 14:48:32.286#Z#DEBUG#fed072e9-9bdc-11f1-b81c-eeee0a948f8f.OPERATION#flowable-async-job-executor-thread-19410#
[CheckServiceBindingOperationStep] Checking for service binding operation in progress between app "bookscapm-srv" and service instance "bookscapm-xsuaa-service"#
#2026 08 19 14:48:32.287#Z#DEBUG#fed072e9-9bdc-11f1-b81c-eeee0a948f8f.OPERATION#flowable-async-job-executor-thread-19410#
[CheckServiceBindingOperationStep] Getting application guid "bookscapm-srv"...#
#2026 08 19 14:48:32.324#Z#DEBUG#fed072e9-9bdc-11f1-b81c-eeee0a948f8f.OPERATION#flowable-async-job-executor-thread-19410#
[CheckServiceBindingOperationStep] Getting GUID of required service instance "bookscapm-xsuaa-service"...#
#2026 08 19 14:48:32.358#Z#DEBUG#fed072e9-9bdc-11f1-b81c-eeee0a948f8f.OPERATION#flowable-async-job-executor-thread-19410#
[CheckServiceBindingOperationStep] Getting binding of service instance "651b5a33-914f-4737-b7bd-350a7a9d2a6d" with application "e4fbc9e0-0224-4a88-a46f-eef717330b07"...#
#2026 08 19 14:48:32.395#Z#DEBUG#fed072e9-9bdc-11f1-b81c-eeee0a948f8f.OPERATION#flowable-async-job-executor-thread-19410#
[CheckServiceBindingOperationStep] Service binding operation "a05840de-e5a0-4a19-baa5-58bef69fc6c6" with type "create" is in state "succeeded"#
#2026 08 19 14:48:32.395#Z#DEBUG#fed072e9-9bdc-11f1-b81c-eeee0a948f8f.OPERATION#flowable-async-job-executor-thread-19410#
Step "Check For Service Binding Operation In Progress" finished#
#2026 08 19 14:48:32.321#Z#DEBUG#fed072e9-9bdc-11f1-b81c-eeee0a948f8f.OPERATION#flowable-async-job-executor-thread-19416#
[BuildContentDeploymentConfigurationStep] Executing task "buildContentDeploymentConfigurationTask" of process "0c5a5493-9bdd-11f1-82d4-eeee0a815ff2"...#
#2026 08 19 14:48:32.328#Z#DEBUG#fed072e9-9bdc-11f1-b81c-eeee0a948f8f.OPERATION#flowable-async-job-executor-thread-19416#
[BuildContentDeploymentConfigurationStep] Getting service key "bookscapm-app-content-bookscapm_html_repo_host-credentials" for service instance "bookscapm-html5-app-host-service"...#
#2026 08 19 14:48:32.516#Z#INFO#fed072e9-9bdc-11f1-b81c-eeee0a948f8f.OPERATION#flowable-async-job-executor-thread-19416#
[BuildContentDeploymentConfigurationStep] Service key "bookscapm-app-content-bookscapm_html_repo_host-credentials" for service "bookscapm-html5-app-host-service" already exists#
#2026 08 19 14:48:32.522#Z#DEBUG#fed072e9-9bdc-11f1-b81c-eeee0a948f8f.OPERATION#flowable-async-job-executor-thread-19416#
Step "Build Content Deployment Configuration" finished#
#2026 08 19 14:48:32.425#Z#DEBUG#fed072e9-9bdc-11f1-b81c-eeee0a948f8f.OPERATION#flowable-async-job-executor-thread-19410#
[DetermineApplicationServiceBindingActionsStep] Executing task "determineApplicationServiceBindingActionsTask" of process "0c57bbe3-9bdd-11f1-82d4-eeee0a815ff2"...#
#2026 08 19 14:48:32.427#Z#DEBUG#fed072e9-9bdc-11f1-b81c-eeee0a948f8f.OPERATION#flowable-async-job-executor-thread-19410#
[DetermineApplicationServiceBindingActionsStep] Determine bind/unbind operations of application "bookscapm-srv" to service instance "bookscapm-xsuaa-service"#
#2026 08 19 14:48:32.427#Z#DEBUG#fed072e9-9bdc-11f1-b81c-eeee0a948f8f.OPERATION#flowable-async-job-executor-thread-19410#
[DetermineApplicationServiceBindingActionsStep] Getting application "bookscapm-srv"...#
#2026 08 19 14:48:32.460#Z#DEBUG#fed072e9-9bdc-11f1-b81c-eeee0a948f8f.OPERATION#flowable-async-job-executor-thread-19410#
[DetermineApplicationServiceBindingActionsStep] Binding parameters for application "bookscapm-srv": { }#
#2026 08 19 14:48:32.498#Z#DEBUG#fed072e9-9bdc-11f1-b81c-eeee0a948f8f.OPERATION#flowable-async-job-executor-thread-19410#
[DetermineApplicationServiceBindingActionsStep] Check should rebind application "bookscapm-srv" and service instance "bookscapm-xsuaa-service"#
#2026 08 19 14:48:32.498#Z#DEBUG#fed072e9-9bdc-11f1-b81c-eeee0a948f8f.OPERATION#flowable-async-job-executor-thread-19410#
[DetermineApplicationServiceBindingActionsStep] Getting GUID of required service instance "bookscapm-xsuaa-service"...#
#2026 08 19 14:48:32.523#Z#DEBUG#fed072e9-9bdc-11f1-b81c-eeee0a948f8f.OPERATION#flowable-async-job-executor-thread-19410#
[DetermineApplicationServiceBindingActionsStep] Getting binding of service instance "651b5a33-914f-4737-b7bd-350a7a9d2a6d" with application "e4fbc9e0-0224-4a88-a46f-eef717330b07"...#
#2026 08 19 14:48:32.561#Z#DEBUG#fed072e9-9bdc-11f1-b81c-eeee0a948f8f.OPERATION#flowable-async-job-executor-thread-19410#
[DetermineApplicationServiceBindingActionsStep] Getting parameters of service binding "a05840de-e5a0-4a19-baa5-58bef69fc6c6"...#
#2026 08 19 14:48:32.603#Z#WARN#fed072e9-9bdc-11f1-b81c-eeee0a948f8f.OPERATION#flowable-async-job-executor-thread-19410#
[DetermineApplicationServiceBindingActionsStep] Cannot retrieve parameters of binding between application "bookscapm-srv" and service instance "bookscapm-xsuaa-service"#
#2026 08 19 14:48:32.605#Z#DEBUG#fed072e9-9bdc-11f1-b81c-eeee0a948f8f.OPERATION#flowable-async-job-executor-thread-19410#
[DetermineApplicationServiceBindingActionsStep] Calculated binding operations between application "bookscapm-srv" and service instance "bookscapm-xsuaa-service": unbind - true bind - true#
#2026 08 19 14:48:32.605#Z#DEBUG#fed072e9-9bdc-11f1-b81c-eeee0a948f8f.OPERATION#flowable-async-job-executor-thread-19410#
Step "Determine Application Service Binding Actions" finished#
#2026 08 19 14:48:32.527#Z#DEBUG#fed072e9-9bdc-11f1-b81c-eeee0a948f8f.OPERATION#flowable-async-job-executor-thread-19416#
[CreateContentDeployClientConfigurationStep] Executing task "createContentDeployClientConfigurationTask" of process "0c83d5b3-9bdd-11f1-82d4-eeee0a815ff2"...#
#2026 08 19 14:48:32.528#Z#DEBUG#fed072e9-9bdc-11f1-b81c-eeee0a948f8f.OPERATION#flowable-async-job-executor-thread-19416#
[CreateContentDeployClientConfigurationStep] Content deployer client configuration: {
  "contentDeployerUrl" : "https://html5-apps-repo-dt.cfapps.us10.hana.ondemand.com",
  "uaaClientConfiguration" : {
    "url" : "********",
    "credentials" : "********",
    "authenticationStrategyType" : "********"
  },
  "httpRequestHeaders" : {
    "X-CorrelationID" : "fed072e9-9bdc-11f1-b81c-eeee0a948f8f"
  },
  "spaceId" : "5d8a2d66-1cdf-4f95-ae67-ef9fb5cde8d1",
  "serviceName" : "bookscapm_html_repo_host"
}#
#2026 08 19 14:48:32.740#Z#DEBUG#fed072e9-9bdc-11f1-b81c-eeee0a948f8f.OPERATION#flowable-async-job-executor-thread-19416#
Step "Create Content Deploy Client Configuration" finished#
#2026 08 19 14:48:32.741#Z#DEBUG#fed072e9-9bdc-11f1-b81c-eeee0a948f8f.OPERATION#flowable-async-job-executor-thread-19416#
[GetContentFromDeploymentDescriptorStep] Executing task "getContentFromDeploymentDescriptorTask" of process "0c83d5b3-9bdd-11f1-82d4-eeee0a815ff2"...#
#2026 08 19 14:48:32.742#Z#DEBUG#fed072e9-9bdc-11f1-b81c-eeee0a948f8f.OPERATION#flowable-async-job-executor-thread-19416#
Step "Get Content From Deployment Descriptor" finished#
#2026 08 19 14:48:32.643#Z#DEBUG#fed072e9-9bdc-11f1-b81c-eeee0a948f8f.OPERATION#flowable-async-job-executor-thread-19410#
[UnbindServiceFromApplicationStep] Executing task "unbindServiceFromApplicationTask" of process "0c57bbe3-9bdd-11f1-82d4-eeee0a815ff2"...#
#2026 08 19 14:48:32.646#Z#INFO#fed072e9-9bdc-11f1-b81c-eeee0a948f8f.OPERATION#flowable-async-job-executor-thread-19410#
[UnbindServiceFromApplicationStep] Unbinding service instance "bookscapm-xsuaa-service" from application "bookscapm-srv"...#
#2026 08 19 14:48:32.651#Z#DEBUG#fed072e9-9bdc-11f1-b81c-eeee0a948f8f.OPERATION#flowable-async-job-executor-thread-19410#
[UnbindServiceFromApplicationStep] Unbinding application "bookscapm-srv" from service instance "bookscapm-xsuaa-service"...#
#2026 08 19 14:48:32.793#Z#DEBUG#fed072e9-9bdc-11f1-b81c-eeee0a948f8f.OPERATION#flowable-async-job-executor-thread-19410#
Step "Unbind Service from Application" finished#
#2026 08 19 14:48:32.743#Z#DEBUG#fed072e9-9bdc-11f1-b81c-eeee0a948f8f.OPERATION#flowable-async-job-executor-thread-19416#
[UploadContentStep] Executing task "uploadContentTask" of process "0c83d5b3-9bdd-11f1-82d4-eeee0a815ff2"...#
#2026 08 19 14:48:32.743#Z#INFO#fed072e9-9bdc-11f1-b81c-eeee0a948f8f.OPERATION#flowable-async-job-executor-thread-19416#
[UploadContentStep] Uploading content module "bookscapm-app-content" in target service "bookscapm_html_repo_host"...#
#2026 08 19 14:48:32.748#Z#DEBUG#fed072e9-9bdc-11f1-b81c-eeee0a948f8f.OPERATION#flowable-async-job-executor-thread-19416#
[UploadContentStep] Uploading file "bookscapm-app-content/resources/data.zip" for content module "bookscapm-app-content" in service "bookscapm_html_repo_host"#
#2026 08 19 14:48:32.945#Z#INFO#fed072e9-9bdc-11f1-b81c-eeee0a948f8f.OPERATION#flowable-async-job-executor-thread-19416#
[UploadContentStep] Content to deploy size: 5,145 in bytes#
#2026 08 19 14:48:33.511#Z#DEBUG#fed072e9-9bdc-11f1-b81c-eeee0a948f8f.OPERATION#flowable-async-job-executor-thread-19416#
[UploadContentStep] Uploaded content: {
  "id" : "5ebfab62-75e8-4a34-a4e2-ff12e863f449",
  "name" : "content.zip",
  "contentType" : "FILE"
}#
#2026 08 19 14:48:33.512#Z#DEBUG#fed072e9-9bdc-11f1-b81c-eeee0a948f8f.OPERATION#flowable-async-job-executor-thread-19416#
Step "Upload Content" finished#
#2026 08 19 14:48:33.516#Z#DEBUG#fed072e9-9bdc-11f1-b81c-eeee0a948f8f.OPERATION#flowable-async-job-executor-thread-19416#
[StartContentDeployStep] Executing task "startContentDeployTask" of process "0c83d5b3-9bdd-11f1-82d4-eeee0a815ff2"...#
#2026 08 19 14:48:33.516#Z#INFO#fed072e9-9bdc-11f1-b81c-eeee0a948f8f.OPERATION#flowable-async-job-executor-thread-19416#
[StartContentDeployStep] Deploying content module "bookscapm-app-content" in target service "bookscapm_html_repo_host"...#
#2026 08 19 14:48:33.762#Z#DEBUG#fed072e9-9bdc-11f1-b81c-eeee0a948f8f.OPERATION#flowable-async-job-executor-thread-19416#
Step "Start Content Deploy" finished#
#2026 08 19 14:48:34.462#Z#DEBUG#fed072e9-9bdc-11f1-b81c-eeee0a948f8f.OPERATION#flowable-async-job-executor-thread-19410#
[UploadAppStep] Executing task "uploadAppTask" of process "09bd88f1-9bdd-11f1-82d4-eeee0a815ff2"...#
#2026 08 19 14:48:34.464#Z#DEBUG#fed072e9-9bdc-11f1-b81c-eeee0a948f8f.OPERATION#flowable-async-job-executor-thread-19410#
[UploadAppStep] Application upload timeout is default one: 3,600 seconds#
#2026 08 19 14:48:34.467#Z#DEBUG#fed072e9-9bdc-11f1-b81c-eeee0a948f8f.OPERATION#pool-21-thread-6#
[UploadAppStep] Upload of application: bookscapm-db-deployer started on instance: 0#
#2026 08 19 14:48:34.467#Z#DEBUG#fed072e9-9bdc-11f1-b81c-eeee0a948f8f.OPERATION#pool-21-thread-6#
[UploadAppStep] Uploading file "bookscapm-db-deployer/data.zip" for application "bookscapm-db-deployer"#
#2026 08 19 14:48:34.540#Z#INFO#fed072e9-9bdc-11f1-b81c-eeee0a948f8f.OPERATION#pool-21-thread-6#
[UploadAppStep] Time elapsed for app binary download: 73 in millis#
#2026 08 19 14:48:34.541#Z#INFO#fed072e9-9bdc-11f1-b81c-eeee0a948f8f.OPERATION#pool-21-thread-6#
[UploadAppStep] Size of app bookscapm-db-deployer is 2,447,472 bytes#
#2026 08 19 14:48:34.541#Z#DEBUG#fed072e9-9bdc-11f1-b81c-eeee0a948f8f.OPERATION#pool-21-thread-6#
[UploadAppStep] Asynchronously uploading binaries for application "bookscapm-db-deployer"...#
#2026 08 19 14:48:34.789#Z#INFO#fed072e9-9bdc-11f1-b81c-eeee0a948f8f.OPERATION#pool-21-thread-6#
[UploadAppStep] Started async upload of application "bookscapm-db-deployer"#
#2026 08 19 14:48:34.794#Z#INFO#fed072e9-9bdc-11f1-b81c-eeee0a948f8f.OPERATION#flowable-async-job-executor-thread-19410#
[UploadAppStep] Time elapsed for upload: 329 in millis#
#2026 08 19 14:48:34.794#Z#DEBUG#fed072e9-9bdc-11f1-b81c-eeee0a948f8f.OPERATION#flowable-async-job-executor-thread-19410#
[UploadAppStep] Getting application "bookscapm-db-deployer"...#
#2026 08 19 14:48:34.818#Z#DEBUG#fed072e9-9bdc-11f1-b81c-eeee0a948f8f.OPERATION#App upload monitor: 280d851e-5b1a-4a55-bb86-db92ff127adb#
[UploadAppStep] Upload status: PROCESSING_UPLOAD#
#2026 08 19 14:48:34.822#Z#DEBUG#fed072e9-9bdc-11f1-b81c-eeee0a948f8f.OPERATION#flowable-async-job-executor-thread-19410#
[UploadAppStep] Getting environment of application "eed2b67a-83f4-424b-8876-9856be729ff6"...#
#2026 08 19 14:48:34.854#Z#DEBUG#fed072e9-9bdc-11f1-b81c-eeee0a948f8f.OPERATION#flowable-async-job-executor-thread-19410#
[UploadAppStep] Updating environment of application "bookscapm-db-deployer"#
#2026 08 19 14:48:34.920#Z#DEBUG#fed072e9-9bdc-11f1-b81c-eeee0a948f8f.OPERATION#flowable-async-job-executor-thread-19410#
Step "Upload App" finished#
#2026 08 19 14:48:35.346#Z#DEBUG#fed072e9-9bdc-11f1-b81c-eeee0a948f8f.OPERATION#flowable-async-job-executor-thread-22803#
[BuildContentDeploymentConfigurationStep] Executing task "buildContentDeploymentConfigurationTask" of process "0e285e00-9bdd-11f1-b81c-eeee0a948f8f"...#
#2026 08 19 14:48:35.353#Z#DEBUG#fed072e9-9bdc-11f1-b81c-eeee0a948f8f.OPERATION#ForkJoinPool-452-worker-1#
[BuildContentDeploymentConfigurationStep] Getting service key "bookscapm-destination-content-bookscapm-destination-service-credentials" for service instance "bookscapm-destination-service"...#
#2026 08 19 14:48:35.353#Z#DEBUG#fed072e9-9bdc-11f1-b81c-eeee0a948f8f.OPERATION#ForkJoinPool-452-worker-2#
[BuildContentDeploymentConfigurationStep] Getting service key "uaa_bookscapm-key" for service instance "bookscapm-xsuaa-service"...#
#2026 08 19 14:48:35.354#Z#DEBUG#fed072e9-9bdc-11f1-b81c-eeee0a948f8f.OPERATION#ForkJoinPool-452-worker-3#
[BuildContentDeploymentConfigurationStep] Getting service key "bookscapm_html_repo_host-key" for service instance "bookscapm-html5-app-host-service"...#
#2026 08 19 14:48:35.530#Z#INFO#fed072e9-9bdc-11f1-b81c-eeee0a948f8f.OPERATION#ForkJoinPool-452-worker-3#
[BuildContentDeploymentConfigurationStep] Service key "bookscapm_html_repo_host-key" for service "bookscapm-html5-app-host-service" already exists#
#2026 08 19 14:48:35.537#Z#INFO#fed072e9-9bdc-11f1-b81c-eeee0a948f8f.OPERATION#ForkJoinPool-452-worker-2#
[BuildContentDeploymentConfigurationStep] Service key "uaa_bookscapm-key" for service "bookscapm-xsuaa-service" already exists#
#2026 08 19 14:48:35.537#Z#INFO#fed072e9-9bdc-11f1-b81c-eeee0a948f8f.OPERATION#ForkJoinPool-452-worker-1#
[BuildContentDeploymentConfigurationStep] Service key "bookscapm-destination-content-bookscapm-destination-service-credentials" for service "bookscapm-destination-service" already exists#
#2026 08 19 14:48:35.544#Z#DEBUG#fed072e9-9bdc-11f1-b81c-eeee0a948f8f.OPERATION#flowable-async-job-executor-thread-22803#
Step "Build Content Deployment Configuration" finished#
#2026 08 19 14:48:35.548#Z#DEBUG#fed072e9-9bdc-11f1-b81c-eeee0a948f8f.OPERATION#flowable-async-job-executor-thread-22803#
[CreateContentDeployClientConfigurationStep] Executing task "createContentDeployClientConfigurationTask" of process "0e50f407-9bdd-11f1-b81c-eeee0a948f8f"...#
#2026 08 19 14:48:35.548#Z#DEBUG#fed072e9-9bdc-11f1-b81c-eeee0a948f8f.OPERATION#flowable-async-job-executor-thread-22803#
[CreateContentDeployClientConfigurationStep] Content deployer client configuration: {
  "contentDeployerUrl" : "https://destination-configuration.cfapps.us10.hana.ondemand.com/destination-configuration/gacd",
  "uaaClientConfiguration" : {
    "url" : "********",
    "credentials" : "********",
    "authenticationStrategyType" : "********"
  },
  "httpRequestHeaders" : {
    "X-CorrelationID" : "fed072e9-9bdc-11f1-b81c-eeee0a948f8f"
  },
  "spaceId" : "5d8a2d66-1cdf-4f95-ae67-ef9fb5cde8d1",
  "serviceName" : "bookscapm-destination-service"
}#
#2026 08 19 14:48:35.734#Z#DEBUG#fed072e9-9bdc-11f1-b81c-eeee0a948f8f.OPERATION#flowable-async-job-executor-thread-22803#
Step "Create Content Deploy Client Configuration" finished#
#2026 08 19 14:48:35.735#Z#DEBUG#fed072e9-9bdc-11f1-b81c-eeee0a948f8f.OPERATION#flowable-async-job-executor-thread-22803#
[GetContentFromDeploymentDescriptorStep] Executing task "getContentFromDeploymentDescriptorTask" of process "0e50f407-9bdd-11f1-b81c-eeee0a948f8f"...#
#2026 08 19 14:48:35.735#Z#DEBUG#fed072e9-9bdc-11f1-b81c-eeee0a948f8f.OPERATION#flowable-async-job-executor-thread-22803#
[GetContentFromDeploymentDescriptorStep] Content for module: "bookscapm-destination-content" is: "{
  "id" : "3c7c9aa3-1733-454f-88a7-3f5c5882331c",
  "contentType" : "EMBEDDED",
  "content" : {
    "instance" : {
      "destinations" : [ {
        "Name" : "bookscapmapplicationrouter_bookscapm_html_repo_host",
        "ServiceInstanceName" : "bookscapm-html5-app-host-service",
        "ServiceKeyName" : "********",
        "sap.cloud.service" : "bookscapmapplicationrouter"
      }, {
        "Authentication" : "********",
        "Name" : "bookscapmapplicationrouter_uaa_bookscapm",
        "ServiceInstanceName" : "bookscapm-xsuaa-service",
        "ServiceKeyName" : "********",
        "sap.cloud.service" : "bookscapmapplicationrouter"
      } ],
      "existing_destinations_policy" : "ignore"
    }
  }
}"#
#2026 08 19 14:48:35.735#Z#DEBUG#fed072e9-9bdc-11f1-b81c-eeee0a948f8f.OPERATION#flowable-async-job-executor-thread-22803#
Step "Get Content From Deployment Descriptor" finished#
#2026 08 19 14:48:35.736#Z#DEBUG#fed072e9-9bdc-11f1-b81c-eeee0a948f8f.OPERATION#flowable-async-job-executor-thread-22803#
[SynchronousContentDeployStep] Executing task "synchronousContentDeployTask" of process "0e50f407-9bdd-11f1-b81c-eeee0a948f8f"...#
#2026 08 19 14:48:35.737#Z#INFO#fed072e9-9bdc-11f1-b81c-eeee0a948f8f.OPERATION#flowable-async-job-executor-thread-22803#
[SynchronousContentDeployStep] Deploying content module "bookscapm-destination-content" in target service "bookscapm-destination-service"...#
#2026 08 19 14:48:35.887#Z#DEBUG#fed072e9-9bdc-11f1-b81c-eeee0a948f8f.OPERATION#flowable-async-job-executor-thread-22803#
[SynchronousContentDeployStep] Processing inline content upload for module: bookscapm-destination-content#
#2026 08 19 14:48:36.106#Z#DEBUG#fed072e9-9bdc-11f1-b81c-eeee0a948f8f.OPERATION#flowable-async-job-executor-thread-22803#
Step "Synchronous Deploy" finished#
#2026 08 19 14:48:39.845#Z#DEBUG#fed072e9-9bdc-11f1-b81c-eeee0a948f8f.OPERATION#App upload monitor: 280d851e-5b1a-4a55-bb86-db92ff127adb#
[UploadAppStep] Upload status: READY#
#2026 08 19 14:48:44.486#Z#DEBUG#fed072e9-9bdc-11f1-b81c-eeee0a948f8f.OPERATION#flowable-async-job-executor-thread-22808#
[UploadAppStep] Executing task "uploadAppTask" of process "09bd88f1-9bdd-11f1-82d4-eeee0a815ff2"...#
#2026 08 19 14:48:44.489#Z#DEBUG#fed072e9-9bdc-11f1-b81c-eeee0a948f8f.OPERATION#flowable-async-job-executor-thread-22808#
[UploadAppStep] Application upload timeout is default one: 3,600 seconds#
#2026 08 19 14:48:44.489#Z#DEBUG#fed072e9-9bdc-11f1-b81c-eeee0a948f8f.OPERATION#flowable-async-job-executor-thread-22808#
[UploadAppStep] Checking upload status of application "bookscapm-db-deployer"...#
#2026 08 19 14:48:44.491#Z#DEBUG#fed072e9-9bdc-11f1-b81c-eeee0a948f8f.OPERATION#flowable-async-job-executor-thread-22808#
[UploadAppStep] Getting package "280d851e-5b1a-4a55-bb86-db92ff127adb"...#
#2026 08 19 14:48:44.514#Z#DEBUG#fed072e9-9bdc-11f1-b81c-eeee0a948f8f.OPERATION#flowable-async-job-executor-thread-22808#
[UploadAppStep] Application "bookscapm-db-deployer" uploaded#
#2026 08 19 14:48:44.515#Z#DEBUG#fed072e9-9bdc-11f1-b81c-eeee0a948f8f.OPERATION#flowable-async-job-executor-thread-22808#
Step "Upload App" finished#
#2026 08 19 14:48:44.461#Z#DEBUG#fed072e9-9bdc-11f1-b81c-eeee0a948f8f.OPERATION#flowable-async-job-executor-thread-19423#
[UnbindServiceFromApplicationStep] Executing task "unbindServiceFromApplicationTask" of process "0c57bbe3-9bdd-11f1-82d4-eeee0a815ff2"...#
#2026 08 19 14:48:44.470#Z#DEBUG#fed072e9-9bdc-11f1-b81c-eeee0a948f8f.OPERATION#flowable-async-job-executor-thread-19423#
[UnbindServiceFromApplicationStep] Getting async job "714757e9-9bf3-4113-8d60-dcf213d06790"#
#2026 08 19 14:48:44.501#Z#DEBUG#fed072e9-9bdc-11f1-b81c-eeee0a948f8f.OPERATION#flowable-async-job-executor-thread-19423#
[UnbindServiceFromApplicationStep] Getting service instance "bookscapm-xsuaa-service"...#
#2026 08 19 14:48:44.598#Z#DEBUG#fed072e9-9bdc-11f1-b81c-eeee0a948f8f.OPERATION#flowable-async-job-executor-thread-19423#
[UnbindServiceFromApplicationStep] Async service binding operation with id "714757e9-9bf3-4113-8d60-dcf213d06790" finished#
#2026 08 19 14:48:44.603#Z#DEBUG#fed072e9-9bdc-11f1-b81c-eeee0a948f8f.OPERATION#flowable-async-job-executor-thread-19423#
Step "Unbind Service from Application" finished#
#2026 08 19 14:48:44.548#Z#DEBUG#fed072e9-9bdc-11f1-b81c-eeee0a948f8f.OPERATION#flowable-async-job-executor-thread-22808#
[ScaleAppStep] Executing task "scaleAppTask" of process "09bd88f1-9bdd-11f1-82d4-eeee0a815ff2"...#
#2026 08 19 14:48:44.551#Z#DEBUG#fed072e9-9bdc-11f1-b81c-eeee0a948f8f.OPERATION#flowable-async-job-executor-thread-22808#
[ScaleAppStep] Scaling application "bookscapm-db-deployer"...#
#2026 08 19 14:48:44.551#Z#DEBUG#fed072e9-9bdc-11f1-b81c-eeee0a948f8f.OPERATION#flowable-async-job-executor-thread-22808#
[ScaleAppStep] Getting application guid "bookscapm-db-deployer"...#
#2026 08 19 14:48:44.587#Z#DEBUG#fed072e9-9bdc-11f1-b81c-eeee0a948f8f.OPERATION#flowable-async-job-executor-thread-22808#
[ScaleAppStep] Getting process for application "eed2b67a-83f4-424b-8876-9856be729ff6"...#
#2026 08 19 14:48:44.620#Z#DEBUG#fed072e9-9bdc-11f1-b81c-eeee0a948f8f.OPERATION#flowable-async-job-executor-thread-22808#
[ScaleAppStep] Application "bookscapm-db-deployer" scaled#
#2026 08 19 14:48:44.620#Z#DEBUG#fed072e9-9bdc-11f1-b81c-eeee0a948f8f.OPERATION#flowable-async-job-executor-thread-22808#
Step "Scale App" finished#
#2026 08 19 14:48:44.651#Z#DEBUG#fed072e9-9bdc-11f1-b81c-eeee0a948f8f.OPERATION#flowable-async-job-executor-thread-22808#
[DetermineDesiredStateAchievingActionsStep] Executing task "determineDesiredStateAchievingActionsTask" of process "09bd88f1-9bdd-11f1-82d4-eeee0a815ff2"...#
#2026 08 19 14:48:44.653#Z#DEBUG#fed072e9-9bdc-11f1-b81c-eeee0a948f8f.OPERATION#flowable-async-job-executor-thread-22808#
[DetermineDesiredStateAchievingActionsStep] Getting application "bookscapm-db-deployer"...#
#2026 08 19 14:48:44.682#Z#DEBUG#fed072e9-9bdc-11f1-b81c-eeee0a948f8f.OPERATION#flowable-async-job-executor-thread-22808#
[DetermineDesiredStateAchievingActionsStep] Getting instances for application "bookscapm-db-deployer"...#
#2026 08 19 14:48:44.682#Z#DEBUG#fed072e9-9bdc-11f1-b81c-eeee0a948f8f.OPERATION#flowable-async-job-executor-thread-22808#
[DetermineDesiredStateAchievingActionsStep] Getting environment of application "eed2b67a-83f4-424b-8876-9856be729ff6"...#
#2026 08 19 14:48:44.708#Z#DEBUG#fed072e9-9bdc-11f1-b81c-eeee0a948f8f.OPERATION#flowable-async-job-executor-thread-22808#
[DetermineDesiredStateAchievingActionsStep] Current state of application bookscapm-db-deployer: STOPPED#
#2026 08 19 14:48:44.708#Z#DEBUG#fed072e9-9bdc-11f1-b81c-eeee0a948f8f.OPERATION#flowable-async-job-executor-thread-22808#
[DetermineDesiredStateAchievingActionsStep] Desired state of application bookscapm-db-deployer: STOPPED#
#2026 08 19 14:48:44.708#Z#DEBUG#fed072e9-9bdc-11f1-b81c-eeee0a948f8f.OPERATION#flowable-async-job-executor-thread-22808#
[DetermineDesiredStateAchievingActionsStep] Actions that should be executed on application bookscapm-db-deployer: [STAGE]#
#2026 08 19 14:48:44.708#Z#DEBUG#fed072e9-9bdc-11f1-b81c-eeee0a948f8f.OPERATION#flowable-async-job-executor-thread-22808#
Step "Determine Desired State Achieving Actions" finished#
#2026 08 19 14:48:44.671#Z#DEBUG#fed072e9-9bdc-11f1-b81c-eeee0a948f8f.OPERATION#flowable-async-job-executor-thread-19423#
[BindServiceToApplicationStep] Executing task "bindServiceToApplicationTask" of process "0c57bbe3-9bdd-11f1-82d4-eeee0a815ff2"...#
#2026 08 19 14:48:44.673#Z#INFO#fed072e9-9bdc-11f1-b81c-eeee0a948f8f.OPERATION#flowable-async-job-executor-thread-19423#
[BindServiceToApplicationStep] Binding service instance "bookscapm-xsuaa-service" to application "bookscapm-srv"...#
#2026 08 19 14:48:44.681#Z#DEBUG#fed072e9-9bdc-11f1-b81c-eeee0a948f8f.OPERATION#flowable-async-job-executor-thread-19423#
[BindServiceToApplicationStep] Binding service instance "bookscapm-xsuaa-service" to application "bookscapm-srv" with parameters: { }#
#2026 08 19 14:48:44.823#Z#DEBUG#fed072e9-9bdc-11f1-b81c-eeee0a948f8f.OPERATION#flowable-async-job-executor-thread-19423#
Step "Bind Service to Application" finished#
#2026 08 19 14:48:44.479#Z#DEBUG#fed072e9-9bdc-11f1-b81c-eeee0a948f8f.OPERATION#flowable-async-job-executor-thread-19424#
[StartContentDeployStep] Executing task "startContentDeployTask" of process "0c83d5b3-9bdd-11f1-82d4-eeee0a815ff2"...#
#2026 08 19 14:48:44.485#Z#DEBUG#fed072e9-9bdc-11f1-b81c-eeee0a948f8f.OPERATION#flowable-async-job-executor-thread-19424#
[StartContentDeployStep] Checking status of module content deployment "bookscapm-app-content" in service "bookscapm_html_repo_host"...#
#2026 08 19 14:48:44.987#Z#DEBUG#fed072e9-9bdc-11f1-b81c-eeee0a948f8f.OPERATION#flowable-async-job-executor-thread-19424#
[StartContentDeployStep] Deleting content deployment resource "5ebfab62-75e8-4a34-a4e2-ff12e863f449"...#
#2026 08 19 14:48:45.032#Z#DEBUG#fed072e9-9bdc-11f1-b81c-eeee0a948f8f.OPERATION#flowable-async-job-executor-thread-19424#
Step "Start Content Deploy" finished#
#2026 08 19 14:48:44.738#Z#DEBUG#fed072e9-9bdc-11f1-b81c-eeee0a948f8f.OPERATION#flowable-async-job-executor-thread-22808#
[StageAppStep] Executing task "stageAppTask" of process "09bd88f1-9bdd-11f1-82d4-eeee0a815ff2"...#
#2026 08 19 14:48:44.740#Z#DEBUG#fed072e9-9bdc-11f1-b81c-eeee0a948f8f.OPERATION#flowable-async-job-executor-thread-22808#
[StageAppStep] Application stage timeout is default one: 3,600 seconds#
#2026 08 19 14:48:44.741#Z#INFO#fed072e9-9bdc-11f1-b81c-eeee0a948f8f.OPERATION#flowable-async-job-executor-thread-22808#
[StageAppStep] Staging application "bookscapm-db-deployer"...#
#2026 08 19 14:48:44.746#Z#DEBUG#fed072e9-9bdc-11f1-b81c-eeee0a948f8f.OPERATION#flowable-async-job-executor-thread-22808#
[StageAppStep] Creating build for package "280d851e-5b1a-4a55-bb86-db92ff127adb"...#
#2026 08 19 14:48:45.118#Z#DEBUG#fed072e9-9bdc-11f1-b81c-eeee0a948f8f.OPERATION#flowable-async-job-executor-thread-22808#
Step "Stage App" finished#
#2026 08 19 14:48:54.573#Z#DEBUG#fed072e9-9bdc-11f1-b81c-eeee0a948f8f.OPERATION#flowable-async-job-executor-thread-22814#
[BindServiceToApplicationStep] Executing task "bindServiceToApplicationTask" of process "0c57bbe3-9bdd-11f1-82d4-eeee0a815ff2"...#
#2026 08 19 14:48:54.579#Z#DEBUG#fed072e9-9bdc-11f1-b81c-eeee0a948f8f.OPERATION#flowable-async-job-executor-thread-22814#
[BindServiceToApplicationStep] Getting async job "2863794f-fa4a-42b1-b77c-061416cb35e0"#
#2026 08 19 14:48:54.619#Z#DEBUG#fed072e9-9bdc-11f1-b81c-eeee0a948f8f.OPERATION#flowable-async-job-executor-thread-22814#
[BindServiceToApplicationStep] Getting service instance "bookscapm-xsuaa-service"...#
#2026 08 19 14:48:54.725#Z#DEBUG#fed072e9-9bdc-11f1-b81c-eeee0a948f8f.OPERATION#flowable-async-job-executor-thread-22814#
[BindServiceToApplicationStep] Async service binding operation with id "2863794f-fa4a-42b1-b77c-061416cb35e0" finished#
#2026 08 19 14:48:54.727#Z#DEBUG#fed072e9-9bdc-11f1-b81c-eeee0a948f8f.OPERATION#flowable-async-job-executor-thread-22814#
Step "Bind Service to Application" finished#
#2026 08 19 14:48:54.627#Z#DEBUG#fed072e9-9bdc-11f1-b81c-eeee0a948f8f.OPERATION#flowable-async-job-executor-thread-22153#
[StageAppStep] Executing task "stageAppTask" of process "09bd88f1-9bdd-11f1-82d4-eeee0a815ff2"...#
#2026 08 19 14:48:54.630#Z#DEBUG#fed072e9-9bdc-11f1-b81c-eeee0a948f8f.OPERATION#flowable-async-job-executor-thread-22153#
[StageAppStep] Application stage timeout is default one: 3,600 seconds#
#2026 08 19 14:48:54.632#Z#DEBUG#fed072e9-9bdc-11f1-b81c-eeee0a948f8f.OPERATION#flowable-async-job-executor-thread-22153#
[StageAppStep] Checking status of application "bookscapm-db-deployer"...#
#2026 08 19 14:48:54.632#Z#DEBUG#fed072e9-9bdc-11f1-b81c-eeee0a948f8f.OPERATION#flowable-async-job-executor-thread-22153#
[StageAppStep] Getting build "cbc0ad02-b579-4893-9b9f-d4c36f16650e"...#
#2026 08 19 14:48:54.661#Z#DEBUG#fed072e9-9bdc-11f1-b81c-eeee0a948f8f.OPERATION#flowable-async-job-executor-thread-22153#
[StageAppStep] Staging status of application "bookscapm-db-deployer": PENDING#
#2026 08 19 14:48:54.662#Z#DEBUG#fed072e9-9bdc-11f1-b81c-eeee0a948f8f.OPERATION#flowable-async-job-executor-thread-22153#
[StageAppStep] Getting application guid "bookscapm-db-deployer"...#
#2026 08 19 14:48:54.736#Z#DEBUG#fed072e9-9bdc-11f1-b81c-eeee0a948f8f.OPERATION#flowable-async-job-executor-thread-22153#
Step "Stage App" finished#
#2026 08 19 14:48:54.874#Z#DEBUG#fed072e9-9bdc-11f1-b81c-eeee0a948f8f.OPERATION#flowable-async-job-executor-thread-22814#
[DetermineVcapServicesPropertiesChangedStep] Executing task "determineVcapServicesPropertiesChangedTask" of process "19cda09e-9bdd-11f1-b81c-eeee0a948f8f"...#
#2026 08 19 14:48:54.876#Z#DEBUG#fed072e9-9bdc-11f1-b81c-eeee0a948f8f.OPERATION#flowable-async-job-executor-thread-22814#
[DetermineVcapServicesPropertiesChangedStep] VCAP_SERVICES properties for application "bookscapm-srv" changed: true#
#2026 08 19 14:48:54.876#Z#DEBUG#fed072e9-9bdc-11f1-b81c-eeee0a948f8f.OPERATION#flowable-async-job-executor-thread-22814#
Step "Determine vcap services properties changed" finished#
#2026 08 19 14:48:54.910#Z#DEBUG#fed072e9-9bdc-11f1-b81c-eeee0a948f8f.OPERATION#flowable-async-job-executor-thread-22814#
[UploadAppStep] Executing task "uploadAppTask" of process "19cda09e-9bdd-11f1-b81c-eeee0a948f8f"...#
#2026 08 19 14:48:54.913#Z#DEBUG#fed072e9-9bdc-11f1-b81c-eeee0a948f8f.OPERATION#flowable-async-job-executor-thread-22814#
[UploadAppStep] Application upload timeout is default one: 3,600 seconds#
#2026 08 19 14:48:54.913#Z#INFO#fed072e9-9bdc-11f1-b81c-eeee0a948f8f.OPERATION#flowable-async-job-executor-thread-22814#
[UploadAppStep] Uploading application "bookscapm-srv"...#
#2026 08 19 14:48:54.919#Z#DEBUG#fed072e9-9bdc-11f1-b81c-eeee0a948f8f.OPERATION#flowable-async-job-executor-thread-22814#
[UploadAppStep] Getting application "bookscapm-srv"...#
#2026 08 19 14:48:54.946#Z#DEBUG#fed072e9-9bdc-11f1-b81c-eeee0a948f8f.OPERATION#flowable-async-job-executor-thread-22814#
[UploadAppStep] Getting environment of application "e4fbc9e0-0224-4a88-a46f-eef717330b07"...#
#2026 08 19 14:48:54.981#Z#INFO#fed072e9-9bdc-11f1-b81c-eeee0a948f8f.OPERATION#flowable-async-job-executor-thread-22814#
[UploadAppStep] Calculating application digest: "bookscapm-srv"#
#2026 08 19 14:48:55.084#Z#DEBUG#fed072e9-9bdc-11f1-b81c-eeee0a948f8f.OPERATION#flowable-async-job-executor-thread-22814#
Step "Upload App" finished#
#2026 08 19 14:49:04.680#Z#DEBUG#fed072e9-9bdc-11f1-b81c-eeee0a948f8f.OPERATION#flowable-async-job-executor-thread-22815#
[StageAppStep] Executing task "stageAppTask" of process "09bd88f1-9bdd-11f1-82d4-eeee0a815ff2"...#
#2026 08 19 14:49:04.682#Z#DEBUG#fed072e9-9bdc-11f1-b81c-eeee0a948f8f.OPERATION#flowable-async-job-executor-thread-22815#
[StageAppStep] Application stage timeout is default one: 3,600 seconds#
#2026 08 19 14:49:04.683#Z#DEBUG#fed072e9-9bdc-11f1-b81c-eeee0a948f8f.OPERATION#flowable-async-job-executor-thread-22815#
[StageAppStep] Checking status of application "bookscapm-db-deployer"...#
#2026 08 19 14:49:04.683#Z#DEBUG#fed072e9-9bdc-11f1-b81c-eeee0a948f8f.OPERATION#flowable-async-job-executor-thread-22815#
[StageAppStep] Getting build "cbc0ad02-b579-4893-9b9f-d4c36f16650e"...#
#2026 08 19 14:49:04.712#Z#DEBUG#fed072e9-9bdc-11f1-b81c-eeee0a948f8f.OPERATION#flowable-async-job-executor-thread-22815#
[StageAppStep] Staging status of application "bookscapm-db-deployer": PENDING#
#2026 08 19 14:49:04.713#Z#DEBUG#fed072e9-9bdc-11f1-b81c-eeee0a948f8f.OPERATION#flowable-async-job-executor-thread-22815#
[StageAppStep] Getting application guid "bookscapm-db-deployer"...#
#2026 08 19 14:49:04.804#Z#DEBUG#fed072e9-9bdc-11f1-b81c-eeee0a948f8f.OPERATION#flowable-async-job-executor-thread-22815#
Step "Stage App" finished#
#2026 08 19 14:49:04.697#Z#DEBUG#fed072e9-9bdc-11f1-b81c-eeee0a948f8f.OPERATION#flowable-async-job-executor-thread-22158#
[UploadAppStep] Executing task "uploadAppTask" of process "19cda09e-9bdd-11f1-b81c-eeee0a948f8f"...#
#2026 08 19 14:49:04.700#Z#DEBUG#fed072e9-9bdc-11f1-b81c-eeee0a948f8f.OPERATION#flowable-async-job-executor-thread-22158#
[UploadAppStep] Application upload timeout is default one: 3,600 seconds#
#2026 08 19 14:49:04.703#Z#DEBUG#fed072e9-9bdc-11f1-b81c-eeee0a948f8f.OPERATION#pool-21-thread-5#
[UploadAppStep] Upload of application: bookscapm-srv started on instance: 2#
#2026 08 19 14:49:04.703#Z#DEBUG#fed072e9-9bdc-11f1-b81c-eeee0a948f8f.OPERATION#pool-21-thread-5#
[UploadAppStep] Uploading file "bookscapm-srv/data.zip" for application "bookscapm-srv"#
#2026 08 19 14:49:04.843#Z#INFO#fed072e9-9bdc-11f1-b81c-eeee0a948f8f.OPERATION#pool-21-thread-5#
[UploadAppStep] Time elapsed for app binary download: 139 in millis#
#2026 08 19 14:49:04.843#Z#INFO#fed072e9-9bdc-11f1-b81c-eeee0a948f8f.OPERATION#pool-21-thread-5#
[UploadAppStep] Size of app bookscapm-srv is 4,597,078 bytes#
#2026 08 19 14:49:04.843#Z#DEBUG#fed072e9-9bdc-11f1-b81c-eeee0a948f8f.OPERATION#pool-21-thread-5#
[UploadAppStep] Asynchronously uploading binaries for application "bookscapm-srv"...#
#2026 08 19 14:49:05.063#Z#INFO#fed072e9-9bdc-11f1-b81c-eeee0a948f8f.OPERATION#pool-21-thread-5#
[UploadAppStep] Started async upload of application "bookscapm-srv"#
#2026 08 19 14:49:05.070#Z#INFO#fed072e9-9bdc-11f1-b81c-eeee0a948f8f.OPERATION#flowable-async-job-executor-thread-22158#
[UploadAppStep] Time elapsed for upload: 369 in millis#
#2026 08 19 14:49:05.070#Z#DEBUG#fed072e9-9bdc-11f1-b81c-eeee0a948f8f.OPERATION#flowable-async-job-executor-thread-22158#
[UploadAppStep] Getting application "bookscapm-srv"...#
#2026 08 19 14:49:05.096#Z#DEBUG#fed072e9-9bdc-11f1-b81c-eeee0a948f8f.OPERATION#App upload monitor: dd18f228-c1d0-423b-a6ca-e0803f279c6f#
[UploadAppStep] Upload status: PROCESSING_UPLOAD#
#2026 08 19 14:49:05.102#Z#DEBUG#fed072e9-9bdc-11f1-b81c-eeee0a948f8f.OPERATION#flowable-async-job-executor-thread-22158#
[UploadAppStep] Getting environment of application "e4fbc9e0-0224-4a88-a46f-eef717330b07"...#
#2026 08 19 14:49:05.134#Z#DEBUG#fed072e9-9bdc-11f1-b81c-eeee0a948f8f.OPERATION#flowable-async-job-executor-thread-22158#
[UploadAppStep] Updating environment of application "bookscapm-srv"#
#2026 08 19 14:49:05.332#Z#DEBUG#fed072e9-9bdc-11f1-b81c-eeee0a948f8f.OPERATION#flowable-async-job-executor-thread-22158#
Step "Upload App" finished#
#2026 08 19 14:49:10.121#Z#DEBUG#fed072e9-9bdc-11f1-b81c-eeee0a948f8f.OPERATION#App upload monitor: dd18f228-c1d0-423b-a6ca-e0803f279c6f#
[UploadAppStep] Upload status: PROCESSING_UPLOAD#
#2026 08 19 14:49:14.786#Z#DEBUG#fed072e9-9bdc-11f1-b81c-eeee0a948f8f.OPERATION#flowable-async-job-executor-thread-22169#
[UploadAppStep] Executing task "uploadAppTask" of process "19cda09e-9bdd-11f1-b81c-eeee0a948f8f"...#
#2026 08 19 14:49:14.788#Z#DEBUG#fed072e9-9bdc-11f1-b81c-eeee0a948f8f.OPERATION#flowable-async-job-executor-thread-22169#
[UploadAppStep] Application upload timeout is default one: 3,600 seconds#
#2026 08 19 14:49:14.788#Z#DEBUG#fed072e9-9bdc-11f1-b81c-eeee0a948f8f.OPERATION#flowable-async-job-executor-thread-22169#
[UploadAppStep] Checking upload status of application "bookscapm-srv"...#
#2026 08 19 14:49:14.791#Z#DEBUG#fed072e9-9bdc-11f1-b81c-eeee0a948f8f.OPERATION#flowable-async-job-executor-thread-22169#
[UploadAppStep] Getting package "dd18f228-c1d0-423b-a6ca-e0803f279c6f"...#
#2026 08 19 14:49:14.819#Z#DEBUG#fed072e9-9bdc-11f1-b81c-eeee0a948f8f.OPERATION#flowable-async-job-executor-thread-22169#
[UploadAppStep] Application "bookscapm-srv" uploaded#
#2026 08 19 14:49:14.820#Z#DEBUG#fed072e9-9bdc-11f1-b81c-eeee0a948f8f.OPERATION#flowable-async-job-executor-thread-22169#
Step "Upload App" finished#
#2026 08 19 14:49:14.719#Z#DEBUG#fed072e9-9bdc-11f1-b81c-eeee0a948f8f.OPERATION#flowable-async-job-executor-thread-22825#
[StageAppStep] Executing task "stageAppTask" of process "09bd88f1-9bdd-11f1-82d4-eeee0a815ff2"...#
#2026 08 19 14:49:14.722#Z#DEBUG#fed072e9-9bdc-11f1-b81c-eeee0a948f8f.OPERATION#flowable-async-job-executor-thread-22825#
[StageAppStep] Application stage timeout is default one: 3,600 seconds#
#2026 08 19 14:49:14.724#Z#DEBUG#fed072e9-9bdc-11f1-b81c-eeee0a948f8f.OPERATION#flowable-async-job-executor-thread-22825#
[StageAppStep] Checking status of application "bookscapm-db-deployer"...#
#2026 08 19 14:49:14.724#Z#DEBUG#fed072e9-9bdc-11f1-b81c-eeee0a948f8f.OPERATION#flowable-async-job-executor-thread-22825#
[StageAppStep] Getting build "cbc0ad02-b579-4893-9b9f-d4c36f16650e"...#
#2026 08 19 14:49:14.757#Z#DEBUG#fed072e9-9bdc-11f1-b81c-eeee0a948f8f.OPERATION#flowable-async-job-executor-thread-22825#
[StageAppStep] Staging status of application "bookscapm-db-deployer": STAGED#
#2026 08 19 14:49:14.758#Z#DEBUG#fed072e9-9bdc-11f1-b81c-eeee0a948f8f.OPERATION#flowable-async-job-executor-thread-22825#
[StageAppStep] Getting application guid "bookscapm-db-deployer"...#
#2026 08 19 14:49:14.845#Z#DEBUG#fed072e9-9bdc-11f1-b81c-eeee0a948f8f.OPERATION#flowable-async-job-executor-thread-22825#
[StageAppStep] Getting build "cbc0ad02-b579-4893-9b9f-d4c36f16650e"...#
#2026 08 19 14:49:14.877#Z#DEBUG#fed072e9-9bdc-11f1-b81c-eeee0a948f8f.OPERATION#flowable-async-job-executor-thread-22825#
[StageAppStep] Binding droplet "0db4c88f-3873-4e92-9831-6c3c03c96e07" to application "eed2b67a-83f4-424b-8876-9856be729ff6"...#
#2026 08 19 14:49:14.938#Z#INFO#fed072e9-9bdc-11f1-b81c-eeee0a948f8f.OPERATION#flowable-async-job-executor-thread-22825#
[StageAppStep] Application "bookscapm-db-deployer" staged#
#2026 08 19 14:49:14.944#Z#DEBUG#fed072e9-9bdc-11f1-b81c-eeee0a948f8f.OPERATION#flowable-async-job-executor-thread-22825#
Step "Stage App" finished#
#2026 08 19 14:49:14.957#Z#DEBUG#fed072e9-9bdc-11f1-b81c-eeee0a948f8f.OPERATION#flowable-async-job-executor-thread-22165#
[ScaleAppStep] Executing task "scaleAppTask" of process "19cda09e-9bdd-11f1-b81c-eeee0a948f8f"...#
#2026 08 19 14:49:14.960#Z#DEBUG#fed072e9-9bdc-11f1-b81c-eeee0a948f8f.OPERATION#flowable-async-job-executor-thread-22165#
[ScaleAppStep] Scaling application "bookscapm-srv"...#
#2026 08 19 14:49:14.960#Z#DEBUG#fed072e9-9bdc-11f1-b81c-eeee0a948f8f.OPERATION#flowable-async-job-executor-thread-22165#
[ScaleAppStep] Getting application guid "bookscapm-srv"...#
#2026 08 19 14:49:14.989#Z#DEBUG#fed072e9-9bdc-11f1-b81c-eeee0a948f8f.OPERATION#flowable-async-job-executor-thread-22165#
[ScaleAppStep] Getting process for application "e4fbc9e0-0224-4a88-a46f-eef717330b07"...#
#2026 08 19 14:49:15.024#Z#DEBUG#fed072e9-9bdc-11f1-b81c-eeee0a948f8f.OPERATION#flowable-async-job-executor-thread-22165#
[ScaleAppStep] Application "bookscapm-srv" scaled#
#2026 08 19 14:49:15.024#Z#DEBUG#fed072e9-9bdc-11f1-b81c-eeee0a948f8f.OPERATION#flowable-async-job-executor-thread-22165#
Step "Scale App" finished#
#2026 08 19 14:49:15.043#Z#DEBUG#fed072e9-9bdc-11f1-b81c-eeee0a948f8f.OPERATION#flowable-async-job-executor-thread-22828#
[PrepareToExecuteTasksStep] Executing task "prepareToExecuteTasksTask" of process "25d32c80-9bdd-11f1-b81c-eeee0a948f8f"...#
#2026 08 19 14:49:15.046#Z#DEBUG#fed072e9-9bdc-11f1-b81c-eeee0a948f8f.OPERATION#flowable-async-job-executor-thread-22828#
Step "Prepare To Execute Tasks" finished#
#2026 08 19 14:49:15.147#Z#DEBUG#fed072e9-9bdc-11f1-b81c-eeee0a948f8f.OPERATION#App upload monitor: dd18f228-c1d0-423b-a6ca-e0803f279c6f#
[UploadAppStep] Upload status: READY#
#2026 08 19 14:49:15.087#Z#DEBUG#fed072e9-9bdc-11f1-b81c-eeee0a948f8f.OPERATION#flowable-async-job-executor-thread-22165#
[DetermineDesiredStateAchievingActionsStep] Executing task "determineDesiredStateAchievingActionsTask" of process "19cda09e-9bdd-11f1-b81c-eeee0a948f8f"...#
#2026 08 19 14:49:15.090#Z#DEBUG#fed072e9-9bdc-11f1-b81c-eeee0a948f8f.OPERATION#flowable-async-job-executor-thread-22165#
[DetermineDesiredStateAchievingActionsStep] Getting application "bookscapm-srv"...#
#2026 08 19 14:49:15.120#Z#DEBUG#fed072e9-9bdc-11f1-b81c-eeee0a948f8f.OPERATION#flowable-async-job-executor-thread-22165#
[DetermineDesiredStateAchievingActionsStep] Getting instances for application "bookscapm-srv"...#
#2026 08 19 14:49:15.120#Z#DEBUG#fed072e9-9bdc-11f1-b81c-eeee0a948f8f.OPERATION#flowable-async-job-executor-thread-22165#
[DetermineDesiredStateAchievingActionsStep] Getting environment of application "e4fbc9e0-0224-4a88-a46f-eef717330b07"...#
#2026 08 19 14:49:15.149#Z#DEBUG#fed072e9-9bdc-11f1-b81c-eeee0a948f8f.OPERATION#flowable-async-job-executor-thread-22165#
[DetermineDesiredStateAchievingActionsStep] Current state of application bookscapm-srv: STOPPED#
#2026 08 19 14:49:15.149#Z#DEBUG#fed072e9-9bdc-11f1-b81c-eeee0a948f8f.OPERATION#flowable-async-job-executor-thread-22165#
[DetermineDesiredStateAchievingActionsStep] Desired state of application bookscapm-srv: STARTED#
#2026 08 19 14:49:15.150#Z#DEBUG#fed072e9-9bdc-11f1-b81c-eeee0a948f8f.OPERATION#flowable-async-job-executor-thread-22165#
[DetermineDesiredStateAchievingActionsStep] Actions that should be executed on application bookscapm-srv: [STAGE, START]#
#2026 08 19 14:49:15.150#Z#DEBUG#fed072e9-9bdc-11f1-b81c-eeee0a948f8f.OPERATION#flowable-async-job-executor-thread-22165#
Step "Determine Desired State Achieving Actions" finished#
#2026 08 19 14:49:15.092#Z#DEBUG#fed072e9-9bdc-11f1-b81c-eeee0a948f8f.OPERATION#flowable-async-job-executor-thread-22828#
[ExecuteTaskStep] Executing task "executeTaskTask" of process "25d32c80-9bdd-11f1-b81c-eeee0a948f8f"...#
#2026 08 19 14:49:15.095#Z#DEBUG#fed072e9-9bdc-11f1-b81c-eeee0a948f8f.OPERATION#flowable-async-job-executor-thread-22828#
[ExecuteTaskStep] Application task execution timeout is default one: 43,200 seconds#
#2026 08 19 14:49:15.097#Z#INFO#fed072e9-9bdc-11f1-b81c-eeee0a948f8f.OPERATION#flowable-async-job-executor-thread-22828#
[ExecuteTaskStep] Executing task "deploy" on application "bookscapm-db-deployer"...#
#2026 08 19 14:49:15.108#Z#DEBUG#fed072e9-9bdc-11f1-b81c-eeee0a948f8f.OPERATION#flowable-async-job-executor-thread-22828#
[ExecuteTaskStep] Running task on application "bookscapm-db-deployer": {
  "name" : "deploy",
  "command" : "npm start",
  "limits" : {
    "memory" : 256
  }
}#
#2026 08 19 14:49:15.338#Z#DEBUG#fed072e9-9bdc-11f1-b81c-eeee0a948f8f.OPERATION#flowable-async-job-executor-thread-22828#
Step "Execute Task" finished#
#2026 08 19 14:49:15.188#Z#DEBUG#fed072e9-9bdc-11f1-b81c-eeee0a948f8f.OPERATION#flowable-async-job-executor-thread-22165#
[StageAppStep] Executing task "stageAppTask" of process "19cda09e-9bdd-11f1-b81c-eeee0a948f8f"...#
#2026 08 19 14:49:15.190#Z#DEBUG#fed072e9-9bdc-11f1-b81c-eeee0a948f8f.OPERATION#flowable-async-job-executor-thread-22165#
[StageAppStep] Application stage timeout is default one: 3,600 seconds#
#2026 08 19 14:49:15.192#Z#INFO#fed072e9-9bdc-11f1-b81c-eeee0a948f8f.OPERATION#flowable-async-job-executor-thread-22165#
[StageAppStep] Staging application "bookscapm-srv"...#
#2026 08 19 14:49:15.196#Z#DEBUG#fed072e9-9bdc-11f1-b81c-eeee0a948f8f.OPERATION#flowable-async-job-executor-thread-22165#
[StageAppStep] Creating build for package "dd18f228-c1d0-423b-a6ca-e0803f279c6f"...#
#2026 08 19 14:49:15.707#Z#DEBUG#fed072e9-9bdc-11f1-b81c-eeee0a948f8f.OPERATION#flowable-async-job-executor-thread-22165#
Step "Stage App" finished#
#2026 08 19 14:49:24.813#Z#DEBUG#fed072e9-9bdc-11f1-b81c-eeee0a948f8f.OPERATION#flowable-async-job-executor-thread-22177#
[ExecuteTaskStep] Executing task "executeTaskTask" of process "25d32c80-9bdd-11f1-b81c-eeee0a948f8f"...#
#2026 08 19 14:49:24.815#Z#DEBUG#fed072e9-9bdc-11f1-b81c-eeee0a948f8f.OPERATION#flowable-async-job-executor-thread-22177#
[ExecuteTaskStep] Application task execution timeout is default one: 43,200 seconds#
#2026 08 19 14:49:24.817#Z#DEBUG#fed072e9-9bdc-11f1-b81c-eeee0a948f8f.OPERATION#flowable-async-job-executor-thread-22177#
[ExecuteTaskStep] Getting task "f10f1909-3da2-4672-ab0b-c7396a935fd4"...#
#2026 08 19 14:49:24.856#Z#DEBUG#fed072e9-9bdc-11f1-b81c-eeee0a948f8f.OPERATION#flowable-async-job-executor-thread-22177#
[ExecuteTaskStep] Task execution status: running#
#2026 08 19 14:49:24.857#Z#DEBUG#fed072e9-9bdc-11f1-b81c-eeee0a948f8f.OPERATION#flowable-async-job-executor-thread-22177#
[ExecuteTaskStep] Getting application guid "bookscapm-db-deployer"...#
#2026 08 19 14:49:24.949#Z#DEBUG#fed072e9-9bdc-11f1-b81c-eeee0a948f8f.OPERATION#flowable-async-job-executor-thread-22177#
Step "Execute Task" finished#
#2026 08 19 14:49:24.855#Z#DEBUG#fed072e9-9bdc-11f1-b81c-eeee0a948f8f.OPERATION#flowable-async-job-executor-thread-22171#
[StageAppStep] Executing task "stageAppTask" of process "19cda09e-9bdd-11f1-b81c-eeee0a948f8f"...#
#2026 08 19 14:49:24.859#Z#DEBUG#fed072e9-9bdc-11f1-b81c-eeee0a948f8f.OPERATION#flowable-async-job-executor-thread-22171#
[StageAppStep] Application stage timeout is default one: 3,600 seconds#
#2026 08 19 14:49:24.861#Z#DEBUG#fed072e9-9bdc-11f1-b81c-eeee0a948f8f.OPERATION#flowable-async-job-executor-thread-22171#
[StageAppStep] Checking status of application "bookscapm-srv"...#
#2026 08 19 14:49:24.861#Z#DEBUG#fed072e9-9bdc-11f1-b81c-eeee0a948f8f.OPERATION#flowable-async-job-executor-thread-22171#
[StageAppStep] Getting build "6b970c29-85a6-4d44-8294-a12f301d2830"...#
#2026 08 19 14:49:24.889#Z#DEBUG#fed072e9-9bdc-11f1-b81c-eeee0a948f8f.OPERATION#flowable-async-job-executor-thread-22171#
[StageAppStep] Staging status of application "bookscapm-srv": PENDING#
#2026 08 19 14:49:24.890#Z#DEBUG#fed072e9-9bdc-11f1-b81c-eeee0a948f8f.OPERATION#flowable-async-job-executor-thread-22171#
[StageAppStep] Getting application guid "bookscapm-srv"...#
#2026 08 19 14:49:24.991#Z#DEBUG#fed072e9-9bdc-11f1-b81c-eeee0a948f8f.OPERATION#flowable-async-job-executor-thread-22171#
Step "Stage App" finished#
#2026 08 19 14:49:34.899#Z#DEBUG#fed072e9-9bdc-11f1-b81c-eeee0a948f8f.OPERATION#flowable-async-job-executor-thread-22184#
[StageAppStep] Executing task "stageAppTask" of process "19cda09e-9bdd-11f1-b81c-eeee0a948f8f"...#
#2026 08 19 14:49:34.902#Z#DEBUG#fed072e9-9bdc-11f1-b81c-eeee0a948f8f.OPERATION#flowable-async-job-executor-thread-22184#
[StageAppStep] Application stage timeout is default one: 3,600 seconds#
#2026 08 19 14:49:34.904#Z#DEBUG#fed072e9-9bdc-11f1-b81c-eeee0a948f8f.OPERATION#flowable-async-job-executor-thread-22184#
[StageAppStep] Checking status of application "bookscapm-srv"...#
#2026 08 19 14:49:34.904#Z#DEBUG#fed072e9-9bdc-11f1-b81c-eeee0a948f8f.OPERATION#flowable-async-job-executor-thread-22184#
[StageAppStep] Getting build "6b970c29-85a6-4d44-8294-a12f301d2830"...#
#2026 08 19 14:49:34.947#Z#DEBUG#fed072e9-9bdc-11f1-b81c-eeee0a948f8f.OPERATION#flowable-async-job-executor-thread-22184#
[StageAppStep] Staging status of application "bookscapm-srv": PENDING#
#2026 08 19 14:49:34.948#Z#DEBUG#fed072e9-9bdc-11f1-b81c-eeee0a948f8f.OPERATION#flowable-async-job-executor-thread-22184#
[StageAppStep] Getting application guid "bookscapm-srv"...#
#2026 08 19 14:49:35.042#Z#DEBUG#fed072e9-9bdc-11f1-b81c-eeee0a948f8f.OPERATION#flowable-async-job-executor-thread-22184#
Step "Stage App" finished#
#2026 08 19 14:49:34.865#Z#DEBUG#fed072e9-9bdc-11f1-b81c-eeee0a948f8f.OPERATION#flowable-async-job-executor-thread-22185#
[ExecuteTaskStep] Executing task "executeTaskTask" of process "25d32c80-9bdd-11f1-b81c-eeee0a948f8f"...#
#2026 08 19 14:49:34.869#Z#DEBUG#fed072e9-9bdc-11f1-b81c-eeee0a948f8f.OPERATION#flowable-async-job-executor-thread-22185#
[ExecuteTaskStep] Application task execution timeout is default one: 43,200 seconds#
#2026 08 19 14:49:34.871#Z#DEBUG#fed072e9-9bdc-11f1-b81c-eeee0a948f8f.OPERATION#flowable-async-job-executor-thread-22185#
[ExecuteTaskStep] Getting task "f10f1909-3da2-4672-ab0b-c7396a935fd4"...#
#2026 08 19 14:49:34.935#Z#DEBUG#fed072e9-9bdc-11f1-b81c-eeee0a948f8f.OPERATION#flowable-async-job-executor-thread-22185#
[ExecuteTaskStep] Task execution status: failed#
#2026 08 19 14:49:34.936#Z#DEBUG#fed072e9-9bdc-11f1-b81c-eeee0a948f8f.OPERATION#flowable-async-job-executor-thread-22185#
[ExecuteTaskStep] Getting application guid "bookscapm-db-deployer"...#
#2026 08 19 14:49:35.036#Z#ERROR#fed072e9-9bdc-11f1-b81c-eeee0a948f8f.OPERATION#flowable-async-job-executor-thread-22185#
[ExecuteTaskStep] Execution of task "deploy" on application "bookscapm-db-deployer" failed.#
#2026 08 19 14:49:35.043#Z#INFO#fed072e9-9bdc-11f1-b81c-eeee0a948f8f.OPERATION#flowable-async-job-executor-thread-22185#
[ExecuteTaskStep] Download the MTA operation logs for more details.#
#2026 08 19 14:49:35.048#Z#DEBUG#fed072e9-9bdc-11f1-b81c-eeee0a948f8f.OPERATION#flowable-async-job-executor-thread-22185#
Step "Execute Task" finished#
#2026 08 19 14:49:37.847#Z#DEBUG#fed072e9-9bdc-11f1-b81c-eeee0a948f8f.OPERATION#flowable-async-job-executor-thread-22836#
[ExecuteTaskStep] Executing task "executeTaskTask" of process "25d32c80-9bdd-11f1-b81c-eeee0a948f8f"...#
#2026 08 19 14:49:37.849#Z#DEBUG#fed072e9-9bdc-11f1-b81c-eeee0a948f8f.OPERATION#flowable-async-job-executor-thread-22836#
[ExecuteTaskStep] Application task execution timeout is default one: 43,200 seconds#
#2026 08 19 14:49:37.852#Z#INFO#fed072e9-9bdc-11f1-b81c-eeee0a948f8f.OPERATION#flowable-async-job-executor-thread-22836#
[ExecuteTaskStep] Executing task "deploy" on application "bookscapm-db-deployer"...#
#2026 08 19 14:49:37.856#Z#DEBUG#fed072e9-9bdc-11f1-b81c-eeee0a948f8f.OPERATION#flowable-async-job-executor-thread-22836#
[ExecuteTaskStep] Running task on application "bookscapm-db-deployer": {
  "name" : "deploy",
  "command" : "npm start",
  "limits" : {
    "memory" : 256
  }
}#
#2026 08 19 14:49:38.159#Z#DEBUG#fed072e9-9bdc-11f1-b81c-eeee0a948f8f.OPERATION#flowable-async-job-executor-thread-22836#
Step "Execute Task" finished#
#2026 08 19 14:49:44.975#Z#DEBUG#fed072e9-9bdc-11f1-b81c-eeee0a948f8f.OPERATION#flowable-async-job-executor-thread-19462#
[StageAppStep] Executing task "stageAppTask" of process "19cda09e-9bdd-11f1-b81c-eeee0a948f8f"...#
#2026 08 19 14:49:44.977#Z#DEBUG#fed072e9-9bdc-11f1-b81c-eeee0a948f8f.OPERATION#flowable-async-job-executor-thread-19462#
[StageAppStep] Application stage timeout is default one: 3,600 seconds#
#2026 08 19 14:49:44.978#Z#DEBUG#fed072e9-9bdc-11f1-b81c-eeee0a948f8f.OPERATION#flowable-async-job-executor-thread-19462#
[StageAppStep] Checking status of application "bookscapm-srv"...#
#2026 08 19 14:49:44.978#Z#DEBUG#fed072e9-9bdc-11f1-b81c-eeee0a948f8f.OPERATION#flowable-async-job-executor-thread-19462#
[StageAppStep] Getting build "6b970c29-85a6-4d44-8294-a12f301d2830"...#
#2026 08 19 14:49:45.008#Z#DEBUG#fed072e9-9bdc-11f1-b81c-eeee0a948f8f.OPERATION#flowable-async-job-executor-thread-19462#
[StageAppStep] Staging status of application "bookscapm-srv": STAGED#
#2026 08 19 14:49:45.009#Z#DEBUG#fed072e9-9bdc-11f1-b81c-eeee0a948f8f.OPERATION#flowable-async-job-executor-thread-19462#
[StageAppStep] Getting application guid "bookscapm-srv"...#
#2026 08 19 14:49:45.075#Z#DEBUG#fed072e9-9bdc-11f1-b81c-eeee0a948f8f.OPERATION#flowable-async-job-executor-thread-19462#
[StageAppStep] Getting build "6b970c29-85a6-4d44-8294-a12f301d2830"...#
#2026 08 19 14:49:45.109#Z#DEBUG#fed072e9-9bdc-11f1-b81c-eeee0a948f8f.OPERATION#flowable-async-job-executor-thread-19462#
[StageAppStep] Binding droplet "df4bc4f0-c7f8-42ea-a928-3c2e8c44907b" to application "e4fbc9e0-0224-4a88-a46f-eef717330b07"...#
#2026 08 19 14:49:45.157#Z#INFO#fed072e9-9bdc-11f1-b81c-eeee0a948f8f.OPERATION#flowable-async-job-executor-thread-19462#
[StageAppStep] Application "bookscapm-srv" staged#
#2026 08 19 14:49:45.184#Z#DEBUG#fed072e9-9bdc-11f1-b81c-eeee0a948f8f.OPERATION#flowable-async-job-executor-thread-19462#
Step "Stage App" finished#
#2026 08 19 14:49:45.040#Z#DEBUG#fed072e9-9bdc-11f1-b81c-eeee0a948f8f.OPERATION#flowable-async-job-executor-thread-22187#
[ExecuteTaskStep] Executing task "executeTaskTask" of process "25d32c80-9bdd-11f1-b81c-eeee0a948f8f"...#
#2026 08 19 14:49:45.043#Z#DEBUG#fed072e9-9bdc-11f1-b81c-eeee0a948f8f.OPERATION#flowable-async-job-executor-thread-22187#
[ExecuteTaskStep] Application task execution timeout is default one: 43,200 seconds#
#2026 08 19 14:49:45.136#Z#DEBUG#fed072e9-9bdc-11f1-b81c-eeee0a948f8f.OPERATION#flowable-async-job-executor-thread-22187#
[ExecuteTaskStep] Getting task "de6f930a-5aad-41cd-a7cb-2af772befd4e"...#
#2026 08 19 14:49:45.237#Z#DEBUG#fed072e9-9bdc-11f1-b81c-eeee0a948f8f.OPERATION#flowable-async-job-executor-thread-22187#
[ExecuteTaskStep] Task execution status: running#
#2026 08 19 14:49:45.239#Z#DEBUG#fed072e9-9bdc-11f1-b81c-eeee0a948f8f.OPERATION#flowable-async-job-executor-thread-22187#
[ExecuteTaskStep] Getting application guid "bookscapm-db-deployer"...#
#2026 08 19 14:49:45.308#Z#DEBUG#fed072e9-9bdc-11f1-b81c-eeee0a948f8f.OPERATION#flowable-async-job-executor-thread-22187#
Step "Execute Task" finished#
#2026 08 19 14:49:45.317#Z#DEBUG#fed072e9-9bdc-11f1-b81c-eeee0a948f8f.OPERATION#flowable-async-job-executor-thread-19462#
[RestartAppStep] Executing task "startAppTask" of process "19cda09e-9bdd-11f1-b81c-eeee0a948f8f"...#
#2026 08 19 14:49:45.324#Z#DEBUG#fed072e9-9bdc-11f1-b81c-eeee0a948f8f.OPERATION#flowable-async-job-executor-thread-19462#
[RestartAppStep] Application start timeout is default one: 3,600 seconds#
#2026 08 19 14:49:45.327#Z#DEBUG#fed072e9-9bdc-11f1-b81c-eeee0a948f8f.OPERATION#flowable-async-job-executor-thread-19462#
[RestartAppStep] Getting application "bookscapm-srv"...#
#2026 08 19 14:49:45.360#Z#INFO#fed072e9-9bdc-11f1-b81c-eeee0a948f8f.OPERATION#flowable-async-job-executor-thread-19462#
[RestartAppStep] Starting application "bookscapm-srv"...#
#2026 08 19 14:49:45.367#Z#DEBUG#fed072e9-9bdc-11f1-b81c-eeee0a948f8f.OPERATION#flowable-async-job-executor-thread-19462#
[RestartAppStep] Starting application "bookscapm-srv"...#
#2026 08 19 14:49:45.625#Z#DEBUG#fed072e9-9bdc-11f1-b81c-eeee0a948f8f.OPERATION#flowable-async-job-executor-thread-19462#
Step "Start App" finished#
#2026 08 19 14:49:55.071#Z#DEBUG#fed072e9-9bdc-11f1-b81c-eeee0a948f8f.OPERATION#flowable-async-job-executor-thread-22198#
[ExecuteTaskStep] Executing task "executeTaskTask" of process "25d32c80-9bdd-11f1-b81c-eeee0a948f8f"...#
#2026 08 19 14:49:55.073#Z#DEBUG#fed072e9-9bdc-11f1-b81c-eeee0a948f8f.OPERATION#flowable-async-job-executor-thread-22198#
[ExecuteTaskStep] Application task execution timeout is default one: 43,200 seconds#
#2026 08 19 14:49:55.076#Z#DEBUG#fed072e9-9bdc-11f1-b81c-eeee0a948f8f.OPERATION#flowable-async-job-executor-thread-22198#
[ExecuteTaskStep] Getting task "de6f930a-5aad-41cd-a7cb-2af772befd4e"...#
#2026 08 19 14:49:55.111#Z#DEBUG#fed072e9-9bdc-11f1-b81c-eeee0a948f8f.OPERATION#flowable-async-job-executor-thread-22198#
[ExecuteTaskStep] Task execution status: failed#
#2026 08 19 14:49:55.113#Z#DEBUG#fed072e9-9bdc-11f1-b81c-eeee0a948f8f.OPERATION#flowable-async-job-executor-thread-22198#
[ExecuteTaskStep] Getting application guid "bookscapm-db-deployer"...#
#2026 08 19 14:49:55.203#Z#ERROR#fed072e9-9bdc-11f1-b81c-eeee0a948f8f.OPERATION#flowable-async-job-executor-thread-22198#
[ExecuteTaskStep] Execution of task "deploy" on application "bookscapm-db-deployer" failed.#
#2026 08 19 14:49:55.210#Z#INFO#fed072e9-9bdc-11f1-b81c-eeee0a948f8f.OPERATION#flowable-async-job-executor-thread-22198#
[ExecuteTaskStep] Download the MTA operation logs for more details.#
#2026 08 19 14:49:55.216#Z#DEBUG#fed072e9-9bdc-11f1-b81c-eeee0a948f8f.OPERATION#flowable-async-job-executor-thread-22198#
Step "Execute Task" finished#
#2026 08 19 14:49:55.049#Z#DEBUG#fed072e9-9bdc-11f1-b81c-eeee0a948f8f.OPERATION#flowable-async-job-executor-thread-22842#
[RestartAppStep] Executing task "startAppTask" of process "38173ae8-9bdd-11f1-82d4-eeee0a815ff2"...#
#2026 08 19 14:49:55.052#Z#DEBUG#fed072e9-9bdc-11f1-b81c-eeee0a948f8f.OPERATION#flowable-async-job-executor-thread-22842#
[RestartAppStep] Application start timeout is default one: 3,600 seconds#
#2026 08 19 14:49:55.054#Z#DEBUG#fed072e9-9bdc-11f1-b81c-eeee0a948f8f.OPERATION#flowable-async-job-executor-thread-22842#
[RestartAppStep] Checking status of application "bookscapm-srv"...#
#2026 08 19 14:49:55.054#Z#DEBUG#fed072e9-9bdc-11f1-b81c-eeee0a948f8f.OPERATION#flowable-async-job-executor-thread-22842#
[RestartAppStep] Getting application "bookscapm-srv"...#
#2026 08 19 14:49:55.089#Z#DEBUG#fed072e9-9bdc-11f1-b81c-eeee0a948f8f.OPERATION#flowable-async-job-executor-thread-22842#
[RestartAppStep] Getting instances for application "bookscapm-srv"...#
#2026 08 19 14:49:55.144#Z#DEBUG#fed072e9-9bdc-11f1-b81c-eeee0a948f8f.OPERATION#flowable-async-job-executor-thread-22842#
[RestartAppStep] Application "bookscapm-srv": 1 of 1 instances running (1 running)#
#2026 08 19 14:49:55.177#Z#DEBUG#fed072e9-9bdc-11f1-b81c-eeee0a948f8f.OPERATION#flowable-async-job-executor-thread-22842#
[RestartAppStep] Getting routes for application "e4fbc9e0-0224-4a88-a46f-eef717330b07"...#
#2026 08 19 14:49:55.212#Z#INFO#fed072e9-9bdc-11f1-b81c-eeee0a948f8f.OPERATION#flowable-async-job-executor-thread-22842#
[RestartAppStep] Application "bookscapm-srv" started and available at "1fb9e48dtrial-dev-bookscapm-srv.cfapps.us10-001.hana.ondemand.com"#
#2026 08 19 14:49:55.222#Z#DEBUG#fed072e9-9bdc-11f1-b81c-eeee0a948f8f.OPERATION#flowable-async-job-executor-thread-22842#
Step "Start App" finished#
#2026 08 19 14:49:56.557#Z#DEBUG#fed072e9-9bdc-11f1-b81c-eeee0a948f8f.OPERATION#flowable-async-job-executor-thread-22193#
[ExecuteTaskStep] Executing task "executeTaskTask" of process "25d32c80-9bdd-11f1-b81c-eeee0a948f8f"...#
#2026 08 19 14:49:56.560#Z#DEBUG#fed072e9-9bdc-11f1-b81c-eeee0a948f8f.OPERATION#flowable-async-job-executor-thread-22193#
[ExecuteTaskStep] Application task execution timeout is default one: 43,200 seconds#
#2026 08 19 14:49:56.648#Z#INFO#fed072e9-9bdc-11f1-b81c-eeee0a948f8f.OPERATION#flowable-async-job-executor-thread-22193#
[ExecuteTaskStep] Executing task "deploy" on application "bookscapm-db-deployer"...#
#2026 08 19 14:49:56.665#Z#DEBUG#fed072e9-9bdc-11f1-b81c-eeee0a948f8f.OPERATION#flowable-async-job-executor-thread-22193#
[ExecuteTaskStep] Running task on application "bookscapm-db-deployer": {
  "name" : "deploy",
  "command" : "npm start",
  "limits" : {
    "memory" : 256
  }
}#
#2026 08 19 14:49:57.064#Z#DEBUG#fed072e9-9bdc-11f1-b81c-eeee0a948f8f.OPERATION#flowable-async-job-executor-thread-22193#
Step "Execute Task" finished#
#2026 08 19 14:50:05.106#Z#DEBUG#fed072e9-9bdc-11f1-b81c-eeee0a948f8f.OPERATION#flowable-async-job-executor-thread-19466#
[RestartAppStep] Executing task "startAppTask" of process "3dcf9cf2-9bdd-11f1-b81c-eeee0a948f8f"...#
#2026 08 19 14:50:05.109#Z#DEBUG#fed072e9-9bdc-11f1-b81c-eeee0a948f8f.OPERATION#flowable-async-job-executor-thread-19466#
[RestartAppStep] Application start timeout is default one: 3,600 seconds#
#2026 08 19 14:50:05.112#Z#DEBUG#fed072e9-9bdc-11f1-b81c-eeee0a948f8f.OPERATION#flowable-async-job-executor-thread-19466#
Step "Start App" finished#
#2026 08 19 14:50:05.206#Z#DEBUG#fed072e9-9bdc-11f1-b81c-eeee0a948f8f.OPERATION#flowable-async-job-executor-thread-19466#
[PrepareToExecuteTasksStep] Executing task "prepareToExecuteTasksTask" of process "43baa8bc-9bdd-11f1-82d4-eeee0a815ff2"...#
#2026 08 19 14:50:05.208#Z#DEBUG#fed072e9-9bdc-11f1-b81c-eeee0a948f8f.OPERATION#flowable-async-job-executor-thread-19466#
Step "Prepare To Execute Tasks" finished#
#2026 08 19 14:50:05.119#Z#DEBUG#fed072e9-9bdc-11f1-b81c-eeee0a948f8f.OPERATION#flowable-async-job-executor-thread-22850#
[ExecuteTaskStep] Executing task "executeTaskTask" of process "25d32c80-9bdd-11f1-b81c-eeee0a948f8f"...#
#2026 08 19 14:50:05.121#Z#DEBUG#fed072e9-9bdc-11f1-b81c-eeee0a948f8f.OPERATION#flowable-async-job-executor-thread-22850#
[ExecuteTaskStep] Application task execution timeout is default one: 43,200 seconds#
#2026 08 19 14:50:05.123#Z#DEBUG#fed072e9-9bdc-11f1-b81c-eeee0a948f8f.OPERATION#flowable-async-job-executor-thread-22850#
[ExecuteTaskStep] Getting task "0e0fad4d-74c5-40e0-b72e-86c2d25401a8"...#
#2026 08 19 14:50:05.153#Z#DEBUG#fed072e9-9bdc-11f1-b81c-eeee0a948f8f.OPERATION#flowable-async-job-executor-thread-22850#
[ExecuteTaskStep] Task execution status: running#
#2026 08 19 14:50:05.154#Z#DEBUG#fed072e9-9bdc-11f1-b81c-eeee0a948f8f.OPERATION#flowable-async-job-executor-thread-22850#
[ExecuteTaskStep] Getting application guid "bookscapm-db-deployer"...#
#2026 08 19 14:50:05.248#Z#DEBUG#fed072e9-9bdc-11f1-b81c-eeee0a948f8f.OPERATION#flowable-async-job-executor-thread-22850#
Step "Execute Task" finished#
#2026 08 19 14:50:05.283#Z#DEBUG#fed072e9-9bdc-11f1-b81c-eeee0a948f8f.OPERATION#flowable-async-job-executor-thread-19466#
[PublishConfigurationEntriesStep] Executing task "publishProvidedDependenciesTask" of process "43b43ff9-9bdd-11f1-82d4-eeee0a815ff2"...#
#2026 08 19 14:50:05.284#Z#DEBUG#fed072e9-9bdc-11f1-b81c-eeee0a948f8f.OPERATION#flowable-async-job-executor-thread-19466#
[PublishConfigurationEntriesStep] Publishing public provided dependencies for application "bookscapm-srv"...#
#2026 08 19 14:50:05.286#Z#DEBUG#fed072e9-9bdc-11f1-b81c-eeee0a948f8f.OPERATION#flowable-async-job-executor-thread-19466#
[PublishConfigurationEntriesStep] No public provided dependencies for publishing#
#2026 08 19 14:50:05.286#Z#DEBUG#fed072e9-9bdc-11f1-b81c-eeee0a948f8f.OPERATION#flowable-async-job-executor-thread-19466#
Step "Publish Provided Dependencies" finished#
#2026 08 19 14:50:05.322#Z#DEBUG#fed072e9-9bdc-11f1-b81c-eeee0a948f8f.OPERATION#flowable-async-job-executor-thread-19466#
[CreateOrUpdateServiceBrokerStep] Executing task "createOrUpdateServiceBrokerTask" of process "43b43ff9-9bdd-11f1-82d4-eeee0a815ff2"...#
#2026 08 19 14:50:05.323#Z#DEBUG#fed072e9-9bdc-11f1-b81c-eeee0a948f8f.OPERATION#flowable-async-job-executor-thread-19466#
[CreateOrUpdateServiceBrokerStep] Creating service brokers...#
#2026 08 19 14:50:05.324#Z#DEBUG#fed072e9-9bdc-11f1-b81c-eeee0a948f8f.OPERATION#flowable-async-job-executor-thread-19466#
Step "Create Or Update Service Broker " finished#
#2026 08 19 14:50:15.183#Z#DEBUG#fed072e9-9bdc-11f1-b81c-eeee0a948f8f.OPERATION#flowable-async-job-executor-thread-19478#
[ExecuteTaskStep] Executing task "executeTaskTask" of process "25d32c80-9bdd-11f1-b81c-eeee0a948f8f"...#
#2026 08 19 14:50:15.185#Z#DEBUG#fed072e9-9bdc-11f1-b81c-eeee0a948f8f.OPERATION#flowable-async-job-executor-thread-19478#
[ExecuteTaskStep] Application task execution timeout is default one: 43,200 seconds#
#2026 08 19 14:50:15.188#Z#DEBUG#fed072e9-9bdc-11f1-b81c-eeee0a948f8f.OPERATION#flowable-async-job-executor-thread-19478#
[ExecuteTaskStep] Getting task "0e0fad4d-74c5-40e0-b72e-86c2d25401a8"...#
#2026 08 19 14:50:15.236#Z#DEBUG#fed072e9-9bdc-11f1-b81c-eeee0a948f8f.OPERATION#flowable-async-job-executor-thread-19478#
[ExecuteTaskStep] Task execution status: failed#
#2026 08 19 14:50:15.237#Z#DEBUG#fed072e9-9bdc-11f1-b81c-eeee0a948f8f.OPERATION#flowable-async-job-executor-thread-19478#
[ExecuteTaskStep] Getting application guid "bookscapm-db-deployer"...#
#2026 08 19 14:50:15.309#Z#ERROR#fed072e9-9bdc-11f1-b81c-eeee0a948f8f.OPERATION#flowable-async-job-executor-thread-19478#
[ExecuteTaskStep] Execution of task "deploy" on application "bookscapm-db-deployer" failed.#
#2026 08 19 14:50:15.317#Z#INFO#fed072e9-9bdc-11f1-b81c-eeee0a948f8f.OPERATION#flowable-async-job-executor-thread-19478#
[ExecuteTaskStep] Download the MTA operation logs for more details.#
#2026 08 19 14:50:15.327#Z#DEBUG#fed072e9-9bdc-11f1-b81c-eeee0a948f8f.OPERATION#flowable-async-job-executor-thread-19478#
Step "Execute Task" finished#
#2026 08 19 14:50:18.085#Z#DEBUG#fed072e9-9bdc-11f1-b81c-eeee0a948f8f.OPERATION#flowable-async-job-executor-thread-22210#
[ExecuteTaskStep] Executing task "executeTaskTask" of process "25d32c80-9bdd-11f1-b81c-eeee0a948f8f"...#
#2026 08 19 14:50:18.088#Z#DEBUG#fed072e9-9bdc-11f1-b81c-eeee0a948f8f.OPERATION#flowable-async-job-executor-thread-22210#
[ExecuteTaskStep] Application task execution timeout is default one: 43,200 seconds#
#2026 08 19 14:50:18.090#Z#INFO#fed072e9-9bdc-11f1-b81c-eeee0a948f8f.OPERATION#flowable-async-job-executor-thread-22210#
[ExecuteTaskStep] Executing task "deploy" on application "bookscapm-db-deployer"...#
#2026 08 19 14:50:18.095#Z#DEBUG#fed072e9-9bdc-11f1-b81c-eeee0a948f8f.OPERATION#flowable-async-job-executor-thread-22210#
[ExecuteTaskStep] Running task on application "bookscapm-db-deployer": {
  "name" : "deploy",
  "command" : "npm start",
  "limits" : {
    "memory" : 256
  }
}#
#2026 08 19 14:50:18.374#Z#DEBUG#fed072e9-9bdc-11f1-b81c-eeee0a948f8f.OPERATION#flowable-async-job-executor-thread-22210#
Step "Execute Task" finished#
#2026 08 19 14:50:25.258#Z#DEBUG#fed072e9-9bdc-11f1-b81c-eeee0a948f8f.OPERATION#flowable-async-job-executor-thread-19485#
[ExecuteTaskStep] Executing task "executeTaskTask" of process "25d32c80-9bdd-11f1-b81c-eeee0a948f8f"...#
#2026 08 19 14:50:25.263#Z#DEBUG#fed072e9-9bdc-11f1-b81c-eeee0a948f8f.OPERATION#flowable-async-job-executor-thread-19485#
[ExecuteTaskStep] Application task execution timeout is default one: 43,200 seconds#
#2026 08 19 14:50:25.327#Z#DEBUG#fed072e9-9bdc-11f1-b81c-eeee0a948f8f.OPERATION#flowable-async-job-executor-thread-19485#
[ExecuteTaskStep] Getting task "026b1c54-8f03-46f8-9dce-db906156bfa2"...#
#2026 08 19 14:50:25.370#Z#DEBUG#fed072e9-9bdc-11f1-b81c-eeee0a948f8f.OPERATION#flowable-async-job-executor-thread-19485#
[ExecuteTaskStep] Task execution status: running#
#2026 08 19 14:50:25.372#Z#DEBUG#fed072e9-9bdc-11f1-b81c-eeee0a948f8f.OPERATION#flowable-async-job-executor-thread-19485#
[ExecuteTaskStep] Getting application guid "bookscapm-db-deployer"...#
#2026 08 19 14:50:25.464#Z#DEBUG#fed072e9-9bdc-11f1-b81c-eeee0a948f8f.OPERATION#flowable-async-job-executor-thread-19485#
Step "Execute Task" finished#
#2026 08 19 14:50:35.491#Z#DEBUG#fed072e9-9bdc-11f1-b81c-eeee0a948f8f.OPERATION#flowable-async-job-executor-thread-22219#
[ExecuteTaskStep] Executing task "executeTaskTask" of process "25d32c80-9bdd-11f1-b81c-eeee0a948f8f"...#
#2026 08 19 14:50:35.493#Z#DEBUG#fed072e9-9bdc-11f1-b81c-eeee0a948f8f.OPERATION#flowable-async-job-executor-thread-22219#
[ExecuteTaskStep] Application task execution timeout is default one: 43,200 seconds#
#2026 08 19 14:50:35.495#Z#DEBUG#fed072e9-9bdc-11f1-b81c-eeee0a948f8f.OPERATION#flowable-async-job-executor-thread-22219#
[ExecuteTaskStep] Getting task "026b1c54-8f03-46f8-9dce-db906156bfa2"...#
#2026 08 19 14:50:35.518#Z#DEBUG#fed072e9-9bdc-11f1-b81c-eeee0a948f8f.OPERATION#flowable-async-job-executor-thread-22219#
[ExecuteTaskStep] Task execution status: failed#
#2026 08 19 14:50:35.520#Z#DEBUG#fed072e9-9bdc-11f1-b81c-eeee0a948f8f.OPERATION#flowable-async-job-executor-thread-22219#
[ExecuteTaskStep] Getting application guid "bookscapm-db-deployer"...#
#2026 08 19 14:50:35.613#Z#ERROR#fed072e9-9bdc-11f1-b81c-eeee0a948f8f.OPERATION#flowable-async-job-executor-thread-22219#
[ExecuteTaskStep] Execution of task "deploy" on application "bookscapm-db-deployer" failed.#
#2026 08 19 14:50:35.621#Z#INFO#fed072e9-9bdc-11f1-b81c-eeee0a948f8f.OPERATION#flowable-async-job-executor-thread-22219#
[ExecuteTaskStep] Download the MTA operation logs for more details.#
#2026 08 19 14:50:35.626#Z#DEBUG#fed072e9-9bdc-11f1-b81c-eeee0a948f8f.OPERATION#flowable-async-job-executor-thread-22219#
Step "Execute Task" finished#
