#2026 08 19 14:52:38.573#Z#INFO#9f2bc722-9bdd-11f1-b06d-eeee0a9f1b5e.OPERATION#http-nio-0.0.0.0-8080-exec-20#
[XS2StartProcessListener] Operation ID: 9f2bc722-9bdd-11f1-b06d-eeee0a9f1b5e#
#2026 08 19 14:52:38.592#Z#DEBUG#9f2bc722-9bdd-11f1-b06d-eeee0a9f1b5e.OPERATION#http-nio-0.0.0.0-8080-exec-20#
[XS2StartProcessListener] Process environment: {
  "SKIP_SSL_VALIDATION" : "false",
  "FLOWABLE_JOB_EXECUTOR_MAX_THREADS" : "32",
  "VERSION" : "2.51.0",
  "BASIC_AUTH_ENABLED" : "true",
  "FLOWABLE_JOB_EXECUTOR_QUEUE_CAPACITY" : "16",
  "FLOWABLE_JOB_EXECUTOR_CORE_THREADS" : "8"
}#
#2026 08 19 14:52:38.592#Z#DEBUG#9f2bc722-9bdd-11f1-b06d-eeee0a9f1b5e.OPERATION#http-nio-0.0.0.0-8080-exec-20#
[XS2StartProcessListener] Current user: vijaydamodar28897@gmail.com#
#2026 08 19 14:52:38.592#Z#DEBUG#9f2bc722-9bdd-11f1-b06d-eeee0a9f1b5e.OPERATION#http-nio-0.0.0.0-8080-exec-20#
[XS2StartProcessListener] Client space: dev#
#2026 08 19 14:52:38.592#Z#DEBUG#9f2bc722-9bdd-11f1-b06d-eeee0a9f1b5e.OPERATION#http-nio-0.0.0.0-8080-exec-20#
[XS2StartProcessListener] Client organization: 1fb9e48dtrial#
#2026 08 19 14:52:38.592#Z#INFO#9f2bc722-9bdd-11f1-b06d-eeee0a9f1b5e.OPERATION#http-nio-0.0.0.0-8080-exec-20#
[XS2StartProcessListener] Process variables: {
  "keepFiles" : false,
  "skipAppDigestCalculation" : false,
  "abortOnError" : false,
  "mtaId" : "bookscapm",
  "noFailOnMissingPermissions" : false,
  "isSecurityEnabled" : false,
  "apiRequestPath" : "https://deploy-service.cf.us10-001.hana.ondemand.com/api/v1/spaces/5d8a2d66-1cdf-4f95-ae67-ef9fb5cde8d1/operations",
  "deleteServiceBrokers" : false,
  "appArchiveId" : "fc6cfcd8-1238-4c09-8cc5-dd7665cb2bc1",
  "isDisposableUserProvidedServiceEnabled" : false,
  "deleteServiceKeys" : false,
  "noRestartSubscribedApps" : false,
  "noStart" : false,
  "deleteServices" : false
}#
#2026 08 19 14:52:38.636#Z#DEBUG#9f2bc722-9bdd-11f1-b06d-eeee0a9f1b5e.OPERATION#flowable-async-job-executor-thread-22297#
[ValidateDeployParametersStep] Executing task "validateParametersTask" of process "9f2bee58-9bdd-11f1-b06d-eeee0a9f1b5e"...#
#2026 08 19 14:52:38.636#Z#DEBUG#9f2bc722-9bdd-11f1-b06d-eeee0a9f1b5e.OPERATION#flowable-async-job-executor-thread-22297#
[ValidateDeployParametersStep] Validating parameters...#
#2026 08 19 14:52:38.639#Z#INFO#9f2bc722-9bdd-11f1-b06d-eeee0a9f1b5e.OPERATION#flowable-async-job-executor-thread-22297#
[ValidateDeployParametersStep] Size of mtars is 6,488,196 and size of extension descriptors is 0#
#2026 08 19 14:52:38.760#Z#INFO#9f2bc722-9bdd-11f1-b06d-eeee0a9f1b5e.OPERATION#flowable-async-job-executor-thread-22297#
[ValidateDeployParametersStep] Archive was not split! Total size in bytes: 6,488,196#
#2026 08 19 14:52:38.760#Z#INFO#9f2bc722-9bdd-11f1-b06d-eeee0a9f1b5e.OPERATION#flowable-async-job-executor-thread-22297#
[ValidateDeployParametersStep] Deploying in org "1fb9e48dtrial" and space "dev"#
#2026 08 19 14:52:38.765#Z#DEBUG#9f2bc722-9bdd-11f1-b06d-eeee0a9f1b5e.OPERATION#flowable-async-job-executor-thread-22297#
[ValidateDeployParametersStep] Parameters validated#
#2026 08 19 14:52:38.765#Z#DEBUG#9f2bc722-9bdd-11f1-b06d-eeee0a9f1b5e.OPERATION#flowable-async-job-executor-thread-22297#
Step "Validate Parameters" finished#
#2026 08 19 14:52:38.795#Z#DEBUG#9f2bc722-9bdd-11f1-b06d-eeee0a9f1b5e.OPERATION#flowable-async-job-executor-thread-22298#
[DeleteRemainingFileParts] Executing task "deleteRemainingFileParts" of process "9f2bee58-9bdd-11f1-b06d-eeee0a9f1b5e"...#
#2026 08 19 14:52:38.796#Z#DEBUG#9f2bc722-9bdd-11f1-b06d-eeee0a9f1b5e.OPERATION#flowable-async-job-executor-thread-22298#
Step "Delete Remaining File Parts" finished#
#2026 08 19 14:52:38.827#Z#DEBUG#9f2bc722-9bdd-11f1-b06d-eeee0a9f1b5e.OPERATION#flowable-async-job-executor-thread-22292#
[XS2ProcessMtaArchiveStep] Executing task "processArchiveTask" of process "9f2bee58-9bdd-11f1-b06d-eeee0a9f1b5e"...#
#2026 08 19 14:52:38.828#Z#DEBUG#9f2bc722-9bdd-11f1-b06d-eeee0a9f1b5e.OPERATION#flowable-async-job-executor-thread-22292#
[XS2ProcessMtaArchiveStep] Processing MTA archive...#
#2026 08 19 14:52:38.828#Z#DEBUG#9f2bc722-9bdd-11f1-b06d-eeee0a9f1b5e.OPERATION#flowable-async-job-executor-thread-22292#
[XS2ProcessMtaArchiveStep] MTA Archive ID: fc6cfcd8-1238-4c09-8cc5-dd7665cb2bc1#
#2026 08 19 14:52:39.016#Z#DEBUG#9f2bc722-9bdd-11f1-b06d-eeee0a9f1b5e.OPERATION#flowable-async-job-executor-thread-22292#
[XS2ProcessMtaArchiveStep] MTA Descriptor length: 3,202#
#2026 08 19 14:52:39.016#Z#DEBUG#9f2bc722-9bdd-11f1-b06d-eeee0a9f1b5e.OPERATION#flowable-async-job-executor-thread-22292#
[XS2ProcessMtaArchiveStep] MTA Archive Modules: [bookscapm-srv, bookscapm-app-content, bookscapm-db-deployer]#
#2026 08 19 14:52:39.016#Z#DEBUG#9f2bc722-9bdd-11f1-b06d-eeee0a9f1b5e.OPERATION#flowable-async-job-executor-thread-22292#
[XS2ProcessMtaArchiveStep] MTA Archive Requires: []#
#2026 08 19 14:52:39.016#Z#DEBUG#9f2bc722-9bdd-11f1-b06d-eeee0a9f1b5e.OPERATION#flowable-async-job-executor-thread-22292#
[XS2ProcessMtaArchiveStep] MTA Archive Resources: [uaa_bookscapm]#
#2026 08 19 14:52:39.027#Z#DEBUG#9f2bc722-9bdd-11f1-b06d-eeee0a9f1b5e.OPERATION#flowable-async-job-executor-thread-22292#
[XS2ProcessMtaArchiveStep] MTA archive processed#
#2026 08 19 14:52:39.027#Z#DEBUG#9f2bc722-9bdd-11f1-b06d-eeee0a9f1b5e.OPERATION#flowable-async-job-executor-thread-22292#
Step "Process Archive" finished#
#2026 08 19 14:52:39.066#Z#DEBUG#9f2bc722-9bdd-11f1-b06d-eeee0a9f1b5e.OPERATION#flowable-async-job-executor-thread-22291#
[ProcessMtaExtensionDescriptorsStep] Executing task "processExtensionDescriptorsTask" of process "9f2bee58-9bdd-11f1-b06d-eeee0a9f1b5e"...#
#2026 08 19 14:52:39.067#Z#DEBUG#9f2bc722-9bdd-11f1-b06d-eeee0a9f1b5e.OPERATION#flowable-async-job-executor-thread-22291#
[ProcessMtaExtensionDescriptorsStep] Processing MTA extension descriptors...#
#2026 08 19 14:52:39.068#Z#DEBUG#9f2bc722-9bdd-11f1-b06d-eeee0a9f1b5e.OPERATION#flowable-async-job-executor-thread-22291#
[ProcessMtaExtensionDescriptorsStep] Provided extension descriptors: [ ]#
#2026 08 19 14:52:39.068#Z#DEBUG#9f2bc722-9bdd-11f1-b06d-eeee0a9f1b5e.OPERATION#flowable-async-job-executor-thread-22291#
[ProcessMtaExtensionDescriptorsStep] No extension descriptors in use#
#2026 08 19 14:52:39.068#Z#DEBUG#9f2bc722-9bdd-11f1-b06d-eeee0a9f1b5e.OPERATION#flowable-async-job-executor-thread-22291#
[ProcessMtaExtensionDescriptorsStep] MTA extension descriptors processed#
#2026 08 19 14:52:39.068#Z#DEBUG#9f2bc722-9bdd-11f1-b06d-eeee0a9f1b5e.OPERATION#flowable-async-job-executor-thread-22291#
Step "Process Extension Descriptors" finished#
#2026 08 19 14:52:39.099#Z#DEBUG#9f2bc722-9bdd-11f1-b06d-eeee0a9f1b5e.OPERATION#flowable-async-job-executor-thread-22291#
[XS2DetectMtaSchemaVersionStep] Executing task "detectSchemaVersionTask" of process "9f2bee58-9bdd-11f1-b06d-eeee0a9f1b5e"...#
#2026 08 19 14:52:39.100#Z#DEBUG#9f2bc722-9bdd-11f1-b06d-eeee0a9f1b5e.OPERATION#flowable-async-job-executor-thread-22291#
[XS2DetectMtaSchemaVersionStep] Detecting MTA major schema version...#
#2026 08 19 14:52:39.103#Z#INFO#9f2bc722-9bdd-11f1-b06d-eeee0a9f1b5e.OPERATION#flowable-async-job-executor-thread-22291#
[XS2DetectMtaSchemaVersionStep] Detected MTA schema version: "3"#
#2026 08 19 14:52:39.107#Z#DEBUG#9f2bc722-9bdd-11f1-b06d-eeee0a9f1b5e.OPERATION#flowable-async-job-executor-thread-22291#
Step "Detect Schema Version" finished#
#2026 08 19 14:52:39.138#Z#DEBUG#9f2bc722-9bdd-11f1-b06d-eeee0a9f1b5e.OPERATION#flowable-async-job-executor-thread-22291#
[MergeDescriptorsStep] Executing task "mergeDescriptorsTask" of process "9f2bee58-9bdd-11f1-b06d-eeee0a9f1b5e"...#
#2026 08 19 14:52:39.139#Z#DEBUG#9f2bc722-9bdd-11f1-b06d-eeee0a9f1b5e.OPERATION#flowable-async-job-executor-thread-22291#
[MergeDescriptorsStep] Validating and merging descriptors...#
#2026 08 19 14:52:39.142#Z#DEBUG#9f2bc722-9bdd-11f1-b06d-eeee0a9f1b5e.OPERATION#flowable-async-job-executor-thread-22291#
[MergeDescriptorsStep] Merged deployment descriptor: {
  "majorSchemaVersion" : 3,
  "schemaVersion" : "3.3.0",
  "id" : "bookscapm",
  "version" : "1.0.0",
  "modules" : [ {
    "majorSchemaVersion" : 3,
    "name" : "bookscapm-srv",
    "type" : "javascript.nodejs",
    "path" : "bookscapm-srv",
    "properties" : { },
    "parameters" : {
      "buildpack" : "nodejs_buildpack",
      "instances" : 1
    },
    "requiredDependencies" : [ {
      "majorSchemaVersion" : 3,
      "name" : "bookscapm-db",
      "properties" : { },
      "parameters" : { },
      "propertiesMetadata" : {
        "metadata" : { }
      },
      "parametersMetadata" : {
        "metadata" : { }
      }
    }, {
      "majorSchemaVersion" : 3,
      "name" : "uaa_bookscapm",
      "properties" : { },
      "parameters" : { },
      "propertiesMetadata" : {
        "metadata" : { }
      },
      "parametersMetadata" : {
        "metadata" : { }
      }
    } ],
    "providedDependencies" : [ {
      "majorSchemaVersion" : 3,
      "name" : "srv-api",
      "isPublic" : false,
      "properties" : {
        "srv-url" : "${default-url}"
      },
      "parameters" : { },
      "propertiesMetadata" : {
        "metadata" : { }
      },
      "parametersMetadata" : {
        "metadata" : { }
      }
    }, {
      "majorSchemaVersion" : 3,
      "name" : "bookscapm-srv",
      "isPublic" : false,
      "properties" : { },
      "parameters" : { },
      "propertiesMetadata" : {
        "metadata" : { }
      },
      "parametersMetadata" : {
        "metadata" : { }
      }
    } ],
    "propertiesMetadata" : {
      "metadata" : { }
    },
    "parametersMetadata" : {
      "metadata" : { }
    },
    "hooks" : [ ]
  }, {
    "majorSchemaVersion" : 3,
    "name" : "bookscapm-db-deployer",
    "type" : "com.sap.xs.hdi",
    "path" : "bookscapm-db-deployer",
    "properties" : {
      "EXIT" : 1
    },
    "parameters" : {
      "memory" : "256M",
      "buildpack" : "nodejs_buildpack",
      "no-route" : true,
      "dependency-type" : "hard",
      "tasks" : [ {
        "name" : "deploy",
        "memory" : "256M",
        "command" : "npm start"
      } ],
      "no-start" : true
    },
    "requiredDependencies" : [ {
      "majorSchemaVersion" : 3,
      "name" : "bookscapm-db",
      "properties" : { },
      "parameters" : { },
      "propertiesMetadata" : {
        "metadata" : { }
      },
      "parametersMetadata" : {
        "metadata" : { }
      }
    } ],
    "providedDependencies" : [ {
      "majorSchemaVersion" : 3,
      "name" : "bookscapm-db-deployer",
      "isPublic" : false,
      "properties" : { },
      "parameters" : { },
      "propertiesMetadata" : {
        "metadata" : { }
      },
      "parametersMetadata" : {
        "metadata" : { }
      }
    } ],
    "propertiesMetadata" : {
      "metadata" : { }
    },
    "parametersMetadata" : {
      "metadata" : { }
    },
    "hooks" : [ ]
  }, {
    "majorSchemaVersion" : 3,
    "name" : "bookscapm-destination-content",
    "type" : "com.sap.application.content",
    "properties" : { },
    "parameters" : {
      "content" : {
        "instance" : {
          "destinations" : [ {
            "Name" : "bookscapmapplicationrouter_bookscapm_html_repo_host",
            "ServiceInstanceName" : "bookscapm-html5-app-host-service",
            "ServiceKeyName" : "********",
            "sap.cloud.service" : "bookscapmapplicationrouter"
          }, {
            "Authentication" : "********",
            "Name" : "bookscapmapplicationrouter_uaa_bookscapm",
            "ServiceInstanceName" : "bookscapm-xsuaa-service",
            "ServiceKeyName" : "********",
            "sap.cloud.service" : "bookscapmapplicationrouter"
          } ],
          "existing_destinations_policy" : "ignore"
        }
      }
    },
    "requiredDependencies" : [ {
      "majorSchemaVersion" : 3,
      "name" : "bookscapm-destination-service",
      "properties" : { },
      "parameters" : {
        "content-target" : true
      },
      "propertiesMetadata" : {
        "metadata" : { }
      },
      "parametersMetadata" : {
        "metadata" : { }
      }
    }, {
      "majorSchemaVersion" : 3,
      "name" : "bookscapm_html_repo_host",
      "properties" : { },
      "parameters" : {
        "service-key" : "********"
      },
      "propertiesMetadata" : {
        "metadata" : { }
      },
      "parametersMetadata" : {
        "metadata" : { }
      }
    }, {
      "majorSchemaVersion" : 3,
      "name" : "uaa_bookscapm",
      "properties" : { },
      "parameters" : {
        "service-key" : "********"
      },
      "propertiesMetadata" : {
        "metadata" : { }
      },
      "parametersMetadata" : {
        "metadata" : { }
      }
    } ],
    "providedDependencies" : [ {
      "majorSchemaVersion" : 3,
      "name" : "bookscapm-destination-content",
      "isPublic" : false,
      "properties" : { },
      "parameters" : { },
      "propertiesMetadata" : {
        "metadata" : { }
      },
      "parametersMetadata" : {
        "metadata" : { }
      }
    } ],
    "propertiesMetadata" : {
      "metadata" : { }
    },
    "parametersMetadata" : {
      "metadata" : { }
    },
    "hooks" : [ ]
  }, {
    "majorSchemaVersion" : 3,
    "name" : "bookscapm-app-content",
    "type" : "com.sap.application.content",
    "path" : "bookscapm-app-content",
    "properties" : { },
    "parameters" : { },
    "requiredDependencies" : [ {
      "majorSchemaVersion" : 3,
      "name" : "bookscapm_html_repo_host",
      "properties" : { },
      "parameters" : {
        "content-target" : true
      },
      "propertiesMetadata" : {
        "metadata" : { }
      },
      "parametersMetadata" : {
        "metadata" : { }
      }
    } ],
    "providedDependencies" : [ {
      "majorSchemaVersion" : 3,
      "name" : "bookscapm-app-content",
      "isPublic" : false,
      "properties" : { },
      "parameters" : { },
      "propertiesMetadata" : {
        "metadata" : { }
      },
      "parametersMetadata" : {
        "metadata" : { }
      }
    } ],
    "propertiesMetadata" : {
      "metadata" : { }
    },
    "parametersMetadata" : {
      "metadata" : { }
    },
    "hooks" : [ ]
  } ],
  "resources" : [ {
    "majorSchemaVersion" : 3,
    "name" : "bookscapm-db",
    "type" : "com.sap.xs.hdi-container",
    "properties" : { },
    "parameters" : {
      "type" : "managed-service",
      "service" : "hana",
      "service-plan" : "hdi-shared"
    },
    "isActive" : true,
    "isOptional" : false,
    "propertiesMetadata" : {
      "metadata" : { }
    },
    "parametersMetadata" : {
      "metadata" : { }
    },
    "requiredDependencies" : [ ],
    "processedAfter" : [ ]
  }, {
    "majorSchemaVersion" : 3,
    "name" : "bookscapm-destination-service",
    "type" : "org.cloudfoundry.managed-service",
    "properties" : { },
    "parameters" : {
      "service-name" : "bookscapm-destination-service",
      "service-plan" : "lite",
      "type" : "managed-service",
      "config" : {
        "HTML5Runtime_enabled" : true,
        "init_data" : {
          "instance" : {
            "destinations" : [ {
              "Authentication" : "********",
              "Name" : "ui5",
              "ProxyType" : "Internet",
              "Type" : "HTTP",
              "URL" : "https://ui5.sap.com"
            }, {
              "Authentication" : "********",
              "HTML5.DynamicDestination" : true,
              "HTML5.ForwardAuthToken" : "********",
              "Name" : "srv-api",
              "ProxyType" : "Internet",
              "Type" : "HTTP",
              "URL" : "~{srv-api/srv-url}"
            } ],
            "existing_destinations_policy" : "update"
          }
        },
        "version" : "1.0.0"
      },
      "service" : "destination"
    },
    "isActive" : true,
    "isOptional" : false,
    "propertiesMetadata" : {
      "metadata" : { }
    },
    "parametersMetadata" : {
      "metadata" : { }
    },
    "requiredDependencies" : [ {
      "majorSchemaVersion" : 3,
      "name" : "srv-api",
      "properties" : { },
      "parameters" : { },
      "propertiesMetadata" : {
        "metadata" : { }
      },
      "parametersMetadata" : {
        "metadata" : { }
      }
    } ],
    "processedAfter" : [ ]
  }, {
    "majorSchemaVersion" : 3,
    "name" : "bookscapm_html_repo_host",
    "type" : "org.cloudfoundry.managed-service",
    "properties" : { },
    "parameters" : {
      "service-name" : "bookscapm-html5-app-host-service",
      "service-plan" : "app-host",
      "type" : "managed-service",
      "service" : "html5-apps-repo"
    },
    "isActive" : true,
    "isOptional" : false,
    "propertiesMetadata" : {
      "metadata" : { }
    },
    "parametersMetadata" : {
      "metadata" : { }
    },
    "requiredDependencies" : [ ],
    "processedAfter" : [ ]
  }, {
    "majorSchemaVersion" : 3,
    "name" : "uaa_bookscapm",
    "type" : "org.cloudfoundry.managed-service",
    "properties" : { },
    "parameters" : {
      "path" : "./xs-security.json",
      "service-name" : "bookscapm-xsuaa-service",
      "service-plan" : "application",
      "type" : "managed-service",
      "service" : "xsuaa"
    },
    "isActive" : true,
    "isOptional" : false,
    "propertiesMetadata" : {
      "metadata" : { }
    },
    "parametersMetadata" : {
      "metadata" : { }
    },
    "requiredDependencies" : [ ],
    "processedAfter" : [ ]
  } ],
  "parameters" : {
    "enable-parallel-deployments" : true,
    "deploy_mode" : "html5-repo"
  },
  "parametersMetadata" : {
    "metadata" : { }
  }
}#
#2026 08 19 14:52:39.144#Z#DEBUG#9f2bc722-9bdd-11f1-b06d-eeee0a9f1b5e.OPERATION#flowable-async-job-executor-thread-22291#
[MergeDescriptorsStep] Descriptors validated and merged#
#2026 08 19 14:52:39.144#Z#DEBUG#9f2bc722-9bdd-11f1-b06d-eeee0a9f1b5e.OPERATION#flowable-async-job-executor-thread-22291#
Step "Merge Descriptors" finished#
#2026 08 19 14:52:39.179#Z#DEBUG#9f2bc722-9bdd-11f1-b06d-eeee0a9f1b5e.OPERATION#flowable-async-job-executor-thread-22291#
[DetectDeployedMtaStep] Executing task "detectDeployedMtaTask" of process "9f2bee58-9bdd-11f1-b06d-eeee0a9f1b5e"...#
#2026 08 19 14:52:39.180#Z#DEBUG#9f2bc722-9bdd-11f1-b06d-eeee0a9f1b5e.OPERATION#flowable-async-job-executor-thread-22291#
[DetectDeployedMtaStep] Detecting deployed MTA...#
#2026 08 19 14:52:39.241#Z#DEBUG#9f2bc722-9bdd-11f1-b06d-eeee0a9f1b5e.OPERATION#flowable-async-job-executor-thread-22291#
[DetectDeployedMtaStep] Detecting MTA by id bookscapm and namespace null#
#2026 08 19 14:52:39.242#Z#DEBUG#9f2bc722-9bdd-11f1-b06d-eeee0a9f1b5e.OPERATION#flowable-async-job-executor-thread-22291#
[DetectDeployedMtaStep] Getting applications by metadata label selector "mta_id=ae3834d4d96122b7278fff014e221e64,!mta_namespace"...#
#2026 08 19 14:52:39.301#Z#DEBUG#9f2bc722-9bdd-11f1-b06d-eeee0a9f1b5e.OPERATION#flowable-async-job-executor-thread-22291#
[DetectDeployedMtaStep] Getting service instances by metadata label selector "mta_id=ae3834d4d96122b7278fff014e221e64,!mta_namespace"...#
#2026 08 19 14:52:39.401#Z#DEBUG#9f2bc722-9bdd-11f1-b06d-eeee0a9f1b5e.OPERATION#flowable-async-job-executor-thread-22291#
[DetectDeployedMtaStep] Deployed MTA: {
  "metadata" : {
    "id" : "bookscapm",
    "version" : "1.0.0"
  },
  "applications" : [ {
    "name" : "bookscapm-srv",
    "metadata" : {
      "guid" : "e4fbc9e0-0224-4a88-a46f-eef717330b07",
      "createdAt" : [ 2026, 8, 18, 11, 45, 21 ],
      "updatedAt" : [ 2026, 8, 19, 14, 49, 45 ]
    },
    "v3Metadata" : {
      "annotations" : {
        "mta_id" : "bookscapm",
        "mta_version" : "1.0.0",
        "mta_module" : "{\"name\":\"bookscapm-srv\"}",
        "mta_module_provided_dependencies" : "[]",
        "mta_bound_services" : "[\"bookscapm-db\",\"bookscapm-xsuaa-service\"]"
      },
      "labels" : {
        "mta_id" : "ae3834d4d96122b7278fff014e221e64"
      }
    },
    "state" : "STARTED",
    "lifecycle" : {
      "type" : "BUILDPACK",
      "data" : {
        "buildpacks" : [ "nodejs_buildpack" ],
        "stack" : "cflinuxfs4"
      }
    },
    "space" : {
      "name" : "dev",
      "metadata" : {
        "guid" : "5d8a2d66-1cdf-4f95-ae67-ef9fb5cde8d1",
        "createdAt" : [ 2026, 8, 7, 6, 20, 30 ],
        "updatedAt" : [ 2026, 8, 7, 6, 20, 30 ]
      },
      "organization" : {
        "name" : "1fb9e48dtrial",
        "metadata" : {
          "guid" : "8ca7719c-a1c5-4100-832b-9bfcd0e73c43",
          "createdAt" : [ 2026, 8, 7, 6, 20, 28 ],
          "updatedAt" : [ 2026, 8, 7, 6, 20, 30 ]
        }
      }
    },
    "moduleName" : "bookscapm-srv",
    "boundMtaServices" : [ "bookscapm-db", "bookscapm-xsuaa-service" ],
    "providedDependencyNames" : [ ],
    "productizationState" : "LIVE"
  }, {
    "name" : "bookscapm-db-deployer",
    "metadata" : {
      "guid" : "eed2b67a-83f4-424b-8876-9856be729ff6",
      "createdAt" : [ 2026, 8, 18, 11, 45, 23 ],
      "updatedAt" : [ 2026, 8, 19, 14, 50, 18 ]
    },
    "v3Metadata" : {
      "annotations" : {
        "mta_id" : "bookscapm",
        "mta_version" : "1.0.0",
        "mta_module" : "{\"name\":\"bookscapm-db-deployer\"}",
        "mta_module_provided_dependencies" : "[]",
        "mta_bound_services" : "[\"bookscapm-db\"]"
      },
      "labels" : {
        "mta_id" : "ae3834d4d96122b7278fff014e221e64"
      }
    },
    "state" : "STOPPED",
    "lifecycle" : {
      "type" : "BUILDPACK",
      "data" : {
        "buildpacks" : [ "nodejs_buildpack" ],
        "stack" : "cflinuxfs4"
      }
    },
    "space" : {
      "name" : "dev",
      "metadata" : {
        "guid" : "5d8a2d66-1cdf-4f95-ae67-ef9fb5cde8d1",
        "createdAt" : [ 2026, 8, 7, 6, 20, 30 ],
        "updatedAt" : [ 2026, 8, 7, 6, 20, 30 ]
      },
      "organization" : {
        "name" : "1fb9e48dtrial",
        "metadata" : {
          "guid" : "8ca7719c-a1c5-4100-832b-9bfcd0e73c43",
          "createdAt" : [ 2026, 8, 7, 6, 20, 28 ],
          "updatedAt" : [ 2026, 8, 7, 6, 20, 30 ]
        }
      }
    },
    "moduleName" : "bookscapm-db-deployer",
    "boundMtaServices" : [ "bookscapm-db" ],
    "providedDependencyNames" : [ ],
    "productizationState" : "LIVE"
  } ],
  "services" : [ {
    "name" : "bookscapm-db",
    "metadata" : {
      "guid" : "24df4fe9-e67b-4d75-a6ed-b547dc8c357e",
      "createdAt" : [ 2026, 8, 18, 11, 45, 5 ],
      "updatedAt" : [ 2026, 8, 18, 11, 45, 5 ]
    },
    "v3Metadata" : {
      "annotations" : {
        "mta_id" : "bookscapm",
        "mta_version" : "1.0.0",
        "mta_resource" : "{\"name\":\"bookscapm-db\"}"
      },
      "labels" : {
        "mta_id" : "ae3834d4d96122b7278fff014e221e64"
      }
    },
    "label" : "hana",
    "plan" : "hdi-shared",
    "credentials" : "********",
    "tags" : [ ],
    "type" : "managed",
    "lastOperation" : {
      "type" : "CREATE",
      "state" : "SUCCEEDED"
    },
    "resourceName" : "bookscapm-db"
  }, {
    "name" : "bookscapm-html5-app-host-service",
    "metadata" : {
      "guid" : "1353e206-1f91-44f8-988a-5b94ddd57c3d",
      "createdAt" : [ 2026, 8, 18, 11, 45, 5 ],
      "updatedAt" : [ 2026, 8, 18, 11, 45, 6 ]
    },
    "v3Metadata" : {
      "annotations" : {
        "mta_id" : "bookscapm",
        "mta_version" : "1.0.0",
        "mta_resource" : "{\"name\":\"bookscapm_html_repo_host\"}"
      },
      "labels" : {
        "mta_id" : "ae3834d4d96122b7278fff014e221e64"
      }
    },
    "label" : "html5-apps-repo",
    "plan" : "app-host",
    "credentials" : "********",
    "tags" : [ ],
    "type" : "managed",
    "lastOperation" : {
      "type" : "CREATE",
      "description" : "",
      "state" : "SUCCEEDED"
    },
    "resourceName" : "bookscapm_html_repo_host"
  }, {
    "name" : "bookscapm-destination-service",
    "metadata" : {
      "guid" : "ada22074-722e-4d7d-a5b7-329c9f3a1527",
      "createdAt" : [ 2026, 8, 18, 11, 45, 3 ],
      "updatedAt" : [ 2026, 8, 18, 11, 45, 6 ]
    },
    "v3Metadata" : {
      "annotations" : {
        "mta_id" : "bookscapm",
        "mta_version" : "1.0.0",
        "mta_resource" : "{\"name\":\"bookscapm-destination-service\"}"
      },
      "labels" : {
        "mta_id" : "ae3834d4d96122b7278fff014e221e64"
      }
    },
    "label" : "destination",
    "plan" : "lite",
    "credentials" : "********",
    "tags" : [ ],
    "type" : "managed",
    "lastOperation" : {
      "type" : "UPDATE",
      "description" : "",
      "state" : "SUCCEEDED"
    },
    "resourceName" : "bookscapm-destination-service"
  }, {
    "name" : "bookscapm-xsuaa-service",
    "metadata" : {
      "guid" : "651b5a33-914f-4737-b7bd-350a7a9d2a6d",
      "createdAt" : [ 2026, 8, 18, 11, 45, 8 ],
      "updatedAt" : [ 2026, 8, 18, 11, 45, 8 ]
    },
    "v3Metadata" : {
      "annotations" : {
        "mta_id" : "bookscapm",
        "mta_version" : "1.0.0",
        "mta_resource" : "{\"name\":\"uaa_bookscapm\"}"
      },
      "labels" : {
        "mta_id" : "ae3834d4d96122b7278fff014e221e64"
      }
    },
    "label" : "xsuaa",
    "plan" : "application",
    "credentials" : "********",
    "tags" : [ ],
    "type" : "managed",
    "lastOperation" : {
      "type" : "UPDATE",
      "description" : "********",
      "state" : "FAILED"
    },
    "resourceName" : "uaa_bookscapm"
  } ]
}#
#2026 08 19 14:52:39.401#Z#INFO#9f2bc722-9bdd-11f1-b06d-eeee0a9f1b5e.OPERATION#flowable-async-job-executor-thread-22291#
[DetectDeployedMtaStep] Detected deployed MTA with ID "bookscapm" and version "1.0.0"#
#2026 08 19 14:52:39.407#Z#DEBUG#9f2bc722-9bdd-11f1-b06d-eeee0a9f1b5e.OPERATION#flowable-async-job-executor-thread-22291#
[DetectDeployedMtaStep] Detecting backup mta by id "bookscapm" and namespace "null"#
#2026 08 19 14:52:39.407#Z#DEBUG#9f2bc722-9bdd-11f1-b06d-eeee0a9f1b5e.OPERATION#flowable-async-job-executor-thread-22291#
[DetectDeployedMtaStep] Getting applications by metadata label selector "mta_id=ae3834d4d96122b7278fff014e221e64,mta_namespace=b698114a0995e936895b9598a6c19a2c"...#
#2026 08 19 14:52:39.430#Z#DEBUG#9f2bc722-9bdd-11f1-b06d-eeee0a9f1b5e.OPERATION#flowable-async-job-executor-thread-22291#
[DetectDeployedMtaStep] Getting service instances by metadata label selector "mta_id=ae3834d4d96122b7278fff014e221e64,mta_namespace=b698114a0995e936895b9598a6c19a2c"...#
#2026 08 19 14:52:39.500#Z#DEBUG#9f2bc722-9bdd-11f1-b06d-eeee0a9f1b5e.OPERATION#flowable-async-job-executor-thread-22291#
[DetectDeployedMtaStep] Deployed MTA service keys: [ {
  "name" : "********",
  "metadata" : {
    "guid" : "5e0b1e41-ee38-4287-b5c6-9feaad5ce57e",
    "createdAt" : [ 2026, 8, 18, 11, 45, 24 ],
    "updatedAt" : [ 2026, 8, 18, 11, 45, 24 ]
  },
  "v3Metadata" : {
    "annotations" : {
      "mta_id" : "bookscapm",
      "mta_version" : "1.0.0"
    },
    "labels" : {
      "mta_id" : "ae3834d4d96122b7278fff014e221e64",
      "space_guid" : "5d8a2d66-1cdf-4f95-ae67-ef9fb5cde8d1"
    }
  },
  "serviceInstance" : {
    "name" : "bookscapm-html5-app-host-service",
    "metadata" : {
      "guid" : "1353e206-1f91-44f8-988a-5b94ddd57c3d",
      "createdAt" : [ 2026, 8, 18, 11, 45, 5 ],
      "updatedAt" : [ 2026, 8, 18, 11, 45, 6 ]
    },
    "v3Metadata" : {
      "annotations" : {
        "mta_id" : "bookscapm",
        "mta_version" : "1.0.0",
        "mta_resource" : "{\"name\":\"bookscapm_html_repo_host\"}"
      },
      "labels" : {
        "mta_id" : "ae3834d4d96122b7278fff014e221e64"
      }
    },
    "credentials" : "********",
    "tags" : [ ],
    "type" : "managed"
  }
}, {
  "name" : "********",
  "metadata" : {
    "guid" : "6ec760a7-ef8a-4e49-9097-67fb84791232",
    "createdAt" : [ 2026, 8, 18, 11, 45, 24 ],
    "updatedAt" : [ 2026, 8, 18, 11, 45, 25 ]
  },
  "v3Metadata" : {
    "annotations" : {
      "mta_id" : "bookscapm",
      "mta_version" : "1.0.0"
    },
    "labels" : {
      "mta_id" : "ae3834d4d96122b7278fff014e221e64",
      "space_guid" : "5d8a2d66-1cdf-4f95-ae67-ef9fb5cde8d1"
    }
  },
  "serviceInstance" : {
    "name" : "bookscapm-destination-service",
    "metadata" : {
      "guid" : "ada22074-722e-4d7d-a5b7-329c9f3a1527",
      "createdAt" : [ 2026, 8, 18, 11, 45, 3 ],
      "updatedAt" : [ 2026, 8, 18, 11, 45, 6 ]
    },
    "v3Metadata" : {
      "annotations" : {
        "mta_id" : "bookscapm",
        "mta_version" : "1.0.0",
        "mta_resource" : "{\"name\":\"bookscapm-destination-service\"}"
      },
      "labels" : {
        "mta_id" : "ae3834d4d96122b7278fff014e221e64"
      }
    },
    "credentials" : "********",
    "tags" : [ ],
    "type" : "managed"
  }
}, {
  "name" : "********",
  "metadata" : {
    "guid" : "679088d2-bb1c-4e14-84b4-bce5d1e7ff38",
    "createdAt" : [ 2026, 8, 18, 11, 45, 24 ],
    "updatedAt" : [ 2026, 8, 18, 11, 45, 24 ]
  },
  "v3Metadata" : {
    "annotations" : {
      "mta_id" : "bookscapm",
      "mta_version" : "1.0.0"
    },
    "labels" : {
      "mta_id" : "ae3834d4d96122b7278fff014e221e64",
      "space_guid" : "5d8a2d66-1cdf-4f95-ae67-ef9fb5cde8d1"
    }
  },
  "serviceInstance" : {
    "name" : "bookscapm-xsuaa-service",
    "metadata" : {
      "guid" : "651b5a33-914f-4737-b7bd-350a7a9d2a6d",
      "createdAt" : [ 2026, 8, 18, 11, 45, 8 ],
      "updatedAt" : [ 2026, 8, 18, 11, 45, 8 ]
    },
    "v3Metadata" : {
      "annotations" : {
        "mta_id" : "bookscapm",
        "mta_version" : "1.0.0",
        "mta_resource" : "{\"name\":\"uaa_bookscapm\"}"
      },
      "labels" : {
        "mta_id" : "ae3834d4d96122b7278fff014e221e64"
      }
    },
    "credentials" : "********",
    "tags" : [ ],
    "type" : "managed"
  }
}, {
  "name" : "********",
  "metadata" : {
    "guid" : "5aab5c4f-65ce-4d34-8c8b-cf359d1dc42b",
    "createdAt" : [ 2026, 8, 18, 11, 45, 26 ],
    "updatedAt" : [ 2026, 8, 18, 11, 45, 27 ]
  },
  "v3Metadata" : {
    "annotations" : {
      "mta_id" : "bookscapm",
      "mta_version" : "1.0.0"
    },
    "labels" : {
      "mta_id" : "ae3834d4d96122b7278fff014e221e64",
      "space_guid" : "5d8a2d66-1cdf-4f95-ae67-ef9fb5cde8d1"
    }
  },
  "serviceInstance" : {
    "name" : "bookscapm-html5-app-host-service",
    "metadata" : {
      "guid" : "1353e206-1f91-44f8-988a-5b94ddd57c3d",
      "createdAt" : [ 2026, 8, 18, 11, 45, 5 ],
      "updatedAt" : [ 2026, 8, 18, 11, 45, 6 ]
    },
    "v3Metadata" : {
      "annotations" : {
        "mta_id" : "bookscapm",
        "mta_version" : "1.0.0",
        "mta_resource" : "{\"name\":\"bookscapm_html_repo_host\"}"
      },
      "labels" : {
        "mta_id" : "ae3834d4d96122b7278fff014e221e64"
      }
    },
    "credentials" : "********",
    "tags" : [ ],
    "type" : "managed"
  }
} ]#
#2026 08 19 14:52:39.500#Z#DEBUG#9f2bc722-9bdd-11f1-b06d-eeee0a9f1b5e.OPERATION#flowable-async-job-executor-thread-22291#
Step "Detect Deployed MTA" finished#
#2026 08 19 14:52:39.537#Z#DEBUG#9f2bc722-9bdd-11f1-b06d-eeee0a9f1b5e.OPERATION#flowable-async-job-executor-thread-22291#
[XS2CollectSystemParametersStep] Executing task "collectSystemParametersTask" of process "9f2bee58-9bdd-11f1-b06d-eeee0a9f1b5e"...#
#2026 08 19 14:52:39.538#Z#DEBUG#9f2bc722-9bdd-11f1-b06d-eeee0a9f1b5e.OPERATION#flowable-async-job-executor-thread-22291#
[XS2CollectSystemParametersStep] Collecting system parameters...#
#2026 08 19 14:52:39.539#Z#DEBUG#9f2bc722-9bdd-11f1-b06d-eeee0a9f1b5e.OPERATION#flowable-async-job-executor-thread-22291#
[XS2CollectSystemParametersStep] Getting default domain...#
#2026 08 19 14:52:39.568#Z#DEBUG#9f2bc722-9bdd-11f1-b06d-eeee0a9f1b5e.OPERATION#flowable-async-job-executor-thread-22291#
[XS2CollectSystemParametersStep] Default domain: cfapps.us10-001.hana.ondemand.com#
#2026 08 19 14:52:39.571#Z#DEBUG#9f2bc722-9bdd-11f1-b06d-eeee0a9f1b5e.OPERATION#flowable-async-job-executor-thread-22291#
[XS2CollectSystemParametersStep] Checking for overwriting read-only parameters for mta with id: "bookscapm"#
#2026 08 19 14:52:39.571#Z#DEBUG#9f2bc722-9bdd-11f1-b06d-eeee0a9f1b5e.OPERATION#flowable-async-job-executor-thread-22291#
[XS2CollectSystemParametersStep] No read-only parameters are overwritten#
#2026 08 19 14:52:39.584#Z#DEBUG#9f2bc722-9bdd-11f1-b06d-eeee0a9f1b5e.OPERATION#flowable-async-job-executor-thread-22291#
[XS2CollectSystemParametersStep] Descriptor with system parameters: {
  "majorSchemaVersion" : 3,
  "schemaVersion" : "3.3.0",
  "id" : "bookscapm",
  "version" : "1.0.0",
  "modules" : [ {
    "majorSchemaVersion" : 3,
    "name" : "bookscapm-srv",
    "type" : "javascript.nodejs",
    "path" : "bookscapm-srv",
    "properties" : { },
    "parameters" : {
      "default-url" : "${protocol}://${default-uri}",
      "default-app-name" : "bookscapm-srv",
      "generated-password" : "********",
      "default-live-url" : "${protocol}://${default-live-uri}",
      "default-uri" : "${host}.${domain}",
      "default-instances" : 1,
      "default-live-host" : "1fb9e48dtrial-dev-bookscapm-srv",
      "instances" : 1,
      "buildpack" : "nodejs_buildpack",
      "default-host" : "1fb9e48dtrial-dev-bookscapm-srv",
      "app-name" : "${default-app-name}",
      "default-live-uri" : "1fb9e48dtrial-dev-bookscapm-srv.${domain}",
      "protocol" : "https",
      "default-live-app-name" : "bookscapm-srv",
      "default-live-domain" : "cfapps.us10-001.hana.ondemand.com",
      "domain" : "${default-domain}",
      "host" : "${default-host}",
      "generated-user" : "********"
    },
    "requiredDependencies" : [ {
      "majorSchemaVersion" : 3,
      "name" : "bookscapm-db",
      "properties" : { },
      "parameters" : { },
      "propertiesMetadata" : {
        "metadata" : { }
      },
      "parametersMetadata" : {
        "metadata" : { }
      }
    }, {
      "majorSchemaVersion" : 3,
      "name" : "uaa_bookscapm",
      "properties" : { },
      "parameters" : { },
      "propertiesMetadata" : {
        "metadata" : { }
      },
      "parametersMetadata" : {
        "metadata" : { }
      }
    } ],
    "providedDependencies" : [ {
      "majorSchemaVersion" : 3,
      "name" : "srv-api",
      "isPublic" : false,
      "properties" : {
        "srv-url" : "${default-url}"
      },
      "parameters" : { },
      "propertiesMetadata" : {
        "metadata" : { }
      },
      "parametersMetadata" : {
        "metadata" : { }
      }
    }, {
      "majorSchemaVersion" : 3,
      "name" : "bookscapm-srv",
      "isPublic" : false,
      "properties" : { },
      "parameters" : { },
      "propertiesMetadata" : {
        "metadata" : { }
      },
      "parametersMetadata" : {
        "metadata" : { }
      }
    } ],
    "propertiesMetadata" : {
      "metadata" : { }
    },
    "parametersMetadata" : {
      "metadata" : { }
    },
    "hooks" : [ ]
  }, {
    "majorSchemaVersion" : 3,
    "name" : "bookscapm-db-deployer",
    "type" : "com.sap.xs.hdi",
    "path" : "bookscapm-db-deployer",
    "properties" : {
      "EXIT" : 1
    },
    "parameters" : {
      "default-url" : "${protocol}://${default-uri}",
      "default-app-name" : "bookscapm-db-deployer",
      "generated-password" : "********",
      "default-live-url" : "${protocol}://${default-live-uri}",
      "default-uri" : "${host}.${domain}",
      "memory" : "256M",
      "default-instances" : 1,
      "no-route" : true,
      "default-live-host" : "1fb9e48dtrial-dev-bookscapm-db-deployer",
      "instances" : "${default-instances}",
      "buildpack" : "nodejs_buildpack",
      "default-host" : "1fb9e48dtrial-dev-bookscapm-db-deployer",
      "app-name" : "${default-app-name}",
      "default-live-uri" : "1fb9e48dtrial-dev-bookscapm-db-deployer.${domain}",
      "protocol" : "https",
      "default-live-app-name" : "bookscapm-db-deployer",
      "default-live-domain" : "cfapps.us10-001.hana.ondemand.com",
      "dependency-type" : "hard",
      "domain" : "${default-domain}",
      "host" : "${default-host}",
      "generated-user" : "********",
      "tasks" : [ {
        "name" : "deploy",
        "memory" : "256M",
        "command" : "npm start"
      } ],
      "no-start" : true
    },
    "requiredDependencies" : [ {
      "majorSchemaVersion" : 3,
      "name" : "bookscapm-db",
      "properties" : { },
      "parameters" : { },
      "propertiesMetadata" : {
        "metadata" : { }
      },
      "parametersMetadata" : {
        "metadata" : { }
      }
    } ],
    "providedDependencies" : [ {
      "majorSchemaVersion" : 3,
      "name" : "bookscapm-db-deployer",
      "isPublic" : false,
      "properties" : { },
      "parameters" : { },
      "propertiesMetadata" : {
        "metadata" : { }
      },
      "parametersMetadata" : {
        "metadata" : { }
      }
    } ],
    "propertiesMetadata" : {
      "metadata" : { }
    },
    "parametersMetadata" : {
      "metadata" : { }
    },
    "hooks" : [ ]
  }, {
    "majorSchemaVersion" : 3,
    "name" : "bookscapm-destination-content",
    "type" : "com.sap.application.content",
    "properties" : { },
    "parameters" : {
      "default-url" : "${protocol}://${default-uri}",
      "default-app-name" : "bookscapm-destination-content",
      "generated-password" : "********",
      "default-live-url" : "${protocol}://${default-live-uri}",
      "default-uri" : "${host}.${domain}",
      "default-instances" : 1,
      "default-live-host" : "1fb9e48dtrial-dev-bookscapm-destination-content",
      "instances" : "${default-instances}",
      "default-host" : "1fb9e48dtrial-dev-bookscapm-destination-content",
      "content" : {
        "instance" : {
          "destinations" : [ {
            "Name" : "bookscapmapplicationrouter_bookscapm_html_repo_host",
            "ServiceInstanceName" : "bookscapm-html5-app-host-service",
            "ServiceKeyName" : "********",
            "sap.cloud.service" : "bookscapmapplicationrouter"
          }, {
            "Authentication" : "********",
            "Name" : "bookscapmapplicationrouter_uaa_bookscapm",
            "ServiceInstanceName" : "bookscapm-xsuaa-service",
            "ServiceKeyName" : "********",
            "sap.cloud.service" : "bookscapmapplicationrouter"
          } ],
          "existing_destinations_policy" : "ignore"
        }
      },
      "app-name" : "${default-app-name}",
      "default-live-uri" : "1fb9e48dtrial-dev-bookscapm-destination-content.${domain}",
      "protocol" : "https",
      "default-live-app-name" : "bookscapm-destination-content",
      "default-live-domain" : "cfapps.us10-001.hana.ondemand.com",
      "domain" : "${default-domain}",
      "host" : "${default-host}",
      "generated-user" : "********"
    },
    "requiredDependencies" : [ {
      "majorSchemaVersion" : 3,
      "name" : "bookscapm-destination-service",
      "properties" : { },
      "parameters" : {
        "content-target" : true
      },
      "propertiesMetadata" : {
        "metadata" : { }
      },
      "parametersMetadata" : {
        "metadata" : { }
      }
    }, {
      "majorSchemaVersion" : 3,
      "name" : "bookscapm_html_repo_host",
      "properties" : { },
      "parameters" : {
        "service-key" : "********"
      },
      "propertiesMetadata" : {
        "metadata" : { }
      },
      "parametersMetadata" : {
        "metadata" : { }
      }
    }, {
      "majorSchemaVersion" : 3,
      "name" : "uaa_bookscapm",
      "properties" : { },
      "parameters" : {
        "service-key" : "********"
      },
      "propertiesMetadata" : {
        "metadata" : { }
      },
      "parametersMetadata" : {
        "metadata" : { }
      }
    } ],
    "providedDependencies" : [ {
      "majorSchemaVersion" : 3,
      "name" : "bookscapm-destination-content",
      "isPublic" : false,
      "properties" : { },
      "parameters" : { },
      "propertiesMetadata" : {
        "metadata" : { }
      },
      "parametersMetadata" : {
        "metadata" : { }
      }
    } ],
    "propertiesMetadata" : {
      "metadata" : { }
    },
    "parametersMetadata" : {
      "metadata" : { }
    },
    "hooks" : [ ]
  }, {
    "majorSchemaVersion" : 3,
    "name" : "bookscapm-app-content",
    "type" : "com.sap.application.content",
    "path" : "bookscapm-app-content",
    "properties" : { },
    "parameters" : {
      "default-url" : "${protocol}://${default-uri}",
      "default-app-name" : "bookscapm-app-content",
      "generated-password" : "********",
      "default-live-url" : "${protocol}://${default-live-uri}",
      "default-uri" : "${host}.${domain}",
      "default-instances" : 1,
      "default-live-host" : "1fb9e48dtrial-dev-bookscapm-app-content",
      "instances" : "${default-instances}",
      "default-host" : "1fb9e48dtrial-dev-bookscapm-app-content",
      "app-name" : "${default-app-name}",
      "default-live-uri" : "1fb9e48dtrial-dev-bookscapm-app-content.${domain}",
      "protocol" : "https",
      "default-live-app-name" : "bookscapm-app-content",
      "default-live-domain" : "cfapps.us10-001.hana.ondemand.com",
      "domain" : "${default-domain}",
      "host" : "${default-host}",
      "generated-user" : "********"
    },
    "requiredDependencies" : [ {
      "majorSchemaVersion" : 3,
      "name" : "bookscapm_html_repo_host",
      "properties" : { },
      "parameters" : {
        "content-target" : true
      },
      "propertiesMetadata" : {
        "metadata" : { }
      },
      "parametersMetadata" : {
        "metadata" : { }
      }
    } ],
    "providedDependencies" : [ {
      "majorSchemaVersion" : 3,
      "name" : "bookscapm-app-content",
      "isPublic" : false,
      "properties" : { },
      "parameters" : { },
      "propertiesMetadata" : {
        "metadata" : { }
      },
      "parametersMetadata" : {
        "metadata" : { }
      }
    } ],
    "propertiesMetadata" : {
      "metadata" : { }
    },
    "parametersMetadata" : {
      "metadata" : { }
    },
    "hooks" : [ ]
  } ],
  "resources" : [ {
    "majorSchemaVersion" : 3,
    "name" : "bookscapm-db",
    "type" : "com.sap.xs.hdi-container",
    "properties" : { },
    "parameters" : {
      "generated-password" : "********",
      "service-name" : "${default-service-name}",
      "service-plan" : "hdi-shared",
      "service" : "hana",
      "generated-user" : "********",
      "default-xsappname" : "bookscapm-db",
      "type" : "managed-service",
      "default-service-name" : "bookscapm-db",
      "default-container-name" : "1FB9E48DTRIAL_DEV_BOOKSCAPM_DB"
    },
    "isActive" : true,
    "isOptional" : false,
    "propertiesMetadata" : {
      "metadata" : { }
    },
    "parametersMetadata" : {
      "metadata" : { }
    },
    "requiredDependencies" : [ ],
    "processedAfter" : [ ]
  }, {
    "majorSchemaVersion" : 3,
    "name" : "bookscapm-destination-service",
    "type" : "org.cloudfoundry.managed-service",
    "properties" : { },
    "parameters" : {
      "generated-password" : "********",
      "service-name" : "bookscapm-destination-service",
      "service-plan" : "lite",
      "service" : "destination",
      "generated-user" : "********",
      "default-xsappname" : "bookscapm-destination-service",
      "type" : "managed-service",
      "config" : {
        "HTML5Runtime_enabled" : true,
        "init_data" : {
          "instance" : {
            "destinations" : [ {
              "Authentication" : "********",
              "Name" : "ui5",
              "ProxyType" : "Internet",
              "Type" : "HTTP",
              "URL" : "https://ui5.sap.com"
            }, {
              "Authentication" : "********",
              "HTML5.DynamicDestination" : true,
              "HTML5.ForwardAuthToken" : "********",
              "Name" : "srv-api",
              "ProxyType" : "Internet",
              "Type" : "HTTP",
              "URL" : "~{srv-api/srv-url}"
            } ],
            "existing_destinations_policy" : "update"
          }
        },
        "version" : "1.0.0"
      },
      "default-service-name" : "bookscapm-destination-service",
      "default-container-name" : "1FB9E48DTRIAL_DEV_BOOKSCAPM_DESTINATION_SERVICE"
    },
    "isActive" : true,
    "isOptional" : false,
    "propertiesMetadata" : {
      "metadata" : { }
    },
    "parametersMetadata" : {
      "metadata" : { }
    },
    "requiredDependencies" : [ {
      "majorSchemaVersion" : 3,
      "name" : "srv-api",
      "properties" : { },
      "parameters" : { },
      "propertiesMetadata" : {
        "metadata" : { }
      },
      "parametersMetadata" : {
        "metadata" : { }
      }
    } ],
    "processedAfter" : [ ]
  }, {
    "majorSchemaVersion" : 3,
    "name" : "bookscapm_html_repo_host",
    "type" : "org.cloudfoundry.managed-service",
    "properties" : { },
    "parameters" : {
      "generated-password" : "********",
      "service-name" : "bookscapm-html5-app-host-service",
      "service-plan" : "app-host",
      "service" : "html5-apps-repo",
      "generated-user" : "********",
      "default-xsappname" : "bookscapm_html_repo_host",
      "type" : "managed-service",
      "default-service-name" : "bookscapm_html_repo_host",
      "default-container-name" : "1FB9E48DTRIAL_DEV_BOOKSCAPM_HTML_REPO_HOST"
    },
    "isActive" : true,
    "isOptional" : false,
    "propertiesMetadata" : {
      "metadata" : { }
    },
    "parametersMetadata" : {
      "metadata" : { }
    },
    "requiredDependencies" : [ ],
    "processedAfter" : [ ]
  }, {
    "majorSchemaVersion" : 3,
    "name" : "uaa_bookscapm",
    "type" : "org.cloudfoundry.managed-service",
    "properties" : { },
    "parameters" : {
      "generated-password" : "********",
      "path" : "./xs-security.json",
      "service-name" : "bookscapm-xsuaa-service",
      "service-plan" : "application",
      "service" : "xsuaa",
      "generated-user" : "********",
      "default-xsappname" : "uaa_bookscapm",
      "type" : "managed-service",
      "default-service-name" : "uaa_bookscapm",
      "default-container-name" : "1FB9E48DTRIAL_DEV_UAA_BOOKSCAPM"
    },
    "isActive" : true,
    "isOptional" : false,
    "propertiesMetadata" : {
      "metadata" : { }
    },
    "parametersMetadata" : {
      "metadata" : { }
    },
    "requiredDependencies" : [ ],
    "processedAfter" : [ ]
  } ],
  "parameters" : {
    "deploy_mode" : "html5-repo",
    "mta-id" : "bookscapm",
    "authorization-url" : "********",
    "org-guid" : "8ca7719c-a1c5-4100-832b-9bfcd0e73c43",
    "org" : "1fb9e48dtrial",
    "deploy-target" : "1fb9e48dtrial dev",
    "enable-parallel-deployments" : true,
    "space" : "dev",
    "xs-api-url" : "https://api.cf.us10-001.hana.ondemand.com",
    "deploy-url" : "deploy-service.cfapps.us10-001.hana.ondemand.com",
    "xs-type" : "CF",
    "default-domain" : "cfapps.us10-001.hana.ondemand.com",
    "mta-version" : "1.0.0",
    "xs-auth-url" : "********",
    "space-guid" : "5d8a2d66-1cdf-4f95-ae67-ef9fb5cde8d1",
    "user" : "********",
    "controller-url" : "https://api.cf.us10-001.hana.ondemand.com",
    "timestamp" : "20260819145238"
  },
  "parametersMetadata" : {
    "metadata" : { }
  }
}#
#2026 08 19 14:52:39.586#Z#DEBUG#9f2bc722-9bdd-11f1-b06d-eeee0a9f1b5e.OPERATION#flowable-async-job-executor-thread-22291#
[XS2CollectSystemParametersStep] Version rule: SAME_HIGHER#
#2026 08 19 14:52:39.586#Z#INFO#9f2bc722-9bdd-11f1-b06d-eeee0a9f1b5e.OPERATION#flowable-async-job-executor-thread-22291#
[XS2CollectSystemParametersStep] Detected new MTA version: "1.0.0"#
#2026 08 19 14:52:39.592#Z#INFO#9f2bc722-9bdd-11f1-b06d-eeee0a9f1b5e.OPERATION#flowable-async-job-executor-thread-22291#
[XS2CollectSystemParametersStep] Deployed MTA version: "1.0.0"#
#2026 08 19 14:52:39.597#Z#DEBUG#9f2bc722-9bdd-11f1-b06d-eeee0a9f1b5e.OPERATION#flowable-async-job-executor-thread-22291#
[XS2CollectSystemParametersStep] MTA accepted for deployment#
#2026 08 19 14:52:39.597#Z#DEBUG#9f2bc722-9bdd-11f1-b06d-eeee0a9f1b5e.OPERATION#flowable-async-job-executor-thread-22291#
[XS2CollectSystemParametersStep] System parameters collected#
#2026 08 19 14:52:39.597#Z#DEBUG#9f2bc722-9bdd-11f1-b06d-eeee0a9f1b5e.OPERATION#flowable-async-job-executor-thread-22291#
Step "Collect System Parameters" finished#
#2026 08 19 14:52:39.631#Z#DEBUG#9f2bc722-9bdd-11f1-b06d-eeee0a9f1b5e.OPERATION#flowable-async-job-executor-thread-22291#
[ProcessDescriptorStep] Executing task "processDescriptorTask" of process "9f2bee58-9bdd-11f1-b06d-eeee0a9f1b5e"...#
#2026 08 19 14:52:39.632#Z#DEBUG#9f2bc722-9bdd-11f1-b06d-eeee0a9f1b5e.OPERATION#flowable-async-job-executor-thread-22291#
[ProcessDescriptorStep] Resolving properties and parameters in merged descriptor...#
#2026 08 19 14:52:39.637#Z#DEBUG#9f2bc722-9bdd-11f1-b06d-eeee0a9f1b5e.OPERATION#flowable-async-job-executor-thread-22291#
[ProcessDescriptorStep] Subscriptions: [ ]#
#2026 08 19 14:52:39.637#Z#DEBUG#9f2bc722-9bdd-11f1-b06d-eeee0a9f1b5e.OPERATION#flowable-async-job-executor-thread-22291#
[ProcessDescriptorStep] MTA modules: [bookscapm-srv, bookscapm-app-content, bookscapm-db-deployer, bookscapm-destination-content]#
#2026 08 19 14:52:39.638#Z#DEBUG#9f2bc722-9bdd-11f1-b06d-eeee0a9f1b5e.OPERATION#flowable-async-job-executor-thread-22291#
[ProcessDescriptorStep] Resolved deployment descriptor: {
  "majorSchemaVersion" : 3,
  "schemaVersion" : "3.3.0",
  "id" : "bookscapm",
  "version" : "1.0.0",
  "modules" : [ {
    "majorSchemaVersion" : 3,
    "name" : "bookscapm-srv",
    "type" : "javascript.nodejs",
    "path" : "bookscapm-srv",
    "properties" : { },
    "parameters" : {
      "default-url" : "https://1fb9e48dtrial-dev-bookscapm-srv.cfapps.us10-001.hana.ondemand.com",
      "default-app-name" : "bookscapm-srv",
      "generated-password" : "********",
      "default-live-url" : "https://1fb9e48dtrial-dev-bookscapm-srv.cfapps.us10-001.hana.ondemand.com",
      "default-uri" : "1fb9e48dtrial-dev-bookscapm-srv.cfapps.us10-001.hana.ondemand.com",
      "default-instances" : 1,
      "default-live-host" : "1fb9e48dtrial-dev-bookscapm-srv",
      "instances" : 1,
      "buildpack" : "nodejs_buildpack",
      "default-host" : "1fb9e48dtrial-dev-bookscapm-srv",
      "app-name" : "bookscapm-srv",
      "default-live-uri" : "1fb9e48dtrial-dev-bookscapm-srv.cfapps.us10-001.hana.ondemand.com",
      "protocol" : "https",
      "default-live-app-name" : "bookscapm-srv",
      "default-live-domain" : "cfapps.us10-001.hana.ondemand.com",
      "domain" : "cfapps.us10-001.hana.ondemand.com",
      "host" : "1fb9e48dtrial-dev-bookscapm-srv",
      "generated-user" : "********"
    },
    "requiredDependencies" : [ {
      "majorSchemaVersion" : 3,
      "name" : "bookscapm-db",
      "properties" : { },
      "parameters" : { },
      "propertiesMetadata" : {
        "metadata" : { }
      },
      "parametersMetadata" : {
        "metadata" : { }
      }
    }, {
      "majorSchemaVersion" : 3,
      "name" : "uaa_bookscapm",
      "properties" : { },
      "parameters" : { },
      "propertiesMetadata" : {
        "metadata" : { }
      },
      "parametersMetadata" : {
        "metadata" : { }
      }
    } ],
    "providedDependencies" : [ {
      "majorSchemaVersion" : 3,
      "name" : "srv-api",
      "isPublic" : false,
      "properties" : {
        "srv-url" : "https://1fb9e48dtrial-dev-bookscapm-srv.cfapps.us10-001.hana.ondemand.com"
      },
      "parameters" : { },
      "propertiesMetadata" : {
        "metadata" : { }
      },
      "parametersMetadata" : {
        "metadata" : { }
      }
    }, {
      "majorSchemaVersion" : 3,
      "name" : "bookscapm-srv",
      "isPublic" : false,
      "properties" : { },
      "parameters" : { },
      "propertiesMetadata" : {
        "metadata" : { }
      },
      "parametersMetadata" : {
        "metadata" : { }
      }
    } ],
    "propertiesMetadata" : {
      "metadata" : { }
    },
    "parametersMetadata" : {
      "metadata" : { }
    },
    "hooks" : [ ]
  }, {
    "majorSchemaVersion" : 3,
    "name" : "bookscapm-db-deployer",
    "type" : "com.sap.xs.hdi",
    "path" : "bookscapm-db-deployer",
    "properties" : {
      "EXIT" : 1
    },
    "parameters" : {
      "default-url" : "https://1fb9e48dtrial-dev-bookscapm-db-deployer.cfapps.us10-001.hana.ondemand.com",
      "default-app-name" : "bookscapm-db-deployer",
      "generated-password" : "********",
      "default-live-url" : "https://1fb9e48dtrial-dev-bookscapm-db-deployer.cfapps.us10-001.hana.ondemand.com",
      "default-uri" : "1fb9e48dtrial-dev-bookscapm-db-deployer.cfapps.us10-001.hana.ondemand.com",
      "memory" : "256M",
      "default-instances" : 1,
      "no-route" : true,
      "default-live-host" : "1fb9e48dtrial-dev-bookscapm-db-deployer",
      "instances" : 1,
      "buildpack" : "nodejs_buildpack",
      "default-host" : "1fb9e48dtrial-dev-bookscapm-db-deployer",
      "app-name" : "bookscapm-db-deployer",
      "default-live-uri" : "1fb9e48dtrial-dev-bookscapm-db-deployer.cfapps.us10-001.hana.ondemand.com",
      "protocol" : "https",
      "default-live-app-name" : "bookscapm-db-deployer",
      "default-live-domain" : "cfapps.us10-001.hana.ondemand.com",
      "dependency-type" : "hard",
      "domain" : "cfapps.us10-001.hana.ondemand.com",
      "host" : "1fb9e48dtrial-dev-bookscapm-db-deployer",
      "generated-user" : "********",
      "tasks" : [ {
        "command" : "npm start",
        "memory" : "256M",
        "name" : "deploy"
      } ],
      "no-start" : true
    },
    "requiredDependencies" : [ {
      "majorSchemaVersion" : 3,
      "name" : "bookscapm-db",
      "properties" : { },
      "parameters" : { },
      "propertiesMetadata" : {
        "metadata" : { }
      },
      "parametersMetadata" : {
        "metadata" : { }
      }
    } ],
    "providedDependencies" : [ {
      "majorSchemaVersion" : 3,
      "name" : "bookscapm-db-deployer",
      "isPublic" : false,
      "properties" : { },
      "parameters" : { },
      "propertiesMetadata" : {
        "metadata" : { }
      },
      "parametersMetadata" : {
        "metadata" : { }
      }
    } ],
    "propertiesMetadata" : {
      "metadata" : { }
    },
    "parametersMetadata" : {
      "metadata" : { }
    },
    "hooks" : [ ]
  }, {
    "majorSchemaVersion" : 3,
    "name" : "bookscapm-destination-content",
    "type" : "com.sap.application.content",
    "properties" : { },
    "parameters" : {
      "default-url" : "https://1fb9e48dtrial-dev-bookscapm-destination-content.cfapps.us10-001.hana.ondemand.com",
      "default-app-name" : "bookscapm-destination-content",
      "generated-password" : "********",
      "default-live-url" : "https://1fb9e48dtrial-dev-bookscapm-destination-content.cfapps.us10-001.hana.ondemand.com",
      "default-uri" : "1fb9e48dtrial-dev-bookscapm-destination-content.cfapps.us10-001.hana.ondemand.com",
      "default-instances" : 1,
      "default-live-host" : "1fb9e48dtrial-dev-bookscapm-destination-content",
      "instances" : 1,
      "default-host" : "1fb9e48dtrial-dev-bookscapm-destination-content",
      "content" : {
        "instance" : {
          "destinations" : [ {
            "Name" : "bookscapmapplicationrouter_bookscapm_html_repo_host",
            "ServiceInstanceName" : "bookscapm-html5-app-host-service",
            "ServiceKeyName" : "********",
            "sap.cloud.service" : "bookscapmapplicationrouter"
          }, {
            "Authentication" : "********",
            "Name" : "bookscapmapplicationrouter_uaa_bookscapm",
            "ServiceInstanceName" : "bookscapm-xsuaa-service",
            "ServiceKeyName" : "********",
            "sap.cloud.service" : "bookscapmapplicationrouter"
          } ],
          "existing_destinations_policy" : "ignore"
        }
      },
      "app-name" : "bookscapm-destination-content",
      "default-live-uri" : "1fb9e48dtrial-dev-bookscapm-destination-content.cfapps.us10-001.hana.ondemand.com",
      "protocol" : "https",
      "default-live-app-name" : "bookscapm-destination-content",
      "default-live-domain" : "cfapps.us10-001.hana.ondemand.com",
      "domain" : "cfapps.us10-001.hana.ondemand.com",
      "host" : "1fb9e48dtrial-dev-bookscapm-destination-content",
      "generated-user" : "********"
    },
    "requiredDependencies" : [ {
      "majorSchemaVersion" : 3,
      "name" : "bookscapm-destination-service",
      "properties" : { },
      "parameters" : {
        "content-target" : true
      },
      "propertiesMetadata" : {
        "metadata" : { }
      },
      "parametersMetadata" : {
        "metadata" : { }
      }
    }, {
      "majorSchemaVersion" : 3,
      "name" : "bookscapm_html_repo_host",
      "properties" : { },
      "parameters" : {
        "service-key" : "********"
      },
      "propertiesMetadata" : {
        "metadata" : { }
      },
      "parametersMetadata" : {
        "metadata" : { }
      }
    }, {
      "majorSchemaVersion" : 3,
      "name" : "uaa_bookscapm",
      "properties" : { },
      "parameters" : {
        "service-key" : "********"
      },
      "propertiesMetadata" : {
        "metadata" : { }
      },
      "parametersMetadata" : {
        "metadata" : { }
      }
    } ],
    "providedDependencies" : [ {
      "majorSchemaVersion" : 3,
      "name" : "bookscapm-destination-content",
      "isPublic" : false,
      "properties" : { },
      "parameters" : { },
      "propertiesMetadata" : {
        "metadata" : { }
      },
      "parametersMetadata" : {
        "metadata" : { }
      }
    } ],
    "propertiesMetadata" : {
      "metadata" : { }
    },
    "parametersMetadata" : {
      "metadata" : { }
    },
    "hooks" : [ ]
  }, {
    "majorSchemaVersion" : 3,
    "name" : "bookscapm-app-content",
    "type" : "com.sap.application.content",
    "path" : "bookscapm-app-content",
    "properties" : { },
    "parameters" : {
      "default-url" : "https://1fb9e48dtrial-dev-bookscapm-app-content.cfapps.us10-001.hana.ondemand.com",
      "default-app-name" : "bookscapm-app-content",
      "generated-password" : "********",
      "default-live-url" : "https://1fb9e48dtrial-dev-bookscapm-app-content.cfapps.us10-001.hana.ondemand.com",
      "default-uri" : "1fb9e48dtrial-dev-bookscapm-app-content.cfapps.us10-001.hana.ondemand.com",
      "default-instances" : 1,
      "default-live-host" : "1fb9e48dtrial-dev-bookscapm-app-content",
      "instances" : 1,
      "default-host" : "1fb9e48dtrial-dev-bookscapm-app-content",
      "app-name" : "bookscapm-app-content",
      "default-live-uri" : "1fb9e48dtrial-dev-bookscapm-app-content.cfapps.us10-001.hana.ondemand.com",
      "protocol" : "https",
      "default-live-app-name" : "bookscapm-app-content",
      "default-live-domain" : "cfapps.us10-001.hana.ondemand.com",
      "domain" : "cfapps.us10-001.hana.ondemand.com",
      "host" : "1fb9e48dtrial-dev-bookscapm-app-content",
      "generated-user" : "********"
    },
    "requiredDependencies" : [ {
      "majorSchemaVersion" : 3,
      "name" : "bookscapm_html_repo_host",
      "properties" : { },
      "parameters" : {
        "content-target" : true
      },
      "propertiesMetadata" : {
        "metadata" : { }
      },
      "parametersMetadata" : {
        "metadata" : { }
      }
    } ],
    "providedDependencies" : [ {
      "majorSchemaVersion" : 3,
      "name" : "bookscapm-app-content",
      "isPublic" : false,
      "properties" : { },
      "parameters" : { },
      "propertiesMetadata" : {
        "metadata" : { }
      },
      "parametersMetadata" : {
        "metadata" : { }
      }
    } ],
    "propertiesMetadata" : {
      "metadata" : { }
    },
    "parametersMetadata" : {
      "metadata" : { }
    },
    "hooks" : [ ]
  } ],
  "resources" : [ {
    "majorSchemaVersion" : 3,
    "name" : "bookscapm-db",
    "type" : "com.sap.xs.hdi-container",
    "properties" : { },
    "parameters" : {
      "generated-password" : "********",
      "service-name" : "bookscapm-db",
      "service-plan" : "hdi-shared",
      "service" : "hana",
      "generated-user" : "********",
      "default-xsappname" : "bookscapm-db",
      "type" : "managed-service",
      "default-service-name" : "bookscapm-db",
      "default-container-name" : "1FB9E48DTRIAL_DEV_BOOKSCAPM_DB"
    },
    "isActive" : true,
    "isOptional" : false,
    "propertiesMetadata" : {
      "metadata" : { }
    },
    "parametersMetadata" : {
      "metadata" : { }
    },
    "requiredDependencies" : [ ],
    "processedAfter" : [ ]
  }, {
    "majorSchemaVersion" : 3,
    "name" : "bookscapm-destination-service",
    "type" : "org.cloudfoundry.managed-service",
    "properties" : { },
    "parameters" : {
      "generated-password" : "********",
      "service-name" : "bookscapm-destination-service",
      "service-plan" : "lite",
      "service" : "destination",
      "generated-user" : "********",
      "default-xsappname" : "bookscapm-destination-service",
      "type" : "managed-service",
      "config" : {
        "HTML5Runtime_enabled" : true,
        "init_data" : {
          "instance" : {
            "destinations" : [ {
              "Authentication" : "********",
              "Name" : "ui5",
              "ProxyType" : "Internet",
              "Type" : "HTTP",
              "URL" : "https://ui5.sap.com"
            }, {
              "Authentication" : "********",
              "HTML5.DynamicDestination" : true,
              "HTML5.ForwardAuthToken" : "********",
              "Name" : "srv-api",
              "ProxyType" : "Internet",
              "Type" : "HTTP",
              "URL" : "https://1fb9e48dtrial-dev-bookscapm-srv.cfapps.us10-001.hana.ondemand.com"
            } ],
            "existing_destinations_policy" : "update"
          }
        },
        "version" : "1.0.0"
      },
      "default-service-name" : "bookscapm-destination-service",
      "default-container-name" : "1FB9E48DTRIAL_DEV_BOOKSCAPM_DESTINATION_SERVICE"
    },
    "isActive" : true,
    "isOptional" : false,
    "propertiesMetadata" : {
      "metadata" : { }
    },
    "parametersMetadata" : {
      "metadata" : { }
    },
    "requiredDependencies" : [ {
      "majorSchemaVersion" : 3,
      "name" : "srv-api",
      "properties" : { },
      "parameters" : { },
      "propertiesMetadata" : {
        "metadata" : { }
      },
      "parametersMetadata" : {
        "metadata" : { }
      }
    } ],
    "processedAfter" : [ ]
  }, {
    "majorSchemaVersion" : 3,
    "name" : "bookscapm_html_repo_host",
    "type" : "org.cloudfoundry.managed-service",
    "properties" : { },
    "parameters" : {
      "generated-password" : "********",
      "service-name" : "bookscapm-html5-app-host-service",
      "service-plan" : "app-host",
      "service" : "html5-apps-repo",
      "generated-user" : "********",
      "default-xsappname" : "bookscapm_html_repo_host",
      "type" : "managed-service",
      "default-service-name" : "bookscapm_html_repo_host",
      "default-container-name" : "1FB9E48DTRIAL_DEV_BOOKSCAPM_HTML_REPO_HOST"
    },
    "isActive" : true,
    "isOptional" : false,
    "propertiesMetadata" : {
      "metadata" : { }
    },
    "parametersMetadata" : {
      "metadata" : { }
    },
    "requiredDependencies" : [ ],
    "processedAfter" : [ ]
  }, {
    "majorSchemaVersion" : 3,
    "name" : "uaa_bookscapm",
    "type" : "org.cloudfoundry.managed-service",
    "properties" : { },
    "parameters" : {
      "generated-password" : "********",
      "path" : "./xs-security.json",
      "service-name" : "bookscapm-xsuaa-service",
      "service-plan" : "application",
      "service" : "xsuaa",
      "generated-user" : "********",
      "default-xsappname" : "uaa_bookscapm",
      "type" : "managed-service",
      "default-service-name" : "uaa_bookscapm",
      "default-container-name" : "1FB9E48DTRIAL_DEV_UAA_BOOKSCAPM"
    },
    "isActive" : true,
    "isOptional" : false,
    "propertiesMetadata" : {
      "metadata" : { }
    },
    "parametersMetadata" : {
      "metadata" : { }
    },
    "requiredDependencies" : [ ],
    "processedAfter" : [ ]
  } ],
  "parameters" : {
    "deploy_mode" : "html5-repo",
    "mta-id" : "bookscapm",
    "authorization-url" : "********",
    "org-guid" : "8ca7719c-a1c5-4100-832b-9bfcd0e73c43",
    "org" : "1fb9e48dtrial",
    "deploy-target" : "1fb9e48dtrial dev",
    "enable-parallel-deployments" : true,
    "region-primary-domain" : "us10.hana.ondemand.com",
    "space" : "dev",
    "region-domain" : "us10-001.hana.ondemand.com",
    "xs-api-url" : "https://api.cf.us10-001.hana.ondemand.com",
    "deploy-url" : "deploy-service.cfapps.us10-001.hana.ondemand.com",
    "xs-type" : "CF",
    "default-domain" : "cfapps.us10-001.hana.ondemand.com",
    "mta-version" : "1.0.0",
    "xs-auth-url" : "********",
    "space-guid" : "5d8a2d66-1cdf-4f95-ae67-ef9fb5cde8d1",
    "user" : "********",
    "controller-url" : "https://api.cf.us10-001.hana.ondemand.com",
    "timestamp" : "20260819145238"
  },
  "parametersMetadata" : {
    "metadata" : { }
  }
}#
#2026 08 19 14:52:39.638#Z#DEBUG#9f2bc722-9bdd-11f1-b06d-eeee0a9f1b5e.OPERATION#flowable-async-job-executor-thread-22291#
[ProcessDescriptorStep] Merged descriptor properties and parameters resolved#
#2026 08 19 14:52:39.638#Z#DEBUG#9f2bc722-9bdd-11f1-b06d-eeee0a9f1b5e.OPERATION#flowable-async-job-executor-thread-22291#
Step "Process Descriptor Step" finished#
#2026 08 19 14:52:39.675#Z#DEBUG#9f2bc722-9bdd-11f1-b06d-eeee0a9f1b5e.OPERATION#flowable-async-job-executor-thread-22298#
[XS2BuildCloudDeployModelStep] Executing task "buildDeployModelTask" of process "9f2bee58-9bdd-11f1-b06d-eeee0a9f1b5e"...#
#2026 08 19 14:52:39.678#Z#DEBUG#9f2bc722-9bdd-11f1-b06d-eeee0a9f1b5e.OPERATION#flowable-async-job-executor-thread-22298#
[XS2BuildCloudDeployModelStep] Service keys defined for content deployment grouped by service name: {
  "uaa_bookscapm" : [ {
    "name" : "********",
    "v3Metadata" : {
      "annotations" : {
        "mta_id" : "bookscapm",
        "mta_version" : "1.0.0"
      },
      "labels" : {
        "mta_id" : "ae3834d4d96122b7278fff014e221e64",
        "space_guid" : "5d8a2d66-1cdf-4f95-ae67-ef9fb5cde8d1"
      }
    },
    "credentials" : "********",
    "moduleName" : "bookscapm-destination-content",
    "resourceName" : "uaa_bookscapm",
    "serviceInstance" : {
      "isOptional" : false,
      "isManaged" : false,
      "name" : "bookscapm-xsuaa-service",
      "credentials" : "********",
      "tags" : [ ],
      "shouldSkipParametersUpdate" : false,
      "shouldSkipPlanUpdate" : false,
      "shouldSkipTagsUpdate" : false,
      "shouldSkipSyslogUrlUpdate" : false
    },
    "shouldDeleteServiceKeyAfterDeploy" : "********",
    "resourceType" : "org.cloudfoundry.managed-service"
  } ],
  "bookscapm-destination-service" : [ {
    "name" : "********",
    "v3Metadata" : {
      "annotations" : {
        "mta_id" : "bookscapm",
        "mta_version" : "1.0.0"
      },
      "labels" : {
        "mta_id" : "ae3834d4d96122b7278fff014e221e64",
        "space_guid" : "5d8a2d66-1cdf-4f95-ae67-ef9fb5cde8d1"
      }
    },
    "credentials" : "********",
    "moduleName" : "bookscapm-destination-content",
    "resourceName" : "bookscapm-destination-service",
    "serviceInstance" : {
      "isOptional" : false,
      "isManaged" : false,
      "name" : "bookscapm-destination-service",
      "credentials" : "********",
      "tags" : [ ],
      "shouldSkipParametersUpdate" : false,
      "shouldSkipPlanUpdate" : false,
      "shouldSkipTagsUpdate" : false,
      "shouldSkipSyslogUrlUpdate" : false
    },
    "shouldDeleteServiceKeyAfterDeploy" : "********",
    "resourceType" : "org.cloudfoundry.managed-service"
  } ],
  "bookscapm_html_repo_host" : [ {
    "name" : "********",
    "v3Metadata" : {
      "annotations" : {
        "mta_id" : "bookscapm",
        "mta_version" : "1.0.0"
      },
      "labels" : {
        "mta_id" : "ae3834d4d96122b7278fff014e221e64",
        "space_guid" : "5d8a2d66-1cdf-4f95-ae67-ef9fb5cde8d1"
      }
    },
    "credentials" : "********",
    "moduleName" : "bookscapm-destination-content",
    "resourceName" : "bookscapm_html_repo_host",
    "serviceInstance" : {
      "isOptional" : false,
      "isManaged" : false,
      "name" : "bookscapm-html5-app-host-service",
      "credentials" : "********",
      "tags" : [ ],
      "shouldSkipParametersUpdate" : false,
      "shouldSkipPlanUpdate" : false,
      "shouldSkipTagsUpdate" : false,
      "shouldSkipSyslogUrlUpdate" : false
    },
    "shouldDeleteServiceKeyAfterDeploy" : "********",
    "resourceType" : "org.cloudfoundry.managed-service"
  }, {
    "name" : "********",
    "v3Metadata" : {
      "annotations" : {
        "mta_id" : "bookscapm",
        "mta_version" : "1.0.0"
      },
      "labels" : {
        "mta_id" : "ae3834d4d96122b7278fff014e221e64",
        "space_guid" : "5d8a2d66-1cdf-4f95-ae67-ef9fb5cde8d1"
      }
    },
    "credentials" : "********",
    "moduleName" : "bookscapm-app-content",
    "resourceName" : "bookscapm_html_repo_host",
    "serviceInstance" : {
      "isOptional" : false,
      "isManaged" : false,
      "name" : "bookscapm-html5-app-host-service",
      "credentials" : "********",
      "tags" : [ ],
      "shouldSkipParametersUpdate" : false,
      "shouldSkipPlanUpdate" : false,
      "shouldSkipTagsUpdate" : false,
      "shouldSkipSyslogUrlUpdate" : false
    },
    "shouldDeleteServiceKeyAfterDeploy" : "********",
    "resourceType" : "org.cloudfoundry.managed-service"
  } ]
}#
#2026 08 19 14:52:39.678#Z#DEBUG#9f2bc722-9bdd-11f1-b06d-eeee0a9f1b5e.OPERATION#flowable-async-job-executor-thread-22298#
[XS2BuildCloudDeployModelStep] Building cloud deployment model...#
#2026 08 19 14:52:39.681#Z#DEBUG#9f2bc722-9bdd-11f1-b06d-eeee0a9f1b5e.OPERATION#flowable-async-job-executor-thread-22298#
[XS2BuildCloudDeployModelStep] MTA archive modules: [bookscapm-srv, bookscapm-app-content, bookscapm-db-deployer]#
#2026 08 19 14:52:39.681#Z#DEBUG#9f2bc722-9bdd-11f1-b06d-eeee0a9f1b5e.OPERATION#flowable-async-job-executor-thread-22298#
[XS2BuildCloudDeployModelStep] Deployed modules: [bookscapm-db-deployer, bookscapm-srv]#
#2026 08 19 14:52:39.682#Z#DEBUG#9f2bc722-9bdd-11f1-b06d-eeee0a9f1b5e.OPERATION#flowable-async-job-executor-thread-22298#
[XS2BuildCloudDeployModelStep] MTA modules: [bookscapm-srv, bookscapm-app-content, bookscapm-db-deployer, bookscapm-destination-content]#
#2026 08 19 14:52:39.682#Z#DEBUG#9f2bc722-9bdd-11f1-b06d-eeee0a9f1b5e.OPERATION#flowable-async-job-executor-thread-22298#
[XS2BuildCloudDeployModelStep] Service keys to create: {
  "bookscapm-destination-service" : [ ],
  "uaa_bookscapm" : [ ],
  "bookscapm_html_repo_host" : [ ],
  "bookscapm-db" : [ ]
}#
#2026 08 19 14:52:39.683#Z#DEBUG#9f2bc722-9bdd-11f1-b06d-eeee0a9f1b5e.OPERATION#flowable-async-job-executor-thread-22298#
[XS2BuildCloudDeployModelStep] Modules to deploy: [{
  "majorSchemaVersion" : 3,
  "name" : "bookscapm-srv",
  "type" : "javascript.nodejs",
  "path" : "bookscapm-srv",
  "properties" : { },
  "parameters" : {
    "default-url" : "https://1fb9e48dtrial-dev-bookscapm-srv.cfapps.us10-001.hana.ondemand.com",
    "default-app-name" : "bookscapm-srv",
    "generated-password" : "********",
    "default-live-url" : "https://1fb9e48dtrial-dev-bookscapm-srv.cfapps.us10-001.hana.ondemand.com",
    "default-uri" : "1fb9e48dtrial-dev-bookscapm-srv.cfapps.us10-001.hana.ondemand.com",
    "default-instances" : 1,
    "default-live-host" : "1fb9e48dtrial-dev-bookscapm-srv",
    "instances" : 1,
    "buildpack" : "nodejs_buildpack",
    "default-host" : "1fb9e48dtrial-dev-bookscapm-srv",
    "app-name" : "bookscapm-srv",
    "default-live-uri" : "1fb9e48dtrial-dev-bookscapm-srv.cfapps.us10-001.hana.ondemand.com",
    "protocol" : "https",
    "default-live-app-name" : "bookscapm-srv",
    "default-live-domain" : "cfapps.us10-001.hana.ondemand.com",
    "dependency-type" : "soft",
    "domain" : "cfapps.us10-001.hana.ondemand.com",
    "host" : "1fb9e48dtrial-dev-bookscapm-srv",
    "generated-user" : "********"
  },
  "requiredDependencies" : [ {
    "majorSchemaVersion" : 3,
    "name" : "bookscapm-db",
    "properties" : { },
    "parameters" : { },
    "propertiesMetadata" : {
      "metadata" : { }
    },
    "parametersMetadata" : {
      "metadata" : { }
    }
  }, {
    "majorSchemaVersion" : 3,
    "name" : "uaa_bookscapm",
    "properties" : { },
    "parameters" : { },
    "propertiesMetadata" : {
      "metadata" : { }
    },
    "parametersMetadata" : {
      "metadata" : { }
    }
  } ],
  "providedDependencies" : [ {
    "majorSchemaVersion" : 3,
    "name" : "srv-api",
    "isPublic" : false,
    "properties" : {
      "srv-url" : "https://1fb9e48dtrial-dev-bookscapm-srv.cfapps.us10-001.hana.ondemand.com"
    },
    "parameters" : { },
    "propertiesMetadata" : {
      "metadata" : { }
    },
    "parametersMetadata" : {
      "metadata" : { }
    }
  }, {
    "majorSchemaVersion" : 3,
    "name" : "bookscapm-srv",
    "isPublic" : false,
    "properties" : { },
    "parameters" : { },
    "propertiesMetadata" : {
      "metadata" : { }
    },
    "parametersMetadata" : {
      "metadata" : { }
    }
  } ],
  "propertiesMetadata" : {
    "metadata" : { }
  },
  "parametersMetadata" : {
    "metadata" : { }
  },
  "deployedAfter" : [ ],
  "hooks" : [ ]
}, {
  "majorSchemaVersion" : 3,
  "name" : "bookscapm-db-deployer",
  "type" : "com.sap.xs.hdi",
  "path" : "bookscapm-db-deployer",
  "properties" : {
    "EXIT" : 1
  },
  "parameters" : {
    "default-url" : "https://1fb9e48dtrial-dev-bookscapm-db-deployer.cfapps.us10-001.hana.ondemand.com",
    "default-app-name" : "bookscapm-db-deployer",
    "generated-password" : "********",
    "default-live-url" : "https://1fb9e48dtrial-dev-bookscapm-db-deployer.cfapps.us10-001.hana.ondemand.com",
    "default-uri" : "1fb9e48dtrial-dev-bookscapm-db-deployer.cfapps.us10-001.hana.ondemand.com",
    "memory" : "256M",
    "default-instances" : 1,
    "no-route" : true,
    "default-live-host" : "1fb9e48dtrial-dev-bookscapm-db-deployer",
    "instances" : 1,
    "buildpack" : "nodejs_buildpack",
    "default-host" : "1fb9e48dtrial-dev-bookscapm-db-deployer",
    "app-name" : "bookscapm-db-deployer",
    "default-live-uri" : "1fb9e48dtrial-dev-bookscapm-db-deployer.cfapps.us10-001.hana.ondemand.com",
    "protocol" : "https",
    "default-live-app-name" : "bookscapm-db-deployer",
    "default-live-domain" : "cfapps.us10-001.hana.ondemand.com",
    "dependency-type" : "hard",
    "domain" : "cfapps.us10-001.hana.ondemand.com",
    "host" : "1fb9e48dtrial-dev-bookscapm-db-deployer",
    "generated-user" : "********",
    "tasks" : [ {
      "command" : "npm start",
      "memory" : "256M",
      "name" : "deploy"
    } ],
    "no-start" : true
  },
  "requiredDependencies" : [ {
    "majorSchemaVersion" : 3,
    "name" : "bookscapm-db",
    "properties" : { },
    "parameters" : { },
    "propertiesMetadata" : {
      "metadata" : { }
    },
    "parametersMetadata" : {
      "metadata" : { }
    }
  } ],
  "providedDependencies" : [ {
    "majorSchemaVersion" : 3,
    "name" : "bookscapm-db-deployer",
    "isPublic" : false,
    "properties" : { },
    "parameters" : { },
    "propertiesMetadata" : {
      "metadata" : { }
    },
    "parametersMetadata" : {
      "metadata" : { }
    }
  } ],
  "propertiesMetadata" : {
    "metadata" : { }
  },
  "parametersMetadata" : {
    "metadata" : { }
  },
  "deployedAfter" : [ ],
  "hooks" : [ ]
}, {
  "majorSchemaVersion" : 3,
  "name" : "bookscapm-destination-content",
  "type" : "com.sap.application.content",
  "properties" : { },
  "parameters" : {
    "default-url" : "https://1fb9e48dtrial-dev-bookscapm-destination-content.cfapps.us10-001.hana.ondemand.com",
    "default-app-name" : "bookscapm-destination-content",
    "generated-password" : "********",
    "default-live-url" : "https://1fb9e48dtrial-dev-bookscapm-destination-content.cfapps.us10-001.hana.ondemand.com",
    "default-uri" : "1fb9e48dtrial-dev-bookscapm-destination-content.cfapps.us10-001.hana.ondemand.com",
    "default-instances" : 1,
    "default-live-host" : "1fb9e48dtrial-dev-bookscapm-destination-content",
    "instances" : 1,
    "default-host" : "1fb9e48dtrial-dev-bookscapm-destination-content",
    "content" : {
      "instance" : {
        "destinations" : [ {
          "Name" : "bookscapmapplicationrouter_bookscapm_html_repo_host",
          "ServiceInstanceName" : "bookscapm-html5-app-host-service",
          "ServiceKeyName" : "********",
          "sap.cloud.service" : "bookscapmapplicationrouter"
        }, {
          "Authentication" : "********",
          "Name" : "bookscapmapplicationrouter_uaa_bookscapm",
          "ServiceInstanceName" : "bookscapm-xsuaa-service",
          "ServiceKeyName" : "********",
          "sap.cloud.service" : "bookscapmapplicationrouter"
        } ],
        "existing_destinations_policy" : "ignore"
      }
    },
    "app-name" : "bookscapm-destination-content",
    "default-live-uri" : "1fb9e48dtrial-dev-bookscapm-destination-content.cfapps.us10-001.hana.ondemand.com",
    "protocol" : "https",
    "default-live-app-name" : "bookscapm-destination-content",
    "default-live-domain" : "cfapps.us10-001.hana.ondemand.com",
    "dependency-type" : "soft",
    "domain" : "cfapps.us10-001.hana.ondemand.com",
    "host" : "1fb9e48dtrial-dev-bookscapm-destination-content",
    "generated-user" : "********"
  },
  "requiredDependencies" : [ {
    "majorSchemaVersion" : 3,
    "name" : "bookscapm-destination-service",
    "properties" : { },
    "parameters" : {
      "content-target" : true
    },
    "propertiesMetadata" : {
      "metadata" : { }
    },
    "parametersMetadata" : {
      "metadata" : { }
    }
  }, {
    "majorSchemaVersion" : 3,
    "name" : "bookscapm_html_repo_host",
    "properties" : { },
    "parameters" : {
      "service-key" : "********"
    },
    "propertiesMetadata" : {
      "metadata" : { }
    },
    "parametersMetadata" : {
      "metadata" : { }
    }
  }, {
    "majorSchemaVersion" : 3,
    "name" : "uaa_bookscapm",
    "properties" : { },
    "parameters" : {
      "service-key" : "********"
    },
    "propertiesMetadata" : {
      "metadata" : { }
    },
    "parametersMetadata" : {
      "metadata" : { }
    }
  } ],
  "providedDependencies" : [ {
    "majorSchemaVersion" : 3,
    "name" : "bookscapm-destination-content",
    "isPublic" : false,
    "properties" : { },
    "parameters" : { },
    "propertiesMetadata" : {
      "metadata" : { }
    },
    "parametersMetadata" : {
      "metadata" : { }
    }
  } ],
  "propertiesMetadata" : {
    "metadata" : { }
  },
  "parametersMetadata" : {
    "metadata" : { }
  },
  "deployedAfter" : [ ],
  "hooks" : [ ]
}, {
  "majorSchemaVersion" : 3,
  "name" : "bookscapm-app-content",
  "type" : "com.sap.application.content",
  "path" : "bookscapm-app-content",
  "properties" : { },
  "parameters" : {
    "default-url" : "https://1fb9e48dtrial-dev-bookscapm-app-content.cfapps.us10-001.hana.ondemand.com",
    "default-app-name" : "bookscapm-app-content",
    "generated-password" : "********",
    "default-live-url" : "https://1fb9e48dtrial-dev-bookscapm-app-content.cfapps.us10-001.hana.ondemand.com",
    "default-uri" : "1fb9e48dtrial-dev-bookscapm-app-content.cfapps.us10-001.hana.ondemand.com",
    "default-instances" : 1,
    "default-live-host" : "1fb9e48dtrial-dev-bookscapm-app-content",
    "instances" : 1,
    "default-host" : "1fb9e48dtrial-dev-bookscapm-app-content",
    "app-name" : "bookscapm-app-content",
    "default-live-uri" : "1fb9e48dtrial-dev-bookscapm-app-content.cfapps.us10-001.hana.ondemand.com",
    "protocol" : "https",
    "default-live-app-name" : "bookscapm-app-content",
    "default-live-domain" : "cfapps.us10-001.hana.ondemand.com",
    "dependency-type" : "soft",
    "domain" : "cfapps.us10-001.hana.ondemand.com",
    "host" : "1fb9e48dtrial-dev-bookscapm-app-content",
    "generated-user" : "********"
  },
  "requiredDependencies" : [ {
    "majorSchemaVersion" : 3,
    "name" : "bookscapm_html_repo_host",
    "properties" : { },
    "parameters" : {
      "content-target" : true
    },
    "propertiesMetadata" : {
      "metadata" : { }
    },
    "parametersMetadata" : {
      "metadata" : { }
    }
  } ],
  "providedDependencies" : [ {
    "majorSchemaVersion" : 3,
    "name" : "bookscapm-app-content",
    "isPublic" : false,
    "properties" : { },
    "parameters" : { },
    "propertiesMetadata" : {
      "metadata" : { }
    },
    "parametersMetadata" : {
      "metadata" : { }
    }
  } ],
  "propertiesMetadata" : {
    "metadata" : { }
  },
  "parametersMetadata" : {
    "metadata" : { }
  },
  "deployedAfter" : [ ],
  "hooks" : [ ]
}]#
#2026 08 19 14:52:39.683#Z#DEBUG#9f2bc722-9bdd-11f1-b06d-eeee0a9f1b5e.OPERATION#flowable-async-job-executor-thread-22298#
[XS2BuildCloudDeployModelStep] Custom domains: []#
#2026 08 19 14:52:39.686#Z#DEBUG#9f2bc722-9bdd-11f1-b06d-eeee0a9f1b5e.OPERATION#flowable-async-job-executor-thread-22298#
[XS2BuildCloudDeployModelStep] Calculating resource batches...#
#2026 08 19 14:52:39.686#Z#DEBUG#9f2bc722-9bdd-11f1-b06d-eeee0a9f1b5e.OPERATION#flowable-async-job-executor-thread-22298#
[XS2BuildCloudDeployModelStep] Calculating resource batches completed.#
#2026 08 19 14:52:39.686#Z#DEBUG#9f2bc722-9bdd-11f1-b06d-eeee0a9f1b5e.OPERATION#flowable-async-job-executor-thread-22298#
[XS2BuildCloudDeployModelStep] Cloud deployment model built#
#2026 08 19 14:52:39.686#Z#DEBUG#9f2bc722-9bdd-11f1-b06d-eeee0a9f1b5e.OPERATION#flowable-async-job-executor-thread-22298#
Step "Build Deploy Model" finished#
#2026 08 19 14:52:39.725#Z#DEBUG#9f2bc722-9bdd-11f1-b06d-eeee0a9f1b5e.OPERATION#flowable-async-job-executor-thread-22298#
[BuildCloudUndeployModelStep] Executing task "buildUndeployModelTask" of process "9f2bee58-9bdd-11f1-b06d-eeee0a9f1b5e"...#
#2026 08 19 14:52:39.726#Z#DEBUG#9f2bc722-9bdd-11f1-b06d-eeee0a9f1b5e.OPERATION#flowable-async-job-executor-thread-22298#
[BuildCloudUndeployModelStep] Building cloud undeployment model...#
#2026 08 19 14:52:39.728#Z#DEBUG#9f2bc722-9bdd-11f1-b06d-eeee0a9f1b5e.OPERATION#flowable-async-job-executor-thread-22298#
[BuildCloudUndeployModelStep] Detecting service keys to delete.#
#2026 08 19 14:52:39.729#Z#DEBUG#9f2bc722-9bdd-11f1-b06d-eeee0a9f1b5e.OPERATION#flowable-async-job-executor-thread-22298#
[BuildCloudUndeployModelStep] Detected deployed service keys by service "{bookscapm-html5-app-host-service=[DeployedMtaServiceKey{name=bookscapm_html_repo_host-key, metadata=CloudMetadata{guid=5e0b1e41-ee38-4287-b5c6-9feaad5ce57e, createdAt=2026-08-18T11:45:24, updatedAt=2026-08-18T11:45:24, url=null}, v3Metadata=Metadata{annotations={mta_id=bookscapm, mta_version=1.0.0}, labels={mta_id=ae3834d4d96122b7278fff014e221e64, space_guid=5d8a2d66-1cdf-4f95-ae67-ef9fb5cde8d1}}, credentials=null, serviceInstance=CloudServiceInstance{name=bookscapm-html5-app-host-service, metadata=CloudMetadata{guid=1353e206-1f91-44f8-988a-5b94ddd57c3d, createdAt=2026-08-18T11:45:05, updatedAt=2026-08-18T11:45:06, url=null}, v3Metadata=Metadata{annotations={mta_id=bookscapm, mta_version=1.0.0, mta_resource={"name":"bookscapm_html_repo_host"}}, labels={mta_id=ae3834d4d96122b7278fff014e221e64}}, label=null, plan=null, provider=null, broker=null, version=null, credentials={}, syslogDrainUrl=null, tags=[], type=managed, lastOperation=null}, serviceKeyOperation=null, resourceName=null}, DeployedMtaServiceKey{name=bookscapm-app-content-bookscapm_html_repo_host-credentials, metadata=CloudMetadata{guid=5aab5c4f-65ce-4d34-8c8b-cf359d1dc42b, createdAt=2026-08-18T11:45:26, updatedAt=2026-08-18T11:45:27, url=null}, v3Metadata=Metadata{annotations={mta_id=bookscapm, mta_version=1.0.0}, labels={mta_id=ae3834d4d96122b7278fff014e221e64, space_guid=5d8a2d66-1cdf-4f95-ae67-ef9fb5cde8d1}}, credentials=null, serviceInstance=CloudServiceInstance{name=bookscapm-html5-app-host-service, metadata=CloudMetadata{guid=1353e206-1f91-44f8-988a-5b94ddd57c3d, createdAt=2026-08-18T11:45:05, updatedAt=2026-08-18T11:45:06, url=null}, v3Metadata=Metadata{annotations={mta_id=bookscapm, mta_version=1.0.0, mta_resource={"name":"bookscapm_html_repo_host"}}, labels={mta_id=ae3834d4d96122b7278fff014e221e64}}, label=null, plan=null, provider=null, broker=null, version=null, credentials={}, syslogDrainUrl=null, tags=[], type=managed, lastOperation=null}, serviceKeyOperation=null, resourceName=null}], bookscapm-destination-service=[DeployedMtaServiceKey{name=bookscapm-destination-content-bookscapm-destination-service-credentials, metadata=CloudMetadata{guid=6ec760a7-ef8a-4e49-9097-67fb84791232, createdAt=2026-08-18T11:45:24, updatedAt=2026-08-18T11:45:25, url=null}, v3Metadata=Metadata{annotations={mta_id=bookscapm, mta_version=1.0.0}, labels={mta_id=ae3834d4d96122b7278fff014e221e64, space_guid=5d8a2d66-1cdf-4f95-ae67-ef9fb5cde8d1}}, credentials=null, serviceInstance=CloudServiceInstance{name=bookscapm-destination-service, metadata=CloudMetadata{guid=ada22074-722e-4d7d-a5b7-329c9f3a1527, createdAt=2026-08-18T11:45:03, updatedAt=2026-08-18T11:45:06, url=null}, v3Metadata=Metadata{annotations={mta_id=bookscapm, mta_version=1.0.0, mta_resource={"name":"bookscapm-destination-service"}}, labels={mta_id=ae3834d4d96122b7278fff014e221e64}}, label=null, plan=null, provider=null, broker=null, version=null, credentials={}, syslogDrainUrl=null, tags=[], type=managed, lastOperation=null}, serviceKeyOperation=null, resourceName=null}], bookscapm-xsuaa-service=[DeployedMtaServiceKey{name=uaa_bookscapm-key, metadata=CloudMetadata{guid=679088d2-bb1c-4e14-84b4-bce5d1e7ff38, createdAt=2026-08-18T11:45:24, updatedAt=2026-08-18T11:45:24, url=null}, v3Metadata=Metadata{annotations={mta_id=bookscapm, mta_version=1.0.0}, labels={mta_id=ae3834d4d96122b7278fff014e221e64, space_guid=5d8a2d66-1cdf-4f95-ae67-ef9fb5cde8d1}}, credentials=null, serviceInstance=CloudServiceInstance{name=bookscapm-xsuaa-service, metadata=CloudMetadata{guid=651b5a33-914f-4737-b7bd-350a7a9d2a6d, createdAt=2026-08-18T11:45:08, updatedAt=2026-08-18T11:45:08, url=null}, v3Metadata=Metadata{annotations={mta_id=bookscapm, mta_version=1.0.0, mta_resource={"name":"uaa_bookscapm"}}, labels={mta_id=ae3834d4d96122b7278fff014e221e64}}, label=null, plan=null, provider=null, broker=null, version=null, credentials={}, syslogDrainUrl=null, tags=[], type=managed, lastOperation=null}, serviceKeyOperation=null, resourceName=null}]}"#
#2026 08 19 14:52:39.731#Z#DEBUG#9f2bc722-9bdd-11f1-b06d-eeee0a9f1b5e.OPERATION#flowable-async-job-executor-thread-22298#
[BuildCloudUndeployModelStep] New service keys by service "{bookscapm-html5-app-host-service=[bookscapm_html_repo_host-key, bookscapm-app-content-bookscapm_html_repo_host-credentials], bookscapm-destination-service=[bookscapm-destination-content-bookscapm-destination-service-credentials], bookscapm-xsuaa-service=[uaa_bookscapm-key]}"#
#2026 08 19 14:52:39.733#Z#DEBUG#9f2bc722-9bdd-11f1-b06d-eeee0a9f1b5e.OPERATION#flowable-async-job-executor-thread-22298#
[BuildCloudUndeployModelStep] Existing service keys by service "{}"#
#2026 08 19 14:52:39.733#Z#DEBUG#9f2bc722-9bdd-11f1-b06d-eeee0a9f1b5e.OPERATION#flowable-async-job-executor-thread-22298#
[BuildCloudUndeployModelStep] Detected service keys to delete "[]"#
#2026 08 19 14:52:39.737#Z#DEBUG#9f2bc722-9bdd-11f1-b06d-eeee0a9f1b5e.OPERATION#flowable-async-job-executor-thread-22298#
[BuildCloudUndeployModelStep] MTA modules: [bookscapm-srv, bookscapm-app-content, bookscapm-db-deployer, bookscapm-destination-content]#
#2026 08 19 14:52:39.737#Z#DEBUG#9f2bc722-9bdd-11f1-b06d-eeee0a9f1b5e.OPERATION#flowable-async-job-executor-thread-22298#
[BuildCloudUndeployModelStep] Modules to undeploy: [ ]#
#2026 08 19 14:52:39.737#Z#DEBUG#9f2bc722-9bdd-11f1-b06d-eeee0a9f1b5e.OPERATION#flowable-async-job-executor-thread-22298#
[BuildCloudUndeployModelStep] Modules that won't be changed: [ ]#
#2026 08 19 14:52:39.738#Z#DEBUG#9f2bc722-9bdd-11f1-b06d-eeee0a9f1b5e.OPERATION#flowable-async-job-executor-thread-22298#
[BuildCloudUndeployModelStep] Subscriptions to delete: [ ]#
#2026 08 19 14:52:39.740#Z#DEBUG#9f2bc722-9bdd-11f1-b06d-eeee0a9f1b5e.OPERATION#flowable-async-job-executor-thread-22298#
[BuildCloudUndeployModelStep] Cloud services to delete: []#
#2026 08 19 14:52:39.740#Z#DEBUG#9f2bc722-9bdd-11f1-b06d-eeee0a9f1b5e.OPERATION#flowable-async-job-executor-thread-22298#
[BuildCloudUndeployModelStep] Cloud applications to undeploy: [ ]#
#2026 08 19 14:52:39.743#Z#DEBUG#9f2bc722-9bdd-11f1-b06d-eeee0a9f1b5e.OPERATION#flowable-async-job-executor-thread-22298#
[BuildCloudUndeployModelStep] Cloud undeployment model built#
#2026 08 19 14:52:39.743#Z#DEBUG#9f2bc722-9bdd-11f1-b06d-eeee0a9f1b5e.OPERATION#flowable-async-job-executor-thread-22298#
Step "Build Undeploy Model" finished#
#2026 08 19 14:52:39.783#Z#DEBUG#9f2bc722-9bdd-11f1-b06d-eeee0a9f1b5e.OPERATION#flowable-async-job-executor-thread-22293#
[AddDomainsStep] Executing task "addDomainsTask" of process "9f2bee58-9bdd-11f1-b06d-eeee0a9f1b5e"...#
#2026 08 19 14:52:39.785#Z#DEBUG#9f2bc722-9bdd-11f1-b06d-eeee0a9f1b5e.OPERATION#flowable-async-job-executor-thread-22293#
[AddDomainsStep] Custom domains: []#
#2026 08 19 14:52:39.785#Z#DEBUG#9f2bc722-9bdd-11f1-b06d-eeee0a9f1b5e.OPERATION#flowable-async-job-executor-thread-22293#
Step "Add Domains" finished#
#2026 08 19 14:52:39.905#Z#DEBUG#9f2bc722-9bdd-11f1-b06d-eeee0a9f1b5e.OPERATION#flowable-async-job-executor-thread-22295#
[ExtractBatchedServicesWithResolvedDynamicParametersStep] Executing task "prepareModulesDeploymentTask" of process "9fef1758-9bdd-11f1-b06d-eeee0a9f1b5e"...#
#2026 08 19 14:52:39.907#Z#DEBUG#9f2bc722-9bdd-11f1-b06d-eeee0a9f1b5e.OPERATION#flowable-async-job-executor-thread-22295#
[ExtractBatchedServicesWithResolvedDynamicParametersStep] Extracting services and resolving dynamic parameters from batch#
#2026 08 19 14:52:39.909#Z#DEBUG#9f2bc722-9bdd-11f1-b06d-eeee0a9f1b5e.OPERATION#flowable-async-job-executor-thread-22295#
[ExtractBatchedServicesWithResolvedDynamicParametersStep] Services to create: [ {
  "isOptional" : false,
  "isManaged" : true,
  "name" : "bookscapm-db",
  "v3Metadata" : {
    "annotations" : {
      "mta_id" : "bookscapm",
      "mta_version" : "1.0.0",
      "mta_resource" : "{\"name\":\"bookscapm-db\"}"
    },
    "labels" : {
      "mta_id" : "ae3834d4d96122b7278fff014e221e64"
    }
  },
  "label" : "hana",
  "plan" : "hdi-shared",
  "credentials" : "********",
  "tags" : [ ],
  "type" : "managed",
  "resourceName" : "bookscapm-db",
  "shouldSkipParametersUpdate" : false,
  "shouldSkipPlanUpdate" : false,
  "shouldSkipTagsUpdate" : false,
  "shouldSkipSyslogUrlUpdate" : false
}, {
  "isOptional" : false,
  "isManaged" : true,
  "name" : "bookscapm-destination-service",
  "v3Metadata" : {
    "annotations" : {
      "mta_id" : "bookscapm",
      "mta_version" : "1.0.0",
      "mta_resource" : "{\"name\":\"bookscapm-destination-service\"}"
    },
    "labels" : {
      "mta_id" : "ae3834d4d96122b7278fff014e221e64"
    }
  },
  "label" : "destination",
  "plan" : "lite",
  "credentials" : "********",
  "tags" : [ ],
  "type" : "managed",
  "resourceName" : "bookscapm-destination-service",
  "shouldSkipParametersUpdate" : false,
  "shouldSkipPlanUpdate" : false,
  "shouldSkipTagsUpdate" : false,
  "shouldSkipSyslogUrlUpdate" : false
}, {
  "isOptional" : false,
  "isManaged" : true,
  "name" : "bookscapm-html5-app-host-service",
  "v3Metadata" : {
    "annotations" : {
      "mta_id" : "bookscapm",
      "mta_version" : "1.0.0",
      "mta_resource" : "{\"name\":\"bookscapm_html_repo_host\"}"
    },
    "labels" : {
      "mta_id" : "ae3834d4d96122b7278fff014e221e64"
    }
  },
  "label" : "html5-apps-repo",
  "plan" : "app-host",
  "credentials" : "********",
  "tags" : [ ],
  "type" : "managed",
  "resourceName" : "bookscapm_html_repo_host",
  "shouldSkipParametersUpdate" : false,
  "shouldSkipPlanUpdate" : false,
  "shouldSkipTagsUpdate" : false,
  "shouldSkipSyslogUrlUpdate" : false
}, {
  "isOptional" : false,
  "isManaged" : true,
  "name" : "bookscapm-xsuaa-service",
  "v3Metadata" : {
    "annotations" : {
      "mta_id" : "bookscapm",
      "mta_version" : "1.0.0",
      "mta_resource" : "{\"name\":\"uaa_bookscapm\"}"
    },
    "labels" : {
      "mta_id" : "ae3834d4d96122b7278fff014e221e64"
    }
  },
  "label" : "xsuaa",
  "plan" : "application",
  "credentials" : "********",
  "tags" : [ ],
  "type" : "managed",
  "resourceName" : "uaa_bookscapm",
  "shouldSkipParametersUpdate" : false,
  "shouldSkipPlanUpdate" : false,
  "shouldSkipTagsUpdate" : false,
  "shouldSkipSyslogUrlUpdate" : false
} ]#
#2026 08 19 14:52:39.910#Z#DEBUG#9f2bc722-9bdd-11f1-b06d-eeee0a9f1b5e.OPERATION#flowable-async-job-executor-thread-22295#
Step "Extract Services with Resolved Dynamic parameters from batch" finished#
#2026 08 19 14:52:40.006#Z#DEBUG#9f2bc722-9bdd-11f1-b06d-eeee0a9f1b5e.OPERATION#flowable-async-job-executor-thread-22295#
[CheckServiceOperationStateStep] Executing task "CheckServiceOperationStateTask" of process "a00055b0-9bdd-11f1-b06d-eeee0a9f1b5e"...#
#2026 08 19 14:52:40.008#Z#DEBUG#9f2bc722-9bdd-11f1-b06d-eeee0a9f1b5e.OPERATION#flowable-async-job-executor-thread-22295#
[CheckServiceOperationStateStep] Getting service instance "bookscapm-destination-service"...#
#2026 08 19 14:52:40.117#Z#DEBUG#9f2bc722-9bdd-11f1-b06d-eeee0a9f1b5e.OPERATION#flowable-async-job-executor-thread-22295#
Step "Check for service operations in Progress" finished#
#2026 08 19 14:52:40.146#Z#DEBUG#9f2bc722-9bdd-11f1-b06d-eeee0a9f1b5e.OPERATION#flowable-async-job-executor-thread-22294#
[DetermineServiceCreateUpdateServiceActionsStep] Executing task "DetermineServiceCreateUpdateActionsTask" of process "a00055b0-9bdd-11f1-b06d-eeee0a9f1b5e"...#
#2026 08 19 14:52:40.148#Z#INFO#9f2bc722-9bdd-11f1-b06d-eeee0a9f1b5e.OPERATION#flowable-async-job-executor-thread-22294#
[DetermineServiceCreateUpdateServiceActionsStep] Processing service "bookscapm-destination-service"...#
#2026 08 19 14:52:40.154#Z#DEBUG#9f2bc722-9bdd-11f1-b06d-eeee0a9f1b5e.OPERATION#flowable-async-job-executor-thread-22294#
[DetermineServiceCreateUpdateServiceActionsStep] Getting service instance "bookscapm-destination-service"...#
#2026 08 19 14:52:40.260#Z#DEBUG#9f2bc722-9bdd-11f1-b06d-eeee0a9f1b5e.OPERATION#flowable-async-job-executor-thread-22294#
[DetermineServiceCreateUpdateServiceActionsStep] Existing service: {
  "name" : "bookscapm-destination-service",
  "metadata" : {
    "guid" : "ada22074-722e-4d7d-a5b7-329c9f3a1527",
    "createdAt" : [ 2026, 8, 18, 11, 45, 3 ],
    "updatedAt" : [ 2026, 8, 18, 11, 45, 6 ]
  },
  "v3Metadata" : {
    "annotations" : {
      "mta_id" : "bookscapm",
      "mta_version" : "1.0.0",
      "mta_resource" : "{\"name\":\"bookscapm-destination-service\"}"
    },
    "labels" : {
      "mta_id" : "ae3834d4d96122b7278fff014e221e64"
    }
  },
  "label" : "destination",
  "plan" : "lite",
  "credentials" : "********",
  "tags" : [ ],
  "type" : "managed",
  "lastOperation" : {
    "type" : "UPDATE",
    "description" : "",
    "state" : "SUCCEEDED"
  }
}#
#2026 08 19 14:52:40.260#Z#DEBUG#9f2bc722-9bdd-11f1-b06d-eeee0a9f1b5e.OPERATION#flowable-async-job-executor-thread-22294#
[DetermineServiceCreateUpdateServiceActionsStep] Service parameters will be updated#
#2026 08 19 14:52:40.260#Z#DEBUG#9f2bc722-9bdd-11f1-b06d-eeee0a9f1b5e.OPERATION#flowable-async-job-executor-thread-22294#
[DetermineServiceCreateUpdateServiceActionsStep] New parameters: {
  "HTML5Runtime_enabled" : true,
  "init_data" : {
    "instance" : {
      "destinations" : [ {
        "Authentication" : "********",
        "Name" : "ui5",
        "ProxyType" : "Internet",
        "Type" : "HTTP",
        "URL" : "https://ui5.sap.com"
      }, {
        "Authentication" : "********",
        "HTML5.DynamicDestination" : true,
        "HTML5.ForwardAuthToken" : "********",
        "Name" : "srv-api",
        "ProxyType" : "Internet",
        "Type" : "HTTP",
        "URL" : "https://1fb9e48dtrial-dev-bookscapm-srv.cfapps.us10-001.hana.ondemand.com"
      } ],
      "existing_destinations_policy" : "update"
    }
  },
  "version" : "1.0.0"
}#
#2026 08 19 14:52:40.260#Z#DEBUG#9f2bc722-9bdd-11f1-b06d-eeee0a9f1b5e.OPERATION#flowable-async-job-executor-thread-22294#
Step "Determine update actions" finished#
#2026 08 19 14:52:40.306#Z#DEBUG#9f2bc722-9bdd-11f1-b06d-eeee0a9f1b5e.OPERATION#flowable-async-job-executor-thread-22294#
[CheckForServiceBindingOrKeyOperationStep] Executing task "CheckForServiceBindingOrKeyCreation" of process "a00055b0-9bdd-11f1-b06d-eeee0a9f1b5e"...#
#2026 08 19 14:52:40.308#Z#DEBUG#9f2bc722-9bdd-11f1-b06d-eeee0a9f1b5e.OPERATION#flowable-async-job-executor-thread-22294#
Step "Check for service binding or key creation" finished#
#2026 08 19 14:52:40.345#Z#DEBUG#9f2bc722-9bdd-11f1-b06d-eeee0a9f1b5e.OPERATION#flowable-async-job-executor-thread-22292#
[UpdateServiceParametersStep] Executing task "UpdateServiceParametersTask" of process "a00055b0-9bdd-11f1-b06d-eeee0a9f1b5e"...#
#2026 08 19 14:52:40.347#Z#INFO#9f2bc722-9bdd-11f1-b06d-eeee0a9f1b5e.OPERATION#flowable-async-job-executor-thread-22292#
[UpdateServiceParametersStep] Updating service "bookscapm-destination-service"...#
#2026 08 19 14:52:40.353#Z#DEBUG#9f2bc722-9bdd-11f1-b06d-eeee0a9f1b5e.OPERATION#flowable-async-job-executor-thread-22292#
[UpdateServiceParametersStep] Updating service parameters for service "bookscapm-destination-service"...#
#2026 08 19 14:52:40.460#Z#DEBUG#9f2bc722-9bdd-11f1-b06d-eeee0a9f1b5e.OPERATION#flowable-async-job-executor-thread-22292#
[UpdateServiceParametersStep] Service "bookscapm-destination-service" updated#
#2026 08 19 14:52:40.460#Z#DEBUG#9f2bc722-9bdd-11f1-b06d-eeee0a9f1b5e.OPERATION#flowable-async-job-executor-thread-22292#
[UpdateServiceParametersStep] Triggered service operations: {
  "bookscapm-destination-service" : "UPDATE"
}#
#2026 08 19 14:52:40.462#Z#DEBUG#9f2bc722-9bdd-11f1-b06d-eeee0a9f1b5e.OPERATION#flowable-async-job-executor-thread-22292#
Step "Update parameters" finished#
#2026 08 19 14:52:42.657#Z#DEBUG#9f2bc722-9bdd-11f1-b06d-eeee0a9f1b5e.OPERATION#flowable-async-job-executor-thread-22293#
[CheckServiceOperationStateStep] Executing task "CheckServiceOperationStateTask" of process "a1957471-9bdd-11f1-b06d-eeee0a9f1b5e"...#
#2026 08 19 14:52:42.658#Z#DEBUG#9f2bc722-9bdd-11f1-b06d-eeee0a9f1b5e.OPERATION#flowable-async-job-executor-thread-22293#
[CheckServiceOperationStateStep] Getting service instance "bookscapm-db"...#
#2026 08 19 14:52:42.772#Z#DEBUG#9f2bc722-9bdd-11f1-b06d-eeee0a9f1b5e.OPERATION#flowable-async-job-executor-thread-22293#
Step "Check for service operations in Progress" finished#
#2026 08 19 14:52:42.719#Z#DEBUG#9f2bc722-9bdd-11f1-b06d-eeee0a9f1b5e.OPERATION#flowable-async-job-executor-thread-19587#
[CheckServiceOperationStateStep] Executing task "CheckServiceOperationStateTask" of process "a19e758c-9bdd-11f1-82d4-eeee0a815ff2"...#
#2026 08 19 14:52:42.720#Z#DEBUG#9f2bc722-9bdd-11f1-b06d-eeee0a9f1b5e.OPERATION#flowable-async-job-executor-thread-19587#
[CheckServiceOperationStateStep] Getting service instance "bookscapm-html5-app-host-service"...#
#2026 08 19 14:52:42.812#Z#DEBUG#9f2bc722-9bdd-11f1-b06d-eeee0a9f1b5e.OPERATION#flowable-async-job-executor-thread-19587#
Step "Check for service operations in Progress" finished#
#2026 08 19 14:52:42.808#Z#DEBUG#9f2bc722-9bdd-11f1-b06d-eeee0a9f1b5e.OPERATION#flowable-async-job-executor-thread-22293#
[DetermineServiceCreateUpdateServiceActionsStep] Executing task "DetermineServiceCreateUpdateActionsTask" of process "a1957471-9bdd-11f1-b06d-eeee0a9f1b5e"...#
#2026 08 19 14:52:42.809#Z#INFO#9f2bc722-9bdd-11f1-b06d-eeee0a9f1b5e.OPERATION#flowable-async-job-executor-thread-22293#
[DetermineServiceCreateUpdateServiceActionsStep] Processing service "bookscapm-db"...#
#2026 08 19 14:52:42.814#Z#DEBUG#9f2bc722-9bdd-11f1-b06d-eeee0a9f1b5e.OPERATION#flowable-async-job-executor-thread-22293#
[DetermineServiceCreateUpdateServiceActionsStep] Getting service instance "bookscapm-db"...#
#2026 08 19 14:52:42.923#Z#DEBUG#9f2bc722-9bdd-11f1-b06d-eeee0a9f1b5e.OPERATION#flowable-async-job-executor-thread-22293#
[DetermineServiceCreateUpdateServiceActionsStep] Existing service: {
  "name" : "bookscapm-db",
  "metadata" : {
    "guid" : "24df4fe9-e67b-4d75-a6ed-b547dc8c357e",
    "createdAt" : [ 2026, 8, 18, 11, 45, 5 ],
    "updatedAt" : [ 2026, 8, 18, 11, 45, 5 ]
  },
  "v3Metadata" : {
    "annotations" : {
      "mta_id" : "bookscapm",
      "mta_version" : "1.0.0",
      "mta_resource" : "{\"name\":\"bookscapm-db\"}"
    },
    "labels" : {
      "mta_id" : "ae3834d4d96122b7278fff014e221e64"
    }
  },
  "label" : "hana",
  "plan" : "hdi-shared",
  "credentials" : "********",
  "tags" : [ ],
  "type" : "managed",
  "lastOperation" : {
    "type" : "CREATE",
    "state" : "SUCCEEDED"
  }
}#
#2026 08 19 14:52:42.923#Z#WARN#9f2bc722-9bdd-11f1-b06d-eeee0a9f1b5e.OPERATION#flowable-async-job-executor-thread-22293#
[DetermineServiceCreateUpdateServiceActionsStep] Service parameters for service "bookscapm-db" will not be updated, as the parameters are not defined or empty.#
#2026 08 19 14:52:42.923#Z#DEBUG#9f2bc722-9bdd-11f1-b06d-eeee0a9f1b5e.OPERATION#flowable-async-job-executor-thread-22293#
Step "Determine update actions" finished#
#2026 08 19 14:52:42.852#Z#DEBUG#9f2bc722-9bdd-11f1-b06d-eeee0a9f1b5e.OPERATION#flowable-async-job-executor-thread-19587#
[DetermineServiceCreateUpdateServiceActionsStep] Executing task "DetermineServiceCreateUpdateActionsTask" of process "a19e758c-9bdd-11f1-82d4-eeee0a815ff2"...#
#2026 08 19 14:52:42.855#Z#INFO#9f2bc722-9bdd-11f1-b06d-eeee0a9f1b5e.OPERATION#flowable-async-job-executor-thread-19587#
[DetermineServiceCreateUpdateServiceActionsStep] Processing service "bookscapm-html5-app-host-service"...#
#2026 08 19 14:52:42.859#Z#DEBUG#9f2bc722-9bdd-11f1-b06d-eeee0a9f1b5e.OPERATION#flowable-async-job-executor-thread-19587#
[DetermineServiceCreateUpdateServiceActionsStep] Getting service instance "bookscapm-html5-app-host-service"...#
#2026 08 19 14:52:42.952#Z#DEBUG#9f2bc722-9bdd-11f1-b06d-eeee0a9f1b5e.OPERATION#flowable-async-job-executor-thread-19587#
[DetermineServiceCreateUpdateServiceActionsStep] Existing service: {
  "name" : "bookscapm-html5-app-host-service",
  "metadata" : {
    "guid" : "1353e206-1f91-44f8-988a-5b94ddd57c3d",
    "createdAt" : [ 2026, 8, 18, 11, 45, 5 ],
    "updatedAt" : [ 2026, 8, 18, 11, 45, 6 ]
  },
  "v3Metadata" : {
    "annotations" : {
      "mta_id" : "bookscapm",
      "mta_version" : "1.0.0",
      "mta_resource" : "{\"name\":\"bookscapm_html_repo_host\"}"
    },
    "labels" : {
      "mta_id" : "ae3834d4d96122b7278fff014e221e64"
    }
  },
  "label" : "html5-apps-repo",
  "plan" : "app-host",
  "credentials" : "********",
  "tags" : [ ],
  "type" : "managed",
  "lastOperation" : {
    "type" : "CREATE",
    "description" : "",
    "state" : "SUCCEEDED"
  }
}#
#2026 08 19 14:52:42.953#Z#WARN#9f2bc722-9bdd-11f1-b06d-eeee0a9f1b5e.OPERATION#flowable-async-job-executor-thread-19587#
[DetermineServiceCreateUpdateServiceActionsStep] Service parameters for service "bookscapm-html5-app-host-service" will not be updated, as the parameters are not defined or empty.#
#2026 08 19 14:52:42.953#Z#DEBUG#9f2bc722-9bdd-11f1-b06d-eeee0a9f1b5e.OPERATION#flowable-async-job-executor-thread-19587#
Step "Determine update actions" finished#
#2026 08 19 14:52:42.976#Z#DEBUG#9f2bc722-9bdd-11f1-b06d-eeee0a9f1b5e.OPERATION#flowable-async-job-executor-thread-22293#
[CheckForServiceBindingOrKeyOperationStep] Executing task "CheckForServiceBindingOrKeyCreation" of process "a1957471-9bdd-11f1-b06d-eeee0a9f1b5e"...#
#2026 08 19 14:52:42.980#Z#DEBUG#9f2bc722-9bdd-11f1-b06d-eeee0a9f1b5e.OPERATION#flowable-async-job-executor-thread-22293#
Step "Check for service binding or key creation" finished#
#2026 08 19 14:52:43.005#Z#DEBUG#9f2bc722-9bdd-11f1-b06d-eeee0a9f1b5e.OPERATION#flowable-async-job-executor-thread-19587#
[CheckForServiceBindingOrKeyOperationStep] Executing task "CheckForServiceBindingOrKeyCreation" of process "a19e758c-9bdd-11f1-82d4-eeee0a815ff2"...#
#2026 08 19 14:52:43.007#Z#DEBUG#9f2bc722-9bdd-11f1-b06d-eeee0a9f1b5e.OPERATION#flowable-async-job-executor-thread-19587#
Step "Check for service binding or key creation" finished#
#2026 08 19 14:52:45.686#Z#DEBUG#9f2bc722-9bdd-11f1-b06d-eeee0a9f1b5e.OPERATION#flowable-async-job-executor-thread-22955#
[CheckServiceOperationStateStep] Executing task "CheckServiceOperationStateTask" of process "a3626c0b-9bdd-11f1-b81c-eeee0a948f8f"...#
#2026 08 19 14:52:45.687#Z#DEBUG#9f2bc722-9bdd-11f1-b06d-eeee0a9f1b5e.OPERATION#flowable-async-job-executor-thread-22955#
[CheckServiceOperationStateStep] Getting service instance "bookscapm-xsuaa-service"...#
#2026 08 19 14:52:45.782#Z#DEBUG#9f2bc722-9bdd-11f1-b06d-eeee0a9f1b5e.OPERATION#flowable-async-job-executor-thread-22955#
Step "Check for service operations in Progress" finished#
#2026 08 19 14:52:45.811#Z#DEBUG#9f2bc722-9bdd-11f1-b06d-eeee0a9f1b5e.OPERATION#flowable-async-job-executor-thread-22957#
[DetermineServiceCreateUpdateServiceActionsStep] Executing task "DetermineServiceCreateUpdateActionsTask" of process "a3626c0b-9bdd-11f1-b81c-eeee0a948f8f"...#
#2026 08 19 14:52:45.813#Z#INFO#9f2bc722-9bdd-11f1-b06d-eeee0a9f1b5e.OPERATION#flowable-async-job-executor-thread-22957#
[DetermineServiceCreateUpdateServiceActionsStep] Processing service "bookscapm-xsuaa-service"...#
#2026 08 19 14:52:45.817#Z#DEBUG#9f2bc722-9bdd-11f1-b06d-eeee0a9f1b5e.OPERATION#flowable-async-job-executor-thread-22957#
[DetermineServiceCreateUpdateServiceActionsStep] Getting service instance "bookscapm-xsuaa-service"...#
#2026 08 19 14:52:45.916#Z#INFO#9f2bc722-9bdd-11f1-b06d-eeee0a9f1b5e.OPERATION#flowable-async-job-executor-thread-22957#
[DetermineServiceCreateUpdateServiceActionsStep] Setting service "bookscapm-xsuaa-service" parameters from "xs-security.json"#
#2026 08 19 14:52:45.980#Z#DEBUG#9f2bc722-9bdd-11f1-b06d-eeee0a9f1b5e.OPERATION#flowable-async-job-executor-thread-22957#
[DetermineServiceCreateUpdateServiceActionsStep] Existing service: {
  "name" : "bookscapm-xsuaa-service",
  "metadata" : {
    "guid" : "651b5a33-914f-4737-b7bd-350a7a9d2a6d",
    "createdAt" : [ 2026, 8, 18, 11, 45, 8 ],
    "updatedAt" : [ 2026, 8, 18, 11, 45, 8 ]
  },
  "v3Metadata" : {
    "annotations" : {
      "mta_id" : "bookscapm",
      "mta_version" : "1.0.0",
      "mta_resource" : "{\"name\":\"uaa_bookscapm\"}"
    },
    "labels" : {
      "mta_id" : "ae3834d4d96122b7278fff014e221e64"
    }
  },
  "label" : "xsuaa",
  "plan" : "application",
  "credentials" : "********",
  "tags" : [ ],
  "type" : "managed",
  "lastOperation" : {
    "type" : "UPDATE",
    "description" : "********",
    "state" : "FAILED"
  }
}#
#2026 08 19 14:52:45.980#Z#DEBUG#9f2bc722-9bdd-11f1-b06d-eeee0a9f1b5e.OPERATION#flowable-async-job-executor-thread-22957#
[DetermineServiceCreateUpdateServiceActionsStep] Service parameters will be updated#
#2026 08 19 14:52:45.980#Z#DEBUG#9f2bc722-9bdd-11f1-b06d-eeee0a9f1b5e.OPERATION#flowable-async-job-executor-thread-22957#
[DetermineServiceCreateUpdateServiceActionsStep] New parameters: {
  "attributes" : [ {
    "name" : "booksAgeGroup",
    "description" : "booksAgeGroup",
    "valueType" : "s",
    "valueRequired" : false
  } ],
  "description" : "Security profile of called application",
  "role-collections" : [ {
    "name" : "AdminRoleCollection",
    "description" : "Role Collection for Admin",
    "role-template-references" : "$XSAPPNAME.Admin"
  }, {
    "name" : "KidsRoleCollection",
    "description" : "Role Collection for Kids",
    "role-template-references" : "$XSAPPNAME.Kids"
  } ],
  "role-templates" : [ {
    "name" : "********",
    "description" : "UAA",
    "scope-references" : [ "********" ]
  }, {
    "name" : "Admin",
    "description" : "Admin",
    "scope-references" : [ "$XSAPPNAME.Admin" ]
  }, {
    "name" : "Kids",
    "description" : "Kids",
    "attribute-references" : [ {
      "name" : "booksAgeGroup"
    } ],
    "scope-references" : [ "$XSAPPNAME.Kids" ]
  } ],
  "scopes" : [ {
    "name" : "********",
    "description" : "UAA"
  }, {
    "name" : "$XSAPPNAME.Admin",
    "description" : "Admin"
  }, {
    "name" : "$XSAPPNAME.Kids",
    "description" : "Kids"
  } ],
  "tenant-mode" : "dedicated",
  "xsappname" : "bookscapm"
}#
#2026 08 19 14:52:45.980#Z#DEBUG#9f2bc722-9bdd-11f1-b06d-eeee0a9f1b5e.OPERATION#flowable-async-job-executor-thread-22957#
Step "Determine update actions" finished#
#2026 08 19 14:52:46.031#Z#DEBUG#9f2bc722-9bdd-11f1-b06d-eeee0a9f1b5e.OPERATION#flowable-async-job-executor-thread-22957#
[CheckForServiceBindingOrKeyOperationStep] Executing task "CheckForServiceBindingOrKeyCreation" of process "a3626c0b-9bdd-11f1-b81c-eeee0a948f8f"...#
#2026 08 19 14:52:46.035#Z#DEBUG#9f2bc722-9bdd-11f1-b06d-eeee0a9f1b5e.OPERATION#flowable-async-job-executor-thread-22957#
Step "Check for service binding or key creation" finished#
#2026 08 19 14:52:46.094#Z#DEBUG#9f2bc722-9bdd-11f1-b06d-eeee0a9f1b5e.OPERATION#flowable-async-job-executor-thread-22957#
[UpdateServiceParametersStep] Executing task "UpdateServiceParametersTask" of process "a3626c0b-9bdd-11f1-b81c-eeee0a948f8f"...#
#2026 08 19 14:52:46.106#Z#INFO#9f2bc722-9bdd-11f1-b06d-eeee0a9f1b5e.OPERATION#flowable-async-job-executor-thread-22957#
[UpdateServiceParametersStep] Updating service "bookscapm-xsuaa-service"...#
#2026 08 19 14:52:46.111#Z#DEBUG#9f2bc722-9bdd-11f1-b06d-eeee0a9f1b5e.OPERATION#flowable-async-job-executor-thread-22957#
[UpdateServiceParametersStep] Updating service parameters for service "bookscapm-xsuaa-service"...#
#2026 08 19 14:52:46.197#Z#DEBUG#9f2bc722-9bdd-11f1-b06d-eeee0a9f1b5e.OPERATION#flowable-async-job-executor-thread-22957#
[UpdateServiceParametersStep] Service "bookscapm-xsuaa-service" updated#
#2026 08 19 14:52:46.197#Z#DEBUG#9f2bc722-9bdd-11f1-b06d-eeee0a9f1b5e.OPERATION#flowable-async-job-executor-thread-22957#
[UpdateServiceParametersStep] Triggered service operations: {
  "bookscapm-xsuaa-service" : "UPDATE"
}#
#2026 08 19 14:52:46.199#Z#DEBUG#9f2bc722-9bdd-11f1-b06d-eeee0a9f1b5e.OPERATION#flowable-async-job-executor-thread-22957#
Step "Update parameters" finished#
#2026 08 19 14:52:46.719#Z#DEBUG#9f2bc722-9bdd-11f1-b06d-eeee0a9f1b5e.OPERATION#flowable-async-job-executor-thread-22292#
[UpdateServiceParametersStep] Executing task "UpdateServiceParametersTask" of process "a00055b0-9bdd-11f1-b06d-eeee0a9f1b5e"...#
#2026 08 19 14:52:46.720#Z#DEBUG#9f2bc722-9bdd-11f1-b06d-eeee0a9f1b5e.OPERATION#flowable-async-job-executor-thread-22292#
[UpdateServiceParametersStep] Polling service operations...#
#2026 08 19 14:52:46.723#Z#DEBUG#9f2bc722-9bdd-11f1-b06d-eeee0a9f1b5e.OPERATION#flowable-async-job-executor-thread-22292#
[UpdateServiceParametersStep] Getting service instance "bookscapm-destination-service"...#
#2026 08 19 14:52:46.822#Z#DEBUG#9f2bc722-9bdd-11f1-b06d-eeee0a9f1b5e.OPERATION#flowable-async-job-executor-thread-22292#
[UpdateServiceParametersStep] Last operation for service "bookscapm-destination-service": {
  "type" : "UPDATE",
  "description" : "",
  "state" : "SUCCEEDED"
}#
#2026 08 19 14:52:46.823#Z#DEBUG#9f2bc722-9bdd-11f1-b06d-eeee0a9f1b5e.OPERATION#flowable-async-job-executor-thread-22292#
[UpdateServiceParametersStep] Service "bookscapm-destination-service" updated#
#2026 08 19 14:52:46.823#Z#INFO#9f2bc722-9bdd-11f1-b06d-eeee0a9f1b5e.OPERATION#flowable-async-job-executor-thread-22292#
[UpdateServiceParametersStep] 1 of 1 done#
#2026 08 19 14:52:46.831#Z#DEBUG#9f2bc722-9bdd-11f1-b06d-eeee0a9f1b5e.OPERATION#flowable-async-job-executor-thread-22292#
[UpdateServiceParametersStep] Remaining services to poll: [ ]#
#2026 08 19 14:52:46.832#Z#DEBUG#9f2bc722-9bdd-11f1-b06d-eeee0a9f1b5e.OPERATION#flowable-async-job-executor-thread-22292#
Step "Update parameters" finished#
#2026 08 19 14:52:56.789#Z#DEBUG#9f2bc722-9bdd-11f1-b06d-eeee0a9f1b5e.OPERATION#flowable-async-job-executor-thread-22301#
[UpdateServiceParametersStep] Executing task "UpdateServiceParametersTask" of process "a3626c0b-9bdd-11f1-b81c-eeee0a948f8f"...#
#2026 08 19 14:52:56.790#Z#DEBUG#9f2bc722-9bdd-11f1-b06d-eeee0a9f1b5e.OPERATION#flowable-async-job-executor-thread-22301#
[UpdateServiceParametersStep] Polling service operations...#
#2026 08 19 14:52:56.794#Z#DEBUG#9f2bc722-9bdd-11f1-b06d-eeee0a9f1b5e.OPERATION#flowable-async-job-executor-thread-22301#
[UpdateServiceParametersStep] Getting service instance "bookscapm-xsuaa-service"...#
#2026 08 19 14:52:56.907#Z#WARN#9f2bc722-9bdd-11f1-b06d-eeee0a9f1b5e.OPERATION#flowable-async-job-executor-thread-22301#
[UpdateServiceParametersStep] Updating service "bookscapm-xsuaa-service" failed: Error updating application bookscapm!t693671 (Error parsing xs-security.json data: Cannot construct instance of `java.util.ArrayList` (although at least one Creator exists): no String-argument constructor/factory method to deserialize from String value ('$XSAPPNAME.Admin')
 at [Source: UNKNOWN; byte offset: #UNKNOWN] (through reference chain: com.sap.xs2.security.uaa.provisioning.authorization.dto.SecurityJsonInput["role-collections"]->java.util.ArrayList[0]->com.sap.xs2.security.dto.authorization.RoleCollectionBlueprint["role-template-references"]))#
#2026 08 19 14:52:56.915#Z#DEBUG#9f2bc722-9bdd-11f1-b06d-eeee0a9f1b5e.OPERATION#flowable-async-job-executor-thread-22301#
[UpdateServiceParametersStep] Last operation for service "bookscapm-xsuaa-service": {
  "type" : "UPDATE",
  "description" : "Error updating application bookscapm!t693671 (Error parsing xs-security.json data: Cannot construct instance of `java.util.ArrayList` (although at least one Creator exists): no String-argument constructor/factory method to deserialize from String value ('$XSAPPNAME.Admin')\n at [Source: UNKNOWN; byte offset: #UNKNOWN] (through reference chain: com.sap.xs2.security.uaa.provisioning.authorization.dto.SecurityJsonInput[\"role-collections\"]->java.util.ArrayList[0]->com.sap.xs2.security.dto.authorization.RoleCollectionBlueprint[\"role-template-references\"]))",
  "state" : "SUCCEEDED"
}#
#2026 08 19 14:52:56.915#Z#DEBUG#9f2bc722-9bdd-11f1-b06d-eeee0a9f1b5e.OPERATION#flowable-async-job-executor-thread-22301#
[UpdateServiceParametersStep] Service "bookscapm-xsuaa-service" updated#
#2026 08 19 14:52:56.915#Z#INFO#9f2bc722-9bdd-11f1-b06d-eeee0a9f1b5e.OPERATION#flowable-async-job-executor-thread-22301#
[UpdateServiceParametersStep] 1 of 1 done#
#2026 08 19 14:52:56.922#Z#DEBUG#9f2bc722-9bdd-11f1-b06d-eeee0a9f1b5e.OPERATION#flowable-async-job-executor-thread-22301#
[UpdateServiceParametersStep] Remaining services to poll: [ ]#
#2026 08 19 14:52:56.923#Z#DEBUG#9f2bc722-9bdd-11f1-b06d-eeee0a9f1b5e.OPERATION#flowable-async-job-executor-thread-22301#
Step "Update parameters" finished#
#2026 08 19 14:52:57.327#Z#DEBUG#9f2bc722-9bdd-11f1-b06d-eeee0a9f1b5e.OPERATION#flowable-async-job-executor-thread-22306#
[PrepareModulesDeploymentStep] Executing task "prepareModulesDeploymentTask" of process "aa4c97f2-9bdd-11f1-b06d-eeee0a9f1b5e"...#
#2026 08 19 14:52:57.328#Z#DEBUG#9f2bc722-9bdd-11f1-b06d-eeee0a9f1b5e.OPERATION#flowable-async-job-executor-thread-22306#
[PrepareModulesDeploymentStep] Preparing modules deployment...#
#2026 08 19 14:52:57.334#Z#DEBUG#9f2bc722-9bdd-11f1-b06d-eeee0a9f1b5e.OPERATION#flowable-async-job-executor-thread-22306#
Step "Prepare Modules Deployment" finished#
#2026 08 19 14:52:57.377#Z#DEBUG#9f2bc722-9bdd-11f1-b06d-eeee0a9f1b5e.OPERATION#flowable-async-job-executor-thread-22306#
[ComputeNextModulesStep] Executing task "computeNextModulesToDeployInParallel" of process "aa4c97f2-9bdd-11f1-b06d-eeee0a9f1b5e"...#
#2026 08 19 14:52:57.378#Z#DEBUG#9f2bc722-9bdd-11f1-b06d-eeee0a9f1b5e.OPERATION#flowable-async-job-executor-thread-22306#
[ComputeNextModulesStep] Computing modules for next parallel iteration...#
#2026 08 19 14:52:57.382#Z#DEBUG#9f2bc722-9bdd-11f1-b06d-eeee0a9f1b5e.OPERATION#flowable-async-job-executor-thread-22306#
[ComputeNextModulesStep] Completed modules detected: []#
#2026 08 19 14:52:57.382#Z#DEBUG#9f2bc722-9bdd-11f1-b06d-eeee0a9f1b5e.OPERATION#flowable-async-job-executor-thread-22306#
[ComputeNextModulesStep] All modules for deploy detected: [bookscapm-srv, bookscapm-app-content, bookscapm-db-deployer, bookscapm-destination-content]#
#2026 08 19 14:52:57.382#Z#DEBUG#9f2bc722-9bdd-11f1-b06d-eeee0a9f1b5e.OPERATION#flowable-async-job-executor-thread-22306#
[ComputeNextModulesStep] Modules not for deploy detected: []#
#2026 08 19 14:52:57.383#Z#DEBUG#9f2bc722-9bdd-11f1-b06d-eeee0a9f1b5e.OPERATION#flowable-async-job-executor-thread-22306#
[ComputeNextModulesStep] Computed modules for next parallel iteration: [ {
  "majorSchemaVersion" : 3,
  "name" : "bookscapm-srv",
  "type" : "javascript.nodejs",
  "path" : "bookscapm-srv",
  "properties" : { },
  "parameters" : {
    "app-name" : "bookscapm-srv",
    "buildpack" : "nodejs_buildpack",
    "default-app-name" : "bookscapm-srv",
    "default-host" : "1fb9e48dtrial-dev-bookscapm-srv",
    "default-instances" : 1,
    "default-live-app-name" : "bookscapm-srv",
    "default-live-domain" : "cfapps.us10-001.hana.ondemand.com",
    "default-live-host" : "1fb9e48dtrial-dev-bookscapm-srv",
    "default-live-uri" : "1fb9e48dtrial-dev-bookscapm-srv.cfapps.us10-001.hana.ondemand.com",
    "default-live-url" : "https://1fb9e48dtrial-dev-bookscapm-srv.cfapps.us10-001.hana.ondemand.com",
    "default-uri" : "1fb9e48dtrial-dev-bookscapm-srv.cfapps.us10-001.hana.ondemand.com",
    "default-url" : "https://1fb9e48dtrial-dev-bookscapm-srv.cfapps.us10-001.hana.ondemand.com",
    "dependency-type" : "soft",
    "domain" : "cfapps.us10-001.hana.ondemand.com",
    "generated-password" : "********",
    "generated-user" : "********",
    "host" : "1fb9e48dtrial-dev-bookscapm-srv",
    "instances" : 1,
    "protocol" : "https"
  },
  "requiredDependencies" : [ {
    "majorSchemaVersion" : 3,
    "name" : "bookscapm-db",
    "properties" : { },
    "parameters" : { },
    "propertiesMetadata" : {
      "metadata" : { }
    },
    "parametersMetadata" : {
      "metadata" : { }
    }
  }, {
    "majorSchemaVersion" : 3,
    "name" : "uaa_bookscapm",
    "properties" : { },
    "parameters" : { },
    "propertiesMetadata" : {
      "metadata" : { }
    },
    "parametersMetadata" : {
      "metadata" : { }
    }
  } ],
  "providedDependencies" : [ {
    "majorSchemaVersion" : 3,
    "name" : "srv-api",
    "isPublic" : false,
    "properties" : {
      "srv-url" : "https://1fb9e48dtrial-dev-bookscapm-srv.cfapps.us10-001.hana.ondemand.com"
    },
    "parameters" : { },
    "propertiesMetadata" : {
      "metadata" : { }
    },
    "parametersMetadata" : {
      "metadata" : { }
    }
  }, {
    "majorSchemaVersion" : 3,
    "name" : "bookscapm-srv",
    "isPublic" : false,
    "properties" : { },
    "parameters" : { },
    "propertiesMetadata" : {
      "metadata" : { }
    },
    "parametersMetadata" : {
      "metadata" : { }
    }
  } ],
  "propertiesMetadata" : {
    "metadata" : { }
  },
  "parametersMetadata" : {
    "metadata" : { }
  },
  "deployedAfter" : [ ],
  "hooks" : [ ]
}, {
  "majorSchemaVersion" : 3,
  "name" : "bookscapm-db-deployer",
  "type" : "com.sap.xs.hdi",
  "path" : "bookscapm-db-deployer",
  "properties" : {
    "EXIT" : 1
  },
  "parameters" : {
    "app-name" : "bookscapm-db-deployer",
    "buildpack" : "nodejs_buildpack",
    "default-app-name" : "bookscapm-db-deployer",
    "default-host" : "1fb9e48dtrial-dev-bookscapm-db-deployer",
    "default-instances" : 1,
    "default-live-app-name" : "bookscapm-db-deployer",
    "default-live-domain" : "cfapps.us10-001.hana.ondemand.com",
    "default-live-host" : "1fb9e48dtrial-dev-bookscapm-db-deployer",
    "default-live-uri" : "1fb9e48dtrial-dev-bookscapm-db-deployer.cfapps.us10-001.hana.ondemand.com",
    "default-live-url" : "https://1fb9e48dtrial-dev-bookscapm-db-deployer.cfapps.us10-001.hana.ondemand.com",
    "default-uri" : "1fb9e48dtrial-dev-bookscapm-db-deployer.cfapps.us10-001.hana.ondemand.com",
    "default-url" : "https://1fb9e48dtrial-dev-bookscapm-db-deployer.cfapps.us10-001.hana.ondemand.com",
    "dependency-type" : "hard",
    "domain" : "cfapps.us10-001.hana.ondemand.com",
    "generated-password" : "********",
    "generated-user" : "********",
    "host" : "1fb9e48dtrial-dev-bookscapm-db-deployer",
    "instances" : 1,
    "memory" : "256M",
    "no-route" : true,
    "no-start" : true,
    "protocol" : "https",
    "tasks" : [ {
      "command" : "npm start",
      "memory" : "256M",
      "name" : "deploy"
    } ]
  },
  "requiredDependencies" : [ {
    "majorSchemaVersion" : 3,
    "name" : "bookscapm-db",
    "properties" : { },
    "parameters" : { },
    "propertiesMetadata" : {
      "metadata" : { }
    },
    "parametersMetadata" : {
      "metadata" : { }
    }
  } ],
  "providedDependencies" : [ {
    "majorSchemaVersion" : 3,
    "name" : "bookscapm-db-deployer",
    "isPublic" : false,
    "properties" : { },
    "parameters" : { },
    "propertiesMetadata" : {
      "metadata" : { }
    },
    "parametersMetadata" : {
      "metadata" : { }
    }
  } ],
  "propertiesMetadata" : {
    "metadata" : { }
  },
  "parametersMetadata" : {
    "metadata" : { }
  },
  "deployedAfter" : [ ],
  "hooks" : [ ]
}, {
  "majorSchemaVersion" : 3,
  "name" : "bookscapm-destination-content",
  "type" : "com.sap.application.content",
  "properties" : { },
  "parameters" : {
    "app-name" : "bookscapm-destination-content",
    "content" : {
      "instance" : {
        "destinations" : [ {
          "Name" : "bookscapmapplicationrouter_bookscapm_html_repo_host",
          "ServiceInstanceName" : "bookscapm-html5-app-host-service",
          "ServiceKeyName" : "********",
          "sap.cloud.service" : "bookscapmapplicationrouter"
        }, {
          "Authentication" : "********",
          "Name" : "bookscapmapplicationrouter_uaa_bookscapm",
          "ServiceInstanceName" : "bookscapm-xsuaa-service",
          "ServiceKeyName" : "********",
          "sap.cloud.service" : "bookscapmapplicationrouter"
        } ],
        "existing_destinations_policy" : "ignore"
      }
    },
    "default-app-name" : "bookscapm-destination-content",
    "default-host" : "1fb9e48dtrial-dev-bookscapm-destination-content",
    "default-instances" : 1,
    "default-live-app-name" : "bookscapm-destination-content",
    "default-live-domain" : "cfapps.us10-001.hana.ondemand.com",
    "default-live-host" : "1fb9e48dtrial-dev-bookscapm-destination-content",
    "default-live-uri" : "1fb9e48dtrial-dev-bookscapm-destination-content.cfapps.us10-001.hana.ondemand.com",
    "default-live-url" : "https://1fb9e48dtrial-dev-bookscapm-destination-content.cfapps.us10-001.hana.ondemand.com",
    "default-uri" : "1fb9e48dtrial-dev-bookscapm-destination-content.cfapps.us10-001.hana.ondemand.com",
    "default-url" : "https://1fb9e48dtrial-dev-bookscapm-destination-content.cfapps.us10-001.hana.ondemand.com",
    "dependency-type" : "soft",
    "domain" : "cfapps.us10-001.hana.ondemand.com",
    "generated-password" : "********",
    "generated-user" : "********",
    "host" : "1fb9e48dtrial-dev-bookscapm-destination-content",
    "instances" : 1,
    "protocol" : "https"
  },
  "requiredDependencies" : [ {
    "majorSchemaVersion" : 3,
    "name" : "bookscapm-destination-service",
    "properties" : { },
    "parameters" : {
      "content-target" : true
    },
    "propertiesMetadata" : {
      "metadata" : { }
    },
    "parametersMetadata" : {
      "metadata" : { }
    }
  }, {
    "majorSchemaVersion" : 3,
    "name" : "bookscapm_html_repo_host",
    "properties" : { },
    "parameters" : {
      "service-key" : "********"
    },
    "propertiesMetadata" : {
      "metadata" : { }
    },
    "parametersMetadata" : {
      "metadata" : { }
    }
  }, {
    "majorSchemaVersion" : 3,
    "name" : "uaa_bookscapm",
    "properties" : { },
    "parameters" : {
      "service-key" : "********"
    },
    "propertiesMetadata" : {
      "metadata" : { }
    },
    "parametersMetadata" : {
      "metadata" : { }
    }
  } ],
  "providedDependencies" : [ {
    "majorSchemaVersion" : 3,
    "name" : "bookscapm-destination-content",
    "isPublic" : false,
    "properties" : { },
    "parameters" : { },
    "propertiesMetadata" : {
      "metadata" : { }
    },
    "parametersMetadata" : {
      "metadata" : { }
    }
  } ],
  "propertiesMetadata" : {
    "metadata" : { }
  },
  "parametersMetadata" : {
    "metadata" : { }
  },
  "deployedAfter" : [ ],
  "hooks" : [ ]
}, {
  "majorSchemaVersion" : 3,
  "name" : "bookscapm-app-content",
  "type" : "com.sap.application.content",
  "path" : "bookscapm-app-content",
  "properties" : { },
  "parameters" : {
    "app-name" : "bookscapm-app-content",
    "default-app-name" : "bookscapm-app-content",
    "default-host" : "1fb9e48dtrial-dev-bookscapm-app-content",
    "default-instances" : 1,
    "default-live-app-name" : "bookscapm-app-content",
    "default-live-domain" : "cfapps.us10-001.hana.ondemand.com",
    "default-live-host" : "1fb9e48dtrial-dev-bookscapm-app-content",
    "default-live-uri" : "1fb9e48dtrial-dev-bookscapm-app-content.cfapps.us10-001.hana.ondemand.com",
    "default-live-url" : "https://1fb9e48dtrial-dev-bookscapm-app-content.cfapps.us10-001.hana.ondemand.com",
    "default-uri" : "1fb9e48dtrial-dev-bookscapm-app-content.cfapps.us10-001.hana.ondemand.com",
    "default-url" : "https://1fb9e48dtrial-dev-bookscapm-app-content.cfapps.us10-001.hana.ondemand.com",
    "dependency-type" : "soft",
    "domain" : "cfapps.us10-001.hana.ondemand.com",
    "generated-password" : "********",
    "generated-user" : "********",
    "host" : "1fb9e48dtrial-dev-bookscapm-app-content",
    "instances" : 1,
    "protocol" : "https"
  },
  "requiredDependencies" : [ {
    "majorSchemaVersion" : 3,
    "name" : "bookscapm_html_repo_host",
    "properties" : { },
    "parameters" : {
      "content-target" : true
    },
    "propertiesMetadata" : {
      "metadata" : { }
    },
    "parametersMetadata" : {
      "metadata" : { }
    }
  } ],
  "providedDependencies" : [ {
    "majorSchemaVersion" : 3,
    "name" : "bookscapm-app-content",
    "isPublic" : false,
    "properties" : { },
    "parameters" : { },
    "propertiesMetadata" : {
      "metadata" : { }
    },
    "parametersMetadata" : {
      "metadata" : { }
    }
  } ],
  "propertiesMetadata" : {
    "metadata" : { }
  },
  "parametersMetadata" : {
    "metadata" : { }
  },
  "deployedAfter" : [ ],
  "hooks" : [ ]
} ]#
#2026 08 19 14:52:57.383#Z#DEBUG#9f2bc722-9bdd-11f1-b06d-eeee0a9f1b5e.OPERATION#flowable-async-job-executor-thread-22306#
Step "Compute Next Modules To Deploy" finished#
#2026 08 19 14:52:57.565#Z#DEBUG#9f2bc722-9bdd-11f1-b06d-eeee0a9f1b5e.OPERATION#flowable-async-job-executor-thread-22306#
[ProcessDescriptorStep] Executing task "reprocessDescriptorTask" of process "aa70e988-9bdd-11f1-b06d-eeee0a9f1b5e"...#
#2026 08 19 14:52:57.567#Z#DEBUG#9f2bc722-9bdd-11f1-b06d-eeee0a9f1b5e.OPERATION#flowable-async-job-executor-thread-22306#
[ProcessDescriptorStep] Resolving properties and parameters in merged descriptor...#
#2026 08 19 14:52:57.572#Z#DEBUG#9f2bc722-9bdd-11f1-b06d-eeee0a9f1b5e.OPERATION#flowable-async-job-executor-thread-22306#
[ProcessDescriptorStep] Subscriptions: [ ]#
#2026 08 19 14:52:57.585#Z#DEBUG#9f2bc722-9bdd-11f1-b06d-eeee0a9f1b5e.OPERATION#flowable-async-job-executor-thread-22306#
[ProcessDescriptorStep] MTA modules: [bookscapm-srv, bookscapm-app-content, bookscapm-db-deployer, bookscapm-destination-content]#
#2026 08 19 14:52:57.590#Z#DEBUG#9f2bc722-9bdd-11f1-b06d-eeee0a9f1b5e.OPERATION#flowable-async-job-executor-thread-22306#
[ProcessDescriptorStep] Resolved deployment descriptor: {
  "majorSchemaVersion" : 3,
  "schemaVersion" : "3.3.0",
  "id" : "bookscapm",
  "version" : "1.0.0",
  "modules" : [ {
    "majorSchemaVersion" : 3,
    "name" : "bookscapm-srv",
    "type" : "javascript.nodejs",
    "path" : "bookscapm-srv",
    "properties" : { },
    "parameters" : {
      "default-url" : "https://1fb9e48dtrial-dev-bookscapm-srv.cfapps.us10-001.hana.ondemand.com",
      "default-app-name" : "bookscapm-srv",
      "generated-password" : "********",
      "default-live-url" : "https://1fb9e48dtrial-dev-bookscapm-srv.cfapps.us10-001.hana.ondemand.com",
      "default-uri" : "1fb9e48dtrial-dev-bookscapm-srv.cfapps.us10-001.hana.ondemand.com",
      "default-instances" : 1,
      "default-live-host" : "1fb9e48dtrial-dev-bookscapm-srv",
      "instances" : 1,
      "buildpack" : "nodejs_buildpack",
      "default-host" : "1fb9e48dtrial-dev-bookscapm-srv",
      "app-name" : "bookscapm-srv",
      "default-live-uri" : "1fb9e48dtrial-dev-bookscapm-srv.cfapps.us10-001.hana.ondemand.com",
      "protocol" : "https",
      "default-live-app-name" : "bookscapm-srv",
      "default-live-domain" : "cfapps.us10-001.hana.ondemand.com",
      "domain" : "cfapps.us10-001.hana.ondemand.com",
      "host" : "1fb9e48dtrial-dev-bookscapm-srv",
      "generated-user" : "********"
    },
    "requiredDependencies" : [ {
      "majorSchemaVersion" : 3,
      "name" : "bookscapm-db",
      "properties" : { },
      "parameters" : { },
      "propertiesMetadata" : {
        "metadata" : { }
      },
      "parametersMetadata" : {
        "metadata" : { }
      }
    }, {
      "majorSchemaVersion" : 3,
      "name" : "uaa_bookscapm",
      "properties" : { },
      "parameters" : { },
      "propertiesMetadata" : {
        "metadata" : { }
      },
      "parametersMetadata" : {
        "metadata" : { }
      }
    } ],
    "providedDependencies" : [ {
      "majorSchemaVersion" : 3,
      "name" : "srv-api",
      "isPublic" : false,
      "properties" : {
        "srv-url" : "https://1fb9e48dtrial-dev-bookscapm-srv.cfapps.us10-001.hana.ondemand.com"
      },
      "parameters" : { },
      "propertiesMetadata" : {
        "metadata" : { }
      },
      "parametersMetadata" : {
        "metadata" : { }
      }
    }, {
      "majorSchemaVersion" : 3,
      "name" : "bookscapm-srv",
      "isPublic" : false,
      "properties" : { },
      "parameters" : { },
      "propertiesMetadata" : {
        "metadata" : { }
      },
      "parametersMetadata" : {
        "metadata" : { }
      }
    } ],
    "propertiesMetadata" : {
      "metadata" : { }
    },
    "parametersMetadata" : {
      "metadata" : { }
    },
    "hooks" : [ ]
  }, {
    "majorSchemaVersion" : 3,
    "name" : "bookscapm-db-deployer",
    "type" : "com.sap.xs.hdi",
    "path" : "bookscapm-db-deployer",
    "properties" : {
      "EXIT" : 1
    },
    "parameters" : {
      "default-url" : "https://1fb9e48dtrial-dev-bookscapm-db-deployer.cfapps.us10-001.hana.ondemand.com",
      "default-app-name" : "bookscapm-db-deployer",
      "generated-password" : "********",
      "default-live-url" : "https://1fb9e48dtrial-dev-bookscapm-db-deployer.cfapps.us10-001.hana.ondemand.com",
      "default-uri" : "1fb9e48dtrial-dev-bookscapm-db-deployer.cfapps.us10-001.hana.ondemand.com",
      "memory" : "256M",
      "default-instances" : 1,
      "no-route" : true,
      "default-live-host" : "1fb9e48dtrial-dev-bookscapm-db-deployer",
      "instances" : 1,
      "buildpack" : "nodejs_buildpack",
      "default-host" : "1fb9e48dtrial-dev-bookscapm-db-deployer",
      "app-name" : "bookscapm-db-deployer",
      "default-live-uri" : "1fb9e48dtrial-dev-bookscapm-db-deployer.cfapps.us10-001.hana.ondemand.com",
      "protocol" : "https",
      "default-live-app-name" : "bookscapm-db-deployer",
      "default-live-domain" : "cfapps.us10-001.hana.ondemand.com",
      "dependency-type" : "hard",
      "domain" : "cfapps.us10-001.hana.ondemand.com",
      "host" : "1fb9e48dtrial-dev-bookscapm-db-deployer",
      "generated-user" : "********",
      "tasks" : [ {
        "command" : "npm start",
        "memory" : "256M",
        "name" : "deploy"
      } ],
      "no-start" : true
    },
    "requiredDependencies" : [ {
      "majorSchemaVersion" : 3,
      "name" : "bookscapm-db",
      "properties" : { },
      "parameters" : { },
      "propertiesMetadata" : {
        "metadata" : { }
      },
      "parametersMetadata" : {
        "metadata" : { }
      }
    } ],
    "providedDependencies" : [ {
      "majorSchemaVersion" : 3,
      "name" : "bookscapm-db-deployer",
      "isPublic" : false,
      "properties" : { },
      "parameters" : { },
      "propertiesMetadata" : {
        "metadata" : { }
      },
      "parametersMetadata" : {
        "metadata" : { }
      }
    } ],
    "propertiesMetadata" : {
      "metadata" : { }
    },
    "parametersMetadata" : {
      "metadata" : { }
    },
    "hooks" : [ ]
  }, {
    "majorSchemaVersion" : 3,
    "name" : "bookscapm-destination-content",
    "type" : "com.sap.application.content",
    "properties" : { },
    "parameters" : {
      "default-url" : "https://1fb9e48dtrial-dev-bookscapm-destination-content.cfapps.us10-001.hana.ondemand.com",
      "default-app-name" : "bookscapm-destination-content",
      "generated-password" : "********",
      "default-live-url" : "https://1fb9e48dtrial-dev-bookscapm-destination-content.cfapps.us10-001.hana.ondemand.com",
      "default-uri" : "1fb9e48dtrial-dev-bookscapm-destination-content.cfapps.us10-001.hana.ondemand.com",
      "default-instances" : 1,
      "default-live-host" : "1fb9e48dtrial-dev-bookscapm-destination-content",
      "instances" : 1,
      "default-host" : "1fb9e48dtrial-dev-bookscapm-destination-content",
      "content" : {
        "instance" : {
          "destinations" : [ {
            "Name" : "bookscapmapplicationrouter_bookscapm_html_repo_host",
            "ServiceInstanceName" : "bookscapm-html5-app-host-service",
            "ServiceKeyName" : "********",
            "sap.cloud.service" : "bookscapmapplicationrouter"
          }, {
            "Authentication" : "********",
            "Name" : "bookscapmapplicationrouter_uaa_bookscapm",
            "ServiceInstanceName" : "bookscapm-xsuaa-service",
            "ServiceKeyName" : "********",
            "sap.cloud.service" : "bookscapmapplicationrouter"
          } ],
          "existing_destinations_policy" : "ignore"
        }
      },
      "app-name" : "bookscapm-destination-content",
      "default-live-uri" : "1fb9e48dtrial-dev-bookscapm-destination-content.cfapps.us10-001.hana.ondemand.com",
      "protocol" : "https",
      "default-live-app-name" : "bookscapm-destination-content",
      "default-live-domain" : "cfapps.us10-001.hana.ondemand.com",
      "domain" : "cfapps.us10-001.hana.ondemand.com",
      "host" : "1fb9e48dtrial-dev-bookscapm-destination-content",
      "generated-user" : "********"
    },
    "requiredDependencies" : [ {
      "majorSchemaVersion" : 3,
      "name" : "bookscapm-destination-service",
      "properties" : { },
      "parameters" : {
        "content-target" : true
      },
      "propertiesMetadata" : {
        "metadata" : { }
      },
      "parametersMetadata" : {
        "metadata" : { }
      }
    }, {
      "majorSchemaVersion" : 3,
      "name" : "bookscapm_html_repo_host",
      "properties" : { },
      "parameters" : {
        "service-key" : "********"
      },
      "propertiesMetadata" : {
        "metadata" : { }
      },
      "parametersMetadata" : {
        "metadata" : { }
      }
    }, {
      "majorSchemaVersion" : 3,
      "name" : "uaa_bookscapm",
      "properties" : { },
      "parameters" : {
        "service-key" : "********"
      },
      "propertiesMetadata" : {
        "metadata" : { }
      },
      "parametersMetadata" : {
        "metadata" : { }
      }
    } ],
    "providedDependencies" : [ {
      "majorSchemaVersion" : 3,
      "name" : "bookscapm-destination-content",
      "isPublic" : false,
      "properties" : { },
      "parameters" : { },
      "propertiesMetadata" : {
        "metadata" : { }
      },
      "parametersMetadata" : {
        "metadata" : { }
      }
    } ],
    "propertiesMetadata" : {
      "metadata" : { }
    },
    "parametersMetadata" : {
      "metadata" : { }
    },
    "hooks" : [ ]
  }, {
    "majorSchemaVersion" : 3,
    "name" : "bookscapm-app-content",
    "type" : "com.sap.application.content",
    "path" : "bookscapm-app-content",
    "properties" : { },
    "parameters" : {
      "default-url" : "https://1fb9e48dtrial-dev-bookscapm-app-content.cfapps.us10-001.hana.ondemand.com",
      "default-app-name" : "bookscapm-app-content",
      "generated-password" : "********",
      "default-live-url" : "https://1fb9e48dtrial-dev-bookscapm-app-content.cfapps.us10-001.hana.ondemand.com",
      "default-uri" : "1fb9e48dtrial-dev-bookscapm-app-content.cfapps.us10-001.hana.ondemand.com",
      "default-instances" : 1,
      "default-live-host" : "1fb9e48dtrial-dev-bookscapm-app-content",
      "instances" : 1,
      "default-host" : "1fb9e48dtrial-dev-bookscapm-app-content",
      "app-name" : "bookscapm-app-content",
      "default-live-uri" : "1fb9e48dtrial-dev-bookscapm-app-content.cfapps.us10-001.hana.ondemand.com",
      "protocol" : "https",
      "default-live-app-name" : "bookscapm-app-content",
      "default-live-domain" : "cfapps.us10-001.hana.ondemand.com",
      "domain" : "cfapps.us10-001.hana.ondemand.com",
      "host" : "1fb9e48dtrial-dev-bookscapm-app-content",
      "generated-user" : "********"
    },
    "requiredDependencies" : [ {
      "majorSchemaVersion" : 3,
      "name" : "bookscapm_html_repo_host",
      "properties" : { },
      "parameters" : {
        "content-target" : true
      },
      "propertiesMetadata" : {
        "metadata" : { }
      },
      "parametersMetadata" : {
        "metadata" : { }
      }
    } ],
    "providedDependencies" : [ {
      "majorSchemaVersion" : 3,
      "name" : "bookscapm-app-content",
      "isPublic" : false,
      "properties" : { },
      "parameters" : { },
      "propertiesMetadata" : {
        "metadata" : { }
      },
      "parametersMetadata" : {
        "metadata" : { }
      }
    } ],
    "propertiesMetadata" : {
      "metadata" : { }
    },
    "parametersMetadata" : {
      "metadata" : { }
    },
    "hooks" : [ ]
  } ],
  "resources" : [ {
    "majorSchemaVersion" : 3,
    "name" : "bookscapm-db",
    "type" : "com.sap.xs.hdi-container",
    "properties" : { },
    "parameters" : {
      "generated-password" : "********",
      "service-name" : "bookscapm-db",
      "service-plan" : "hdi-shared",
      "service" : "hana",
      "generated-user" : "********",
      "default-xsappname" : "bookscapm-db",
      "type" : "managed-service",
      "default-service-name" : "bookscapm-db",
      "default-container-name" : "1FB9E48DTRIAL_DEV_BOOKSCAPM_DB"
    },
    "isActive" : true,
    "isOptional" : false,
    "propertiesMetadata" : {
      "metadata" : { }
    },
    "parametersMetadata" : {
      "metadata" : { }
    },
    "requiredDependencies" : [ ],
    "processedAfter" : [ ]
  }, {
    "majorSchemaVersion" : 3,
    "name" : "bookscapm-destination-service",
    "type" : "org.cloudfoundry.managed-service",
    "properties" : { },
    "parameters" : {
      "generated-password" : "********",
      "service-name" : "bookscapm-destination-service",
      "service-plan" : "lite",
      "service" : "destination",
      "generated-user" : "********",
      "default-xsappname" : "bookscapm-destination-service",
      "type" : "managed-service",
      "config" : {
        "HTML5Runtime_enabled" : true,
        "init_data" : {
          "instance" : {
            "destinations" : [ {
              "Authentication" : "********",
              "Name" : "ui5",
              "ProxyType" : "Internet",
              "Type" : "HTTP",
              "URL" : "https://ui5.sap.com"
            }, {
              "Authentication" : "********",
              "HTML5.DynamicDestination" : true,
              "HTML5.ForwardAuthToken" : "********",
              "Name" : "srv-api",
              "ProxyType" : "Internet",
              "Type" : "HTTP",
              "URL" : "https://1fb9e48dtrial-dev-bookscapm-srv.cfapps.us10-001.hana.ondemand.com"
            } ],
            "existing_destinations_policy" : "update"
          }
        },
        "version" : "1.0.0"
      },
      "default-service-name" : "bookscapm-destination-service",
      "default-container-name" : "1FB9E48DTRIAL_DEV_BOOKSCAPM_DESTINATION_SERVICE"
    },
    "isActive" : true,
    "isOptional" : false,
    "propertiesMetadata" : {
      "metadata" : { }
    },
    "parametersMetadata" : {
      "metadata" : { }
    },
    "requiredDependencies" : [ {
      "majorSchemaVersion" : 3,
      "name" : "srv-api",
      "properties" : { },
      "parameters" : { },
      "propertiesMetadata" : {
        "metadata" : { }
      },
      "parametersMetadata" : {
        "metadata" : { }
      }
    } ],
    "processedAfter" : [ ]
  }, {
    "majorSchemaVersion" : 3,
    "name" : "bookscapm_html_repo_host",
    "type" : "org.cloudfoundry.managed-service",
    "properties" : { },
    "parameters" : {
      "generated-password" : "********",
      "service-name" : "bookscapm-html5-app-host-service",
      "service-plan" : "app-host",
      "service" : "html5-apps-repo",
      "generated-user" : "********",
      "default-xsappname" : "bookscapm_html_repo_host",
      "type" : "managed-service",
      "default-service-name" : "bookscapm_html_repo_host",
      "default-container-name" : "1FB9E48DTRIAL_DEV_BOOKSCAPM_HTML_REPO_HOST"
    },
    "isActive" : true,
    "isOptional" : false,
    "propertiesMetadata" : {
      "metadata" : { }
    },
    "parametersMetadata" : {
      "metadata" : { }
    },
    "requiredDependencies" : [ ],
    "processedAfter" : [ ]
  }, {
    "majorSchemaVersion" : 3,
    "name" : "uaa_bookscapm",
    "type" : "org.cloudfoundry.managed-service",
    "properties" : { },
    "parameters" : {
      "generated-password" : "********",
      "path" : "./xs-security.json",
      "service-name" : "bookscapm-xsuaa-service",
      "service-plan" : "application",
      "service" : "xsuaa",
      "generated-user" : "********",
      "default-xsappname" : "uaa_bookscapm",
      "type" : "managed-service",
      "default-service-name" : "uaa_bookscapm",
      "default-container-name" : "1FB9E48DTRIAL_DEV_UAA_BOOKSCAPM"
    },
    "isActive" : true,
    "isOptional" : false,
    "propertiesMetadata" : {
      "metadata" : { }
    },
    "parametersMetadata" : {
      "metadata" : { }
    },
    "requiredDependencies" : [ ],
    "processedAfter" : [ ]
  } ],
  "parameters" : {
    "deploy_mode" : "html5-repo",
    "mta-id" : "bookscapm",
    "authorization-url" : "********",
    "org-guid" : "8ca7719c-a1c5-4100-832b-9bfcd0e73c43",
    "org" : "1fb9e48dtrial",
    "deploy-target" : "1fb9e48dtrial dev",
    "enable-parallel-deployments" : true,
    "region-primary-domain" : "us10.hana.ondemand.com",
    "space" : "dev",
    "region-domain" : "us10-001.hana.ondemand.com",
    "xs-api-url" : "https://api.cf.us10-001.hana.ondemand.com",
    "deploy-url" : "deploy-service.cfapps.us10-001.hana.ondemand.com",
    "xs-type" : "CF",
    "default-domain" : "cfapps.us10-001.hana.ondemand.com",
    "mta-version" : "1.0.0",
    "xs-auth-url" : "********",
    "space-guid" : "5d8a2d66-1cdf-4f95-ae67-ef9fb5cde8d1",
    "user" : "********",
    "controller-url" : "https://api.cf.us10-001.hana.ondemand.com",
    "timestamp" : "20260819145238"
  },
  "parametersMetadata" : {
    "metadata" : { }
  }
}#
#2026 08 19 14:52:57.590#Z#DEBUG#9f2bc722-9bdd-11f1-b06d-eeee0a9f1b5e.OPERATION#flowable-async-job-executor-thread-22306#
[ProcessDescriptorStep] Merged descriptor properties and parameters resolved#
#2026 08 19 14:52:57.590#Z#DEBUG#9f2bc722-9bdd-11f1-b06d-eeee0a9f1b5e.OPERATION#flowable-async-job-executor-thread-22306#
Step "Re-Process Descriptor Step" finished#
#2026 08 19 14:52:57.629#Z#DEBUG#9f2bc722-9bdd-11f1-b06d-eeee0a9f1b5e.OPERATION#flowable-async-job-executor-thread-22306#
[BuildApplicationDeployModelStep] Executing task "buildApplicationDeployModelTask" of process "aa70e988-9bdd-11f1-b06d-eeee0a9f1b5e"...#
#2026 08 19 14:52:57.632#Z#DEBUG#9f2bc722-9bdd-11f1-b06d-eeee0a9f1b5e.OPERATION#flowable-async-job-executor-thread-22306#
[BuildApplicationDeployModelStep] Building cloud deployment model for application "bookscapm-srv"...#
#2026 08 19 14:52:57.639#Z#DEBUG#9f2bc722-9bdd-11f1-b06d-eeee0a9f1b5e.OPERATION#flowable-async-job-executor-thread-22306#
[BuildApplicationDeployModelStep] No health-check-type is specified. Setting default type: port#
#2026 08 19 14:52:57.639#Z#INFO#9f2bc722-9bdd-11f1-b06d-eeee0a9f1b5e.OPERATION#flowable-async-job-executor-thread-22306#
[BuildApplicationDeployModelStep] Building configuration entries for org 1fb9e48dtrial, space dev, spaceId 5d8a2d66-1cdf-4f95-ae67-ef9fb5cde8d1 and namespace null!#
#2026 08 19 14:52:57.641#Z#DEBUG#9f2bc722-9bdd-11f1-b06d-eeee0a9f1b5e.OPERATION#flowable-async-job-executor-thread-22306#
[BuildApplicationDeployModelStep] Configuration entries to publish: [ ]#
#2026 08 19 14:52:57.641#Z#DEBUG#9f2bc722-9bdd-11f1-b06d-eeee0a9f1b5e.OPERATION#flowable-async-job-executor-thread-22306#
[BuildApplicationDeployModelStep] Cloud deployment model for application built#
#2026 08 19 14:52:57.642#Z#DEBUG#9f2bc722-9bdd-11f1-b06d-eeee0a9f1b5e.OPERATION#flowable-async-job-executor-thread-22306#
Step "Build Application Deploy Model" finished#
#2026 08 19 14:52:57.920#Z#DEBUG#9f2bc722-9bdd-11f1-b06d-eeee0a9f1b5e.OPERATION#flowable-async-job-executor-thread-19595#
[ProcessDescriptorStep] Executing task "reprocessDescriptorTask" of process "aaa651f1-9bdd-11f1-82d4-eeee0a815ff2"...#
#2026 08 19 14:52:57.923#Z#DEBUG#9f2bc722-9bdd-11f1-b06d-eeee0a9f1b5e.OPERATION#flowable-async-job-executor-thread-19595#
[ProcessDescriptorStep] Resolving properties and parameters in merged descriptor...#
#2026 08 19 14:52:57.929#Z#DEBUG#9f2bc722-9bdd-11f1-b06d-eeee0a9f1b5e.OPERATION#flowable-async-job-executor-thread-19595#
[ProcessDescriptorStep] Subscriptions: [ ]#
#2026 08 19 14:52:57.942#Z#DEBUG#9f2bc722-9bdd-11f1-b06d-eeee0a9f1b5e.OPERATION#flowable-async-job-executor-thread-19595#
[ProcessDescriptorStep] MTA modules: [bookscapm-srv, bookscapm-app-content, bookscapm-db-deployer, bookscapm-destination-content]#
#2026 08 19 14:52:57.952#Z#DEBUG#9f2bc722-9bdd-11f1-b06d-eeee0a9f1b5e.OPERATION#flowable-async-job-executor-thread-19595#
[ProcessDescriptorStep] Resolved deployment descriptor: {
  "majorSchemaVersion" : 3,
  "schemaVersion" : "3.3.0",
  "id" : "bookscapm",
  "version" : "1.0.0",
  "modules" : [ {
    "majorSchemaVersion" : 3,
    "name" : "bookscapm-srv",
    "type" : "javascript.nodejs",
    "path" : "bookscapm-srv",
    "properties" : { },
    "parameters" : {
      "default-url" : "https://1fb9e48dtrial-dev-bookscapm-srv.cfapps.us10-001.hana.ondemand.com",
      "default-app-name" : "bookscapm-srv",
      "generated-password" : "********",
      "default-live-url" : "https://1fb9e48dtrial-dev-bookscapm-srv.cfapps.us10-001.hana.ondemand.com",
      "default-uri" : "1fb9e48dtrial-dev-bookscapm-srv.cfapps.us10-001.hana.ondemand.com",
      "default-instances" : 1,
      "default-live-host" : "1fb9e48dtrial-dev-bookscapm-srv",
      "instances" : 1,
      "buildpack" : "nodejs_buildpack",
      "default-host" : "1fb9e48dtrial-dev-bookscapm-srv",
      "app-name" : "bookscapm-srv",
      "default-live-uri" : "1fb9e48dtrial-dev-bookscapm-srv.cfapps.us10-001.hana.ondemand.com",
      "protocol" : "https",
      "default-live-app-name" : "bookscapm-srv",
      "default-live-domain" : "cfapps.us10-001.hana.ondemand.com",
      "domain" : "cfapps.us10-001.hana.ondemand.com",
      "host" : "1fb9e48dtrial-dev-bookscapm-srv",
      "generated-user" : "********"
    },
    "requiredDependencies" : [ {
      "majorSchemaVersion" : 3,
      "name" : "bookscapm-db",
      "properties" : { },
      "parameters" : { },
      "propertiesMetadata" : {
        "metadata" : { }
      },
      "parametersMetadata" : {
        "metadata" : { }
      }
    }, {
      "majorSchemaVersion" : 3,
      "name" : "uaa_bookscapm",
      "properties" : { },
      "parameters" : { },
      "propertiesMetadata" : {
        "metadata" : { }
      },
      "parametersMetadata" : {
        "metadata" : { }
      }
    } ],
    "providedDependencies" : [ {
      "majorSchemaVersion" : 3,
      "name" : "srv-api",
      "isPublic" : false,
      "properties" : {
        "srv-url" : "https://1fb9e48dtrial-dev-bookscapm-srv.cfapps.us10-001.hana.ondemand.com"
      },
      "parameters" : { },
      "propertiesMetadata" : {
        "metadata" : { }
      },
      "parametersMetadata" : {
        "metadata" : { }
      }
    }, {
      "majorSchemaVersion" : 3,
      "name" : "bookscapm-srv",
      "isPublic" : false,
      "properties" : { },
      "parameters" : { },
      "propertiesMetadata" : {
        "metadata" : { }
      },
      "parametersMetadata" : {
        "metadata" : { }
      }
    } ],
    "propertiesMetadata" : {
      "metadata" : { }
    },
    "parametersMetadata" : {
      "metadata" : { }
    },
    "hooks" : [ ]
  }, {
    "majorSchemaVersion" : 3,
    "name" : "bookscapm-db-deployer",
    "type" : "com.sap.xs.hdi",
    "path" : "bookscapm-db-deployer",
    "properties" : {
      "EXIT" : 1
    },
    "parameters" : {
      "default-url" : "https://1fb9e48dtrial-dev-bookscapm-db-deployer.cfapps.us10-001.hana.ondemand.com",
      "default-app-name" : "bookscapm-db-deployer",
      "generated-password" : "********",
      "default-live-url" : "https://1fb9e48dtrial-dev-bookscapm-db-deployer.cfapps.us10-001.hana.ondemand.com",
      "default-uri" : "1fb9e48dtrial-dev-bookscapm-db-deployer.cfapps.us10-001.hana.ondemand.com",
      "memory" : "256M",
      "default-instances" : 1,
      "no-route" : true,
      "default-live-host" : "1fb9e48dtrial-dev-bookscapm-db-deployer",
      "instances" : 1,
      "buildpack" : "nodejs_buildpack",
      "default-host" : "1fb9e48dtrial-dev-bookscapm-db-deployer",
      "app-name" : "bookscapm-db-deployer",
      "default-live-uri" : "1fb9e48dtrial-dev-bookscapm-db-deployer.cfapps.us10-001.hana.ondemand.com",
      "protocol" : "https",
      "default-live-app-name" : "bookscapm-db-deployer",
      "default-live-domain" : "cfapps.us10-001.hana.ondemand.com",
      "dependency-type" : "hard",
      "domain" : "cfapps.us10-001.hana.ondemand.com",
      "host" : "1fb9e48dtrial-dev-bookscapm-db-deployer",
      "generated-user" : "********",
      "tasks" : [ {
        "command" : "npm start",
        "memory" : "256M",
        "name" : "deploy"
      } ],
      "no-start" : true
    },
    "requiredDependencies" : [ {
      "majorSchemaVersion" : 3,
      "name" : "bookscapm-db",
      "properties" : { },
      "parameters" : { },
      "propertiesMetadata" : {
        "metadata" : { }
      },
      "parametersMetadata" : {
        "metadata" : { }
      }
    } ],
    "providedDependencies" : [ {
      "majorSchemaVersion" : 3,
      "name" : "bookscapm-db-deployer",
      "isPublic" : false,
      "properties" : { },
      "parameters" : { },
      "propertiesMetadata" : {
        "metadata" : { }
      },
      "parametersMetadata" : {
        "metadata" : { }
      }
    } ],
    "propertiesMetadata" : {
      "metadata" : { }
    },
    "parametersMetadata" : {
      "metadata" : { }
    },
    "hooks" : [ ]
  }, {
    "majorSchemaVersion" : 3,
    "name" : "bookscapm-destination-content",
    "type" : "com.sap.application.content",
    "properties" : { },
    "parameters" : {
      "default-url" : "https://1fb9e48dtrial-dev-bookscapm-destination-content.cfapps.us10-001.hana.ondemand.com",
      "default-app-name" : "bookscapm-destination-content",
      "generated-password" : "********",
      "default-live-url" : "https://1fb9e48dtrial-dev-bookscapm-destination-content.cfapps.us10-001.hana.ondemand.com",
      "default-uri" : "1fb9e48dtrial-dev-bookscapm-destination-content.cfapps.us10-001.hana.ondemand.com",
      "default-instances" : 1,
      "default-live-host" : "1fb9e48dtrial-dev-bookscapm-destination-content",
      "instances" : 1,
      "default-host" : "1fb9e48dtrial-dev-bookscapm-destination-content",
      "content" : {
        "instance" : {
          "destinations" : [ {
            "Name" : "bookscapmapplicationrouter_bookscapm_html_repo_host",
            "ServiceInstanceName" : "bookscapm-html5-app-host-service",
            "ServiceKeyName" : "********",
            "sap.cloud.service" : "bookscapmapplicationrouter"
          }, {
            "Authentication" : "********",
            "Name" : "bookscapmapplicationrouter_uaa_bookscapm",
            "ServiceInstanceName" : "bookscapm-xsuaa-service",
            "ServiceKeyName" : "********",
            "sap.cloud.service" : "bookscapmapplicationrouter"
          } ],
          "existing_destinations_policy" : "ignore"
        }
      },
      "app-name" : "bookscapm-destination-content",
      "default-live-uri" : "1fb9e48dtrial-dev-bookscapm-destination-content.cfapps.us10-001.hana.ondemand.com",
      "protocol" : "https",
      "default-live-app-name" : "bookscapm-destination-content",
      "default-live-domain" : "cfapps.us10-001.hana.ondemand.com",
      "domain" : "cfapps.us10-001.hana.ondemand.com",
      "host" : "1fb9e48dtrial-dev-bookscapm-destination-content",
      "generated-user" : "********"
    },
    "requiredDependencies" : [ {
      "majorSchemaVersion" : 3,
      "name" : "bookscapm-destination-service",
      "properties" : { },
      "parameters" : {
        "content-target" : true
      },
      "propertiesMetadata" : {
        "metadata" : { }
      },
      "parametersMetadata" : {
        "metadata" : { }
      }
    }, {
      "majorSchemaVersion" : 3,
      "name" : "bookscapm_html_repo_host",
      "properties" : { },
      "parameters" : {
        "service-key" : "********"
      },
      "propertiesMetadata" : {
        "metadata" : { }
      },
      "parametersMetadata" : {
        "metadata" : { }
      }
    }, {
      "majorSchemaVersion" : 3,
      "name" : "uaa_bookscapm",
      "properties" : { },
      "parameters" : {
        "service-key" : "********"
      },
      "propertiesMetadata" : {
        "metadata" : { }
      },
      "parametersMetadata" : {
        "metadata" : { }
      }
    } ],
    "providedDependencies" : [ {
      "majorSchemaVersion" : 3,
      "name" : "bookscapm-destination-content",
      "isPublic" : false,
      "properties" : { },
      "parameters" : { },
      "propertiesMetadata" : {
        "metadata" : { }
      },
      "parametersMetadata" : {
        "metadata" : { }
      }
    } ],
    "propertiesMetadata" : {
      "metadata" : { }
    },
    "parametersMetadata" : {
      "metadata" : { }
    },
    "hooks" : [ ]
  }, {
    "majorSchemaVersion" : 3,
    "name" : "bookscapm-app-content",
    "type" : "com.sap.application.content",
    "path" : "bookscapm-app-content",
    "properties" : { },
    "parameters" : {
      "default-url" : "https://1fb9e48dtrial-dev-bookscapm-app-content.cfapps.us10-001.hana.ondemand.com",
      "default-app-name" : "bookscapm-app-content",
      "generated-password" : "********",
      "default-live-url" : "https://1fb9e48dtrial-dev-bookscapm-app-content.cfapps.us10-001.hana.ondemand.com",
      "default-uri" : "1fb9e48dtrial-dev-bookscapm-app-content.cfapps.us10-001.hana.ondemand.com",
      "default-instances" : 1,
      "default-live-host" : "1fb9e48dtrial-dev-bookscapm-app-content",
      "instances" : 1,
      "default-host" : "1fb9e48dtrial-dev-bookscapm-app-content",
      "app-name" : "bookscapm-app-content",
      "default-live-uri" : "1fb9e48dtrial-dev-bookscapm-app-content.cfapps.us10-001.hana.ondemand.com",
      "protocol" : "https",
      "default-live-app-name" : "bookscapm-app-content",
      "default-live-domain" : "cfapps.us10-001.hana.ondemand.com",
      "domain" : "cfapps.us10-001.hana.ondemand.com",
      "host" : "1fb9e48dtrial-dev-bookscapm-app-content",
      "generated-user" : "********"
    },
    "requiredDependencies" : [ {
      "majorSchemaVersion" : 3,
      "name" : "bookscapm_html_repo_host",
      "properties" : { },
      "parameters" : {
        "content-target" : true
      },
      "propertiesMetadata" : {
        "metadata" : { }
      },
      "parametersMetadata" : {
        "metadata" : { }
      }
    } ],
    "providedDependencies" : [ {
      "majorSchemaVersion" : 3,
      "name" : "bookscapm-app-content",
      "isPublic" : false,
      "properties" : { },
      "parameters" : { },
      "propertiesMetadata" : {
        "metadata" : { }
      },
      "parametersMetadata" : {
        "metadata" : { }
      }
    } ],
    "propertiesMetadata" : {
      "metadata" : { }
    },
    "parametersMetadata" : {
      "metadata" : { }
    },
    "hooks" : [ ]
  } ],
  "resources" : [ {
    "majorSchemaVersion" : 3,
    "name" : "bookscapm-db",
    "type" : "com.sap.xs.hdi-container",
    "properties" : { },
    "parameters" : {
      "generated-password" : "********",
      "service-name" : "bookscapm-db",
      "service-plan" : "hdi-shared",
      "service" : "hana",
      "generated-user" : "********",
      "default-xsappname" : "bookscapm-db",
      "type" : "managed-service",
      "default-service-name" : "bookscapm-db",
      "default-container-name" : "1FB9E48DTRIAL_DEV_BOOKSCAPM_DB"
    },
    "isActive" : true,
    "isOptional" : false,
    "propertiesMetadata" : {
      "metadata" : { }
    },
    "parametersMetadata" : {
      "metadata" : { }
    },
    "requiredDependencies" : [ ],
    "processedAfter" : [ ]
  }, {
    "majorSchemaVersion" : 3,
    "name" : "bookscapm-destination-service",
    "type" : "org.cloudfoundry.managed-service",
    "properties" : { },
    "parameters" : {
      "generated-password" : "********",
      "service-name" : "bookscapm-destination-service",
      "service-plan" : "lite",
      "service" : "destination",
      "generated-user" : "********",
      "default-xsappname" : "bookscapm-destination-service",
      "type" : "managed-service",
      "config" : {
        "HTML5Runtime_enabled" : true,
        "init_data" : {
          "instance" : {
            "destinations" : [ {
              "Authentication" : "********",
              "Name" : "ui5",
              "ProxyType" : "Internet",
              "Type" : "HTTP",
              "URL" : "https://ui5.sap.com"
            }, {
              "Authentication" : "********",
              "HTML5.DynamicDestination" : true,
              "HTML5.ForwardAuthToken" : "********",
              "Name" : "srv-api",
              "ProxyType" : "Internet",
              "Type" : "HTTP",
              "URL" : "https://1fb9e48dtrial-dev-bookscapm-srv.cfapps.us10-001.hana.ondemand.com"
            } ],
            "existing_destinations_policy" : "update"
          }
        },
        "version" : "1.0.0"
      },
      "default-service-name" : "bookscapm-destination-service",
      "default-container-name" : "1FB9E48DTRIAL_DEV_BOOKSCAPM_DESTINATION_SERVICE"
    },
    "isActive" : true,
    "isOptional" : false,
    "propertiesMetadata" : {
      "metadata" : { }
    },
    "parametersMetadata" : {
      "metadata" : { }
    },
    "requiredDependencies" : [ {
      "majorSchemaVersion" : 3,
      "name" : "srv-api",
      "properties" : { },
      "parameters" : { },
      "propertiesMetadata" : {
        "metadata" : { }
      },
      "parametersMetadata" : {
        "metadata" : { }
      }
    } ],
    "processedAfter" : [ ]
  }, {
    "majorSchemaVersion" : 3,
    "name" : "bookscapm_html_repo_host",
    "type" : "org.cloudfoundry.managed-service",
    "properties" : { },
    "parameters" : {
      "generated-password" : "********",
      "service-name" : "bookscapm-html5-app-host-service",
      "service-plan" : "app-host",
      "service" : "html5-apps-repo",
      "generated-user" : "********",
      "default-xsappname" : "bookscapm_html_repo_host",
      "type" : "managed-service",
      "default-service-name" : "bookscapm_html_repo_host",
      "default-container-name" : "1FB9E48DTRIAL_DEV_BOOKSCAPM_HTML_REPO_HOST"
    },
    "isActive" : true,
    "isOptional" : false,
    "propertiesMetadata" : {
      "metadata" : { }
    },
    "parametersMetadata" : {
      "metadata" : { }
    },
    "requiredDependencies" : [ ],
    "processedAfter" : [ ]
  }, {
    "majorSchemaVersion" : 3,
    "name" : "uaa_bookscapm",
    "type" : "org.cloudfoundry.managed-service",
    "properties" : { },
    "parameters" : {
      "generated-password" : "********",
      "path" : "./xs-security.json",
      "service-name" : "bookscapm-xsuaa-service",
      "service-plan" : "application",
      "service" : "xsuaa",
      "generated-user" : "********",
      "default-xsappname" : "uaa_bookscapm",
      "type" : "managed-service",
      "default-service-name" : "uaa_bookscapm",
      "default-container-name" : "1FB9E48DTRIAL_DEV_UAA_BOOKSCAPM"
    },
    "isActive" : true,
    "isOptional" : false,
    "propertiesMetadata" : {
      "metadata" : { }
    },
    "parametersMetadata" : {
      "metadata" : { }
    },
    "requiredDependencies" : [ ],
    "processedAfter" : [ ]
  } ],
  "parameters" : {
    "deploy_mode" : "html5-repo",
    "mta-id" : "bookscapm",
    "authorization-url" : "********",
    "org-guid" : "8ca7719c-a1c5-4100-832b-9bfcd0e73c43",
    "org" : "1fb9e48dtrial",
    "deploy-target" : "1fb9e48dtrial dev",
    "enable-parallel-deployments" : true,
    "region-primary-domain" : "us10.hana.ondemand.com",
    "space" : "dev",
    "region-domain" : "us10-001.hana.ondemand.com",
    "xs-api-url" : "https://api.cf.us10-001.hana.ondemand.com",
    "deploy-url" : "deploy-service.cfapps.us10-001.hana.ondemand.com",
    "xs-type" : "CF",
    "default-domain" : "cfapps.us10-001.hana.ondemand.com",
    "mta-version" : "1.0.0",
    "xs-auth-url" : "********",
    "space-guid" : "5d8a2d66-1cdf-4f95-ae67-ef9fb5cde8d1",
    "user" : "********",
    "controller-url" : "https://api.cf.us10-001.hana.ondemand.com",
    "timestamp" : "20260819145238"
  },
  "parametersMetadata" : {
    "metadata" : { }
  }
}#
#2026 08 19 14:52:57.952#Z#DEBUG#9f2bc722-9bdd-11f1-b06d-eeee0a9f1b5e.OPERATION#flowable-async-job-executor-thread-19595#
[ProcessDescriptorStep] Merged descriptor properties and parameters resolved#
#2026 08 19 14:52:57.952#Z#DEBUG#9f2bc722-9bdd-11f1-b06d-eeee0a9f1b5e.OPERATION#flowable-async-job-executor-thread-19595#
Step "Re-Process Descriptor Step" finished#
#2026 08 19 14:52:58.011#Z#DEBUG#9f2bc722-9bdd-11f1-b06d-eeee0a9f1b5e.OPERATION#flowable-async-job-executor-thread-19595#
[BuildApplicationDeployModelStep] Executing task "buildApplicationDeployModelTask" of process "aaa651f1-9bdd-11f1-82d4-eeee0a815ff2"...#
#2026 08 19 14:52:58.015#Z#DEBUG#9f2bc722-9bdd-11f1-b06d-eeee0a9f1b5e.OPERATION#flowable-async-job-executor-thread-19595#
[BuildApplicationDeployModelStep] Building cloud deployment model for application "bookscapm-db-deployer"...#
#2026 08 19 14:52:58.022#Z#DEBUG#9f2bc722-9bdd-11f1-b06d-eeee0a9f1b5e.OPERATION#flowable-async-job-executor-thread-19595#
[BuildApplicationDeployModelStep] No health-check-type is specified. Setting default type: port#
#2026 08 19 14:52:58.022#Z#INFO#9f2bc722-9bdd-11f1-b06d-eeee0a9f1b5e.OPERATION#flowable-async-job-executor-thread-19595#
[BuildApplicationDeployModelStep] Building configuration entries for org 1fb9e48dtrial, space dev, spaceId 5d8a2d66-1cdf-4f95-ae67-ef9fb5cde8d1 and namespace null!#
#2026 08 19 14:52:58.024#Z#DEBUG#9f2bc722-9bdd-11f1-b06d-eeee0a9f1b5e.OPERATION#flowable-async-job-executor-thread-19595#
[BuildApplicationDeployModelStep] Configuration entries to publish: [ ]#
#2026 08 19 14:52:58.024#Z#DEBUG#9f2bc722-9bdd-11f1-b06d-eeee0a9f1b5e.OPERATION#flowable-async-job-executor-thread-19595#
[BuildApplicationDeployModelStep] Cloud deployment model for application built#
#2026 08 19 14:52:58.024#Z#DEBUG#9f2bc722-9bdd-11f1-b06d-eeee0a9f1b5e.OPERATION#flowable-async-job-executor-thread-19595#
Step "Build Application Deploy Model" finished#
#2026 08 19 14:52:57.707#Z#DEBUG#9f2bc722-9bdd-11f1-b06d-eeee0a9f1b5e.OPERATION#flowable-async-job-executor-thread-22306#
[CreateOrUpdateAppStep] Executing task "createAppTask" of process "aa70e988-9bdd-11f1-b06d-eeee0a9f1b5e"...#
#2026 08 19 14:52:57.710#Z#DEBUG#9f2bc722-9bdd-11f1-b06d-eeee0a9f1b5e.OPERATION#flowable-async-job-executor-thread-22306#
[CreateOrUpdateAppStep] Getting application "bookscapm-srv"...#
#2026 08 19 14:52:57.740#Z#INFO#9f2bc722-9bdd-11f1-b06d-eeee0a9f1b5e.OPERATION#flowable-async-job-executor-thread-22306#
[CreateOrUpdateAppStep] Updating application "bookscapm-srv"...#
#2026 08 19 14:52:57.748#Z#DEBUG#9f2bc722-9bdd-11f1-b06d-eeee0a9f1b5e.OPERATION#flowable-async-job-executor-thread-22306#
[CreateOrUpdateAppStep] Getting process for application "e4fbc9e0-0224-4a88-a46f-eef717330b07"...#
#2026 08 19 14:52:57.782#Z#DEBUG#9f2bc722-9bdd-11f1-b06d-eeee0a9f1b5e.OPERATION#flowable-async-job-executor-thread-22306#
[CreateOrUpdateAppStep] Getting routes for application "e4fbc9e0-0224-4a88-a46f-eef717330b07"...#
#2026 08 19 14:52:57.812#Z#DEBUG#9f2bc722-9bdd-11f1-b06d-eeee0a9f1b5e.OPERATION#flowable-async-job-executor-thread-22306#
[CreateOrUpdateAppStep] Getting features for application "e4fbc9e0-0224-4a88-a46f-eef717330b07"#
#2026 08 19 14:52:57.836#Z#DEBUG#9f2bc722-9bdd-11f1-b06d-eeee0a9f1b5e.OPERATION#flowable-async-job-executor-thread-22306#
[CreateOrUpdateAppStep] Updating staging of application "bookscapm-srv" to: {
  "buildpacks" : [ "nodejs_buildpack" ],
  "healthCheckType" : "port",
  "appFeatures" : { }
}#
#2026 08 19 14:52:58.038#Z#DEBUG#9f2bc722-9bdd-11f1-b06d-eeee0a9f1b5e.OPERATION#flowable-async-job-executor-thread-22306#
[CreateOrUpdateAppStep] Application "bookscapm-srv" updated#
#2026 08 19 14:52:58.038#Z#DEBUG#9f2bc722-9bdd-11f1-b06d-eeee0a9f1b5e.OPERATION#flowable-async-job-executor-thread-22306#
[CreateOrUpdateAppStep] Getting environment of application "e4fbc9e0-0224-4a88-a46f-eef717330b07"...#
#2026 08 19 14:52:58.112#Z#DEBUG#9f2bc722-9bdd-11f1-b06d-eeee0a9f1b5e.OPERATION#flowable-async-job-executor-thread-22306#
[CreateOrUpdateAppStep] Application "bookscapm-srv" updated#
#2026 08 19 14:52:58.112#Z#DEBUG#9f2bc722-9bdd-11f1-b06d-eeee0a9f1b5e.OPERATION#flowable-async-job-executor-thread-22306#
Step "Create App" finished#
#2026 08 19 14:52:58.092#Z#DEBUG#9f2bc722-9bdd-11f1-b06d-eeee0a9f1b5e.OPERATION#flowable-async-job-executor-thread-19602#
[BuildContentDeploymentConfigurationStep] Executing task "buildContentDeploymentConfigurationTask" of process "aabf5745-9bdd-11f1-82d4-eeee0a815ff2"...#
#2026 08 19 14:52:58.101#Z#DEBUG#9f2bc722-9bdd-11f1-b06d-eeee0a9f1b5e.OPERATION#ForkJoinPool-362-worker-1#
[BuildContentDeploymentConfigurationStep] Getting service key "bookscapm-destination-content-bookscapm-destination-service-credentials" for service instance "bookscapm-destination-service"...#
#2026 08 19 14:52:58.101#Z#DEBUG#9f2bc722-9bdd-11f1-b06d-eeee0a9f1b5e.OPERATION#ForkJoinPool-362-worker-2#
[BuildContentDeploymentConfigurationStep] Getting service key "uaa_bookscapm-key" for service instance "bookscapm-xsuaa-service"...#
#2026 08 19 14:52:58.101#Z#DEBUG#9f2bc722-9bdd-11f1-b06d-eeee0a9f1b5e.OPERATION#ForkJoinPool-362-worker-3#
[BuildContentDeploymentConfigurationStep] Getting service key "bookscapm_html_repo_host-key" for service instance "bookscapm-html5-app-host-service"...#
#2026 08 19 14:52:58.280#Z#INFO#9f2bc722-9bdd-11f1-b06d-eeee0a9f1b5e.OPERATION#ForkJoinPool-362-worker-2#
[BuildContentDeploymentConfigurationStep] Service key "uaa_bookscapm-key" for service "bookscapm-xsuaa-service" already exists#
#2026 08 19 14:52:58.289#Z#INFO#9f2bc722-9bdd-11f1-b06d-eeee0a9f1b5e.OPERATION#ForkJoinPool-362-worker-3#
[BuildContentDeploymentConfigurationStep] Service key "bookscapm_html_repo_host-key" for service "bookscapm-html5-app-host-service" already exists#
#2026 08 19 14:52:58.289#Z#INFO#9f2bc722-9bdd-11f1-b06d-eeee0a9f1b5e.OPERATION#ForkJoinPool-362-worker-1#
[BuildContentDeploymentConfigurationStep] Service key "bookscapm-destination-content-bookscapm-destination-service-credentials" for service "bookscapm-destination-service" already exists#
#2026 08 19 14:52:58.302#Z#DEBUG#9f2bc722-9bdd-11f1-b06d-eeee0a9f1b5e.OPERATION#flowable-async-job-executor-thread-19602#
Step "Build Content Deployment Configuration" finished#
#2026 08 19 14:52:58.216#Z#DEBUG#9f2bc722-9bdd-11f1-b06d-eeee0a9f1b5e.OPERATION#flowable-async-job-executor-thread-22306#
[CheckServiceBindingOperationStep] Executing task "checkForServiceBindingOperationInProgress" of process "aadb1cce-9bdd-11f1-b06d-eeee0a9f1b5e"...#
#2026 08 19 14:52:58.216#Z#DEBUG#9f2bc722-9bdd-11f1-b06d-eeee0a9f1b5e.OPERATION#flowable-async-job-executor-thread-22306#
[CheckServiceBindingOperationStep] Checking for service binding operation in progress between app "bookscapm-srv" and service instance "bookscapm-db"#
#2026 08 19 14:52:58.217#Z#DEBUG#9f2bc722-9bdd-11f1-b06d-eeee0a9f1b5e.OPERATION#flowable-async-job-executor-thread-22306#
[CheckServiceBindingOperationStep] Getting application guid "bookscapm-srv"...#
#2026 08 19 14:52:58.248#Z#DEBUG#9f2bc722-9bdd-11f1-b06d-eeee0a9f1b5e.OPERATION#flowable-async-job-executor-thread-22306#
[CheckServiceBindingOperationStep] Getting GUID of required service instance "bookscapm-db"...#
#2026 08 19 14:52:58.282#Z#DEBUG#9f2bc722-9bdd-11f1-b06d-eeee0a9f1b5e.OPERATION#flowable-async-job-executor-thread-22306#
[CheckServiceBindingOperationStep] Getting binding of service instance "24df4fe9-e67b-4d75-a6ed-b547dc8c357e" with application "e4fbc9e0-0224-4a88-a46f-eef717330b07"...#
#2026 08 19 14:52:58.309#Z#DEBUG#9f2bc722-9bdd-11f1-b06d-eeee0a9f1b5e.OPERATION#flowable-async-job-executor-thread-22306#
[CheckServiceBindingOperationStep] Service binding operation "17ba43fd-0707-4861-bbef-985538df8bb3" with type "create" is in state "succeeded"#
#2026 08 19 14:52:58.309#Z#DEBUG#9f2bc722-9bdd-11f1-b06d-eeee0a9f1b5e.OPERATION#flowable-async-job-executor-thread-22306#
Step "Check For Service Binding Operation In Progress" finished#
#2026 08 19 14:52:58.087#Z#DEBUG#9f2bc722-9bdd-11f1-b06d-eeee0a9f1b5e.OPERATION#flowable-async-job-executor-thread-19595#
[CreateOrUpdateAppStep] Executing task "createAppTask" of process "aaa651f1-9bdd-11f1-82d4-eeee0a815ff2"...#
#2026 08 19 14:52:58.098#Z#DEBUG#9f2bc722-9bdd-11f1-b06d-eeee0a9f1b5e.OPERATION#flowable-async-job-executor-thread-19595#
[CreateOrUpdateAppStep] Getting application "bookscapm-db-deployer"...#
#2026 08 19 14:52:58.131#Z#INFO#9f2bc722-9bdd-11f1-b06d-eeee0a9f1b5e.OPERATION#flowable-async-job-executor-thread-19595#
[CreateOrUpdateAppStep] Updating application "bookscapm-db-deployer"...#
#2026 08 19 14:52:58.147#Z#DEBUG#9f2bc722-9bdd-11f1-b06d-eeee0a9f1b5e.OPERATION#flowable-async-job-executor-thread-19595#
[CreateOrUpdateAppStep] Getting process for application "eed2b67a-83f4-424b-8876-9856be729ff6"...#
#2026 08 19 14:52:58.189#Z#DEBUG#9f2bc722-9bdd-11f1-b06d-eeee0a9f1b5e.OPERATION#flowable-async-job-executor-thread-19595#
[CreateOrUpdateAppStep] Getting routes for application "eed2b67a-83f4-424b-8876-9856be729ff6"...#
#2026 08 19 14:52:58.213#Z#DEBUG#9f2bc722-9bdd-11f1-b06d-eeee0a9f1b5e.OPERATION#flowable-async-job-executor-thread-19595#
[CreateOrUpdateAppStep] Getting features for application "eed2b67a-83f4-424b-8876-9856be729ff6"#
#2026 08 19 14:52:58.240#Z#DEBUG#9f2bc722-9bdd-11f1-b06d-eeee0a9f1b5e.OPERATION#flowable-async-job-executor-thread-19595#
[CreateOrUpdateAppStep] Updating staging of application "bookscapm-db-deployer" to: {
  "buildpacks" : [ "nodejs_buildpack" ],
  "healthCheckType" : "port",
  "appFeatures" : { }
}#
#2026 08 19 14:52:58.435#Z#DEBUG#9f2bc722-9bdd-11f1-b06d-eeee0a9f1b5e.OPERATION#flowable-async-job-executor-thread-19595#
[CreateOrUpdateAppStep] Application "bookscapm-db-deployer" updated#
#2026 08 19 14:52:58.435#Z#DEBUG#9f2bc722-9bdd-11f1-b06d-eeee0a9f1b5e.OPERATION#flowable-async-job-executor-thread-19595#
[CreateOrUpdateAppStep] Getting environment of application "eed2b67a-83f4-424b-8876-9856be729ff6"...#
#2026 08 19 14:52:58.497#Z#DEBUG#9f2bc722-9bdd-11f1-b06d-eeee0a9f1b5e.OPERATION#flowable-async-job-executor-thread-19595#
[CreateOrUpdateAppStep] Application "bookscapm-db-deployer" updated#
#2026 08 19 14:52:58.497#Z#DEBUG#9f2bc722-9bdd-11f1-b06d-eeee0a9f1b5e.OPERATION#flowable-async-job-executor-thread-19595#
Step "Create App" finished#
#2026 08 19 14:52:58.308#Z#DEBUG#9f2bc722-9bdd-11f1-b06d-eeee0a9f1b5e.OPERATION#flowable-async-job-executor-thread-19602#
[CreateContentDeployClientConfigurationStep] Executing task "createContentDeployClientConfigurationTask" of process "aaeef280-9bdd-11f1-82d4-eeee0a815ff2"...#
#2026 08 19 14:52:58.308#Z#DEBUG#9f2bc722-9bdd-11f1-b06d-eeee0a9f1b5e.OPERATION#flowable-async-job-executor-thread-19602#
[CreateContentDeployClientConfigurationStep] Content deployer client configuration: {
  "contentDeployerUrl" : "https://destination-configuration.cfapps.us10.hana.ondemand.com/destination-configuration/gacd",
  "uaaClientConfiguration" : {
    "url" : "********",
    "credentials" : "********",
    "authenticationStrategyType" : "********"
  },
  "httpRequestHeaders" : {
    "X-CorrelationID" : "9f2bc722-9bdd-11f1-b06d-eeee0a9f1b5e"
  },
  "spaceId" : "5d8a2d66-1cdf-4f95-ae67-ef9fb5cde8d1",
  "serviceName" : "bookscapm-destination-service"
}#
#2026 08 19 14:52:58.512#Z#DEBUG#9f2bc722-9bdd-11f1-b06d-eeee0a9f1b5e.OPERATION#flowable-async-job-executor-thread-19602#
Step "Create Content Deploy Client Configuration" finished#
#2026 08 19 14:52:58.514#Z#DEBUG#9f2bc722-9bdd-11f1-b06d-eeee0a9f1b5e.OPERATION#flowable-async-job-executor-thread-19602#
[GetContentFromDeploymentDescriptorStep] Executing task "getContentFromDeploymentDescriptorTask" of process "aaeef280-9bdd-11f1-82d4-eeee0a815ff2"...#
#2026 08 19 14:52:58.514#Z#DEBUG#9f2bc722-9bdd-11f1-b06d-eeee0a9f1b5e.OPERATION#flowable-async-job-executor-thread-19602#
[GetContentFromDeploymentDescriptorStep] Content for module: "bookscapm-destination-content" is: "{
  "id" : "0b48b878-7af4-4947-930b-a231f11245eb",
  "contentType" : "EMBEDDED",
  "content" : {
    "instance" : {
      "destinations" : [ {
        "Name" : "bookscapmapplicationrouter_bookscapm_html_repo_host",
        "ServiceInstanceName" : "bookscapm-html5-app-host-service",
        "ServiceKeyName" : "********",
        "sap.cloud.service" : "bookscapmapplicationrouter"
      }, {
        "Authentication" : "********",
        "Name" : "bookscapmapplicationrouter_uaa_bookscapm",
        "ServiceInstanceName" : "bookscapm-xsuaa-service",
        "ServiceKeyName" : "********",
        "sap.cloud.service" : "bookscapmapplicationrouter"
      } ],
      "existing_destinations_policy" : "ignore"
    }
  }
}"#
#2026 08 19 14:52:58.514#Z#DEBUG#9f2bc722-9bdd-11f1-b06d-eeee0a9f1b5e.OPERATION#flowable-async-job-executor-thread-19602#
Step "Get Content From Deployment Descriptor" finished#
#2026 08 19 14:52:58.349#Z#DEBUG#9f2bc722-9bdd-11f1-b06d-eeee0a9f1b5e.OPERATION#flowable-async-job-executor-thread-22306#
[DetermineApplicationServiceBindingActionsStep] Executing task "determineApplicationServiceBindingActionsTask" of process "aadb1cce-9bdd-11f1-b06d-eeee0a9f1b5e"...#
#2026 08 19 14:52:58.351#Z#DEBUG#9f2bc722-9bdd-11f1-b06d-eeee0a9f1b5e.OPERATION#flowable-async-job-executor-thread-22306#
[DetermineApplicationServiceBindingActionsStep] Determine bind/unbind operations of application "bookscapm-srv" to service instance "bookscapm-db"#
#2026 08 19 14:52:58.351#Z#DEBUG#9f2bc722-9bdd-11f1-b06d-eeee0a9f1b5e.OPERATION#flowable-async-job-executor-thread-22306#
[DetermineApplicationServiceBindingActionsStep] Getting application "bookscapm-srv"...#
#2026 08 19 14:52:58.384#Z#DEBUG#9f2bc722-9bdd-11f1-b06d-eeee0a9f1b5e.OPERATION#flowable-async-job-executor-thread-22306#
[DetermineApplicationServiceBindingActionsStep] Binding parameters for application "bookscapm-srv": { }#
#2026 08 19 14:52:58.417#Z#DEBUG#9f2bc722-9bdd-11f1-b06d-eeee0a9f1b5e.OPERATION#flowable-async-job-executor-thread-22306#
[DetermineApplicationServiceBindingActionsStep] Check should rebind application "bookscapm-srv" and service instance "bookscapm-db"#
#2026 08 19 14:52:58.417#Z#DEBUG#9f2bc722-9bdd-11f1-b06d-eeee0a9f1b5e.OPERATION#flowable-async-job-executor-thread-22306#
[DetermineApplicationServiceBindingActionsStep] Getting GUID of required service instance "bookscapm-db"...#
#2026 08 19 14:52:58.445#Z#DEBUG#9f2bc722-9bdd-11f1-b06d-eeee0a9f1b5e.OPERATION#flowable-async-job-executor-thread-22306#
[DetermineApplicationServiceBindingActionsStep] Getting binding of service instance "24df4fe9-e67b-4d75-a6ed-b547dc8c357e" with application "e4fbc9e0-0224-4a88-a46f-eef717330b07"...#
#2026 08 19 14:52:58.478#Z#DEBUG#9f2bc722-9bdd-11f1-b06d-eeee0a9f1b5e.OPERATION#flowable-async-job-executor-thread-22306#
[DetermineApplicationServiceBindingActionsStep] Getting parameters of service binding "17ba43fd-0707-4861-bbef-985538df8bb3"...#
#2026 08 19 14:52:58.641#Z#INFO#9f2bc722-9bdd-11f1-b06d-eeee0a9f1b5e.OPERATION#flowable-async-job-executor-thread-22306#
[DetermineApplicationServiceBindingActionsStep] Service instance "bookscapm-db" will not be rebound to application "bookscapm-srv" because the binding parameters are not modified#
#2026 08 19 14:52:58.646#Z#DEBUG#9f2bc722-9bdd-11f1-b06d-eeee0a9f1b5e.OPERATION#flowable-async-job-executor-thread-22306#
[DetermineApplicationServiceBindingActionsStep] Calculated binding operations between application "bookscapm-srv" and service instance "bookscapm-db": unbind - false bind - false#
#2026 08 19 14:52:58.646#Z#DEBUG#9f2bc722-9bdd-11f1-b06d-eeee0a9f1b5e.OPERATION#flowable-async-job-executor-thread-22306#
Step "Determine Application Service Binding Actions" finished#
#2026 08 19 14:52:58.592#Z#DEBUG#9f2bc722-9bdd-11f1-b06d-eeee0a9f1b5e.OPERATION#flowable-async-job-executor-thread-19595#
[CheckServiceBindingOperationStep] Executing task "checkForServiceBindingOperationInProgress" of process "ab1454c6-9bdd-11f1-82d4-eeee0a815ff2"...#
#2026 08 19 14:52:58.592#Z#DEBUG#9f2bc722-9bdd-11f1-b06d-eeee0a9f1b5e.OPERATION#flowable-async-job-executor-thread-19595#
[CheckServiceBindingOperationStep] Checking for service binding operation in progress between app "bookscapm-db-deployer" and service instance "bookscapm-db"#
#2026 08 19 14:52:58.593#Z#DEBUG#9f2bc722-9bdd-11f1-b06d-eeee0a9f1b5e.OPERATION#flowable-async-job-executor-thread-19595#
[CheckServiceBindingOperationStep] Getting application guid "bookscapm-db-deployer"...#
#2026 08 19 14:52:58.625#Z#DEBUG#9f2bc722-9bdd-11f1-b06d-eeee0a9f1b5e.OPERATION#flowable-async-job-executor-thread-19595#
[CheckServiceBindingOperationStep] Getting GUID of required service instance "bookscapm-db"...#
#2026 08 19 14:52:58.662#Z#DEBUG#9f2bc722-9bdd-11f1-b06d-eeee0a9f1b5e.OPERATION#flowable-async-job-executor-thread-19595#
[CheckServiceBindingOperationStep] Getting binding of service instance "24df4fe9-e67b-4d75-a6ed-b547dc8c357e" with application "eed2b67a-83f4-424b-8876-9856be729ff6"...#
#2026 08 19 14:52:58.690#Z#DEBUG#9f2bc722-9bdd-11f1-b06d-eeee0a9f1b5e.OPERATION#flowable-async-job-executor-thread-19595#
[CheckServiceBindingOperationStep] Service binding operation "5af6aaab-bbec-4e44-a6ce-6388379a37a6" with type "create" is in state "succeeded"#
#2026 08 19 14:52:58.690#Z#DEBUG#9f2bc722-9bdd-11f1-b06d-eeee0a9f1b5e.OPERATION#flowable-async-job-executor-thread-19595#
Step "Check For Service Binding Operation In Progress" finished#
#2026 08 19 14:52:58.516#Z#DEBUG#9f2bc722-9bdd-11f1-b06d-eeee0a9f1b5e.OPERATION#flowable-async-job-executor-thread-19602#
[SynchronousContentDeployStep] Executing task "synchronousContentDeployTask" of process "aaeef280-9bdd-11f1-82d4-eeee0a815ff2"...#
#2026 08 19 14:52:58.516#Z#INFO#9f2bc722-9bdd-11f1-b06d-eeee0a9f1b5e.OPERATION#flowable-async-job-executor-thread-19602#
[SynchronousContentDeployStep] Deploying content module "bookscapm-destination-content" in target service "bookscapm-destination-service"...#
#2026 08 19 14:52:58.648#Z#DEBUG#9f2bc722-9bdd-11f1-b06d-eeee0a9f1b5e.OPERATION#flowable-async-job-executor-thread-19602#
[SynchronousContentDeployStep] Processing inline content upload for module: bookscapm-destination-content#
#2026 08 19 14:52:58.964#Z#DEBUG#9f2bc722-9bdd-11f1-b06d-eeee0a9f1b5e.OPERATION#flowable-async-job-executor-thread-19602#
Step "Synchronous Deploy" finished#
#2026 08 19 14:52:58.722#Z#DEBUG#9f2bc722-9bdd-11f1-b06d-eeee0a9f1b5e.OPERATION#flowable-async-job-executor-thread-19595#
[DetermineApplicationServiceBindingActionsStep] Executing task "determineApplicationServiceBindingActionsTask" of process "ab1454c6-9bdd-11f1-82d4-eeee0a815ff2"...#
#2026 08 19 14:52:58.725#Z#DEBUG#9f2bc722-9bdd-11f1-b06d-eeee0a9f1b5e.OPERATION#flowable-async-job-executor-thread-19595#
[DetermineApplicationServiceBindingActionsStep] Determine bind/unbind operations of application "bookscapm-db-deployer" to service instance "bookscapm-db"#
#2026 08 19 14:52:58.725#Z#DEBUG#9f2bc722-9bdd-11f1-b06d-eeee0a9f1b5e.OPERATION#flowable-async-job-executor-thread-19595#
[DetermineApplicationServiceBindingActionsStep] Getting application "bookscapm-db-deployer"...#
#2026 08 19 14:52:58.759#Z#DEBUG#9f2bc722-9bdd-11f1-b06d-eeee0a9f1b5e.OPERATION#flowable-async-job-executor-thread-19595#
[DetermineApplicationServiceBindingActionsStep] Binding parameters for application "bookscapm-db-deployer": { }#
#2026 08 19 14:52:58.790#Z#DEBUG#9f2bc722-9bdd-11f1-b06d-eeee0a9f1b5e.OPERATION#flowable-async-job-executor-thread-19595#
[DetermineApplicationServiceBindingActionsStep] Check should rebind application "bookscapm-db-deployer" and service instance "bookscapm-db"#
#2026 08 19 14:52:58.790#Z#DEBUG#9f2bc722-9bdd-11f1-b06d-eeee0a9f1b5e.OPERATION#flowable-async-job-executor-thread-19595#
[DetermineApplicationServiceBindingActionsStep] Getting GUID of required service instance "bookscapm-db"...#
#2026 08 19 14:52:58.841#Z#DEBUG#9f2bc722-9bdd-11f1-b06d-eeee0a9f1b5e.OPERATION#flowable-async-job-executor-thread-19595#
[DetermineApplicationServiceBindingActionsStep] Getting binding of service instance "24df4fe9-e67b-4d75-a6ed-b547dc8c357e" with application "eed2b67a-83f4-424b-8876-9856be729ff6"...#
#2026 08 19 14:52:58.873#Z#DEBUG#9f2bc722-9bdd-11f1-b06d-eeee0a9f1b5e.OPERATION#flowable-async-job-executor-thread-19595#
[DetermineApplicationServiceBindingActionsStep] Getting parameters of service binding "5af6aaab-bbec-4e44-a6ce-6388379a37a6"...#
#2026 08 19 14:52:59.067#Z#INFO#9f2bc722-9bdd-11f1-b06d-eeee0a9f1b5e.OPERATION#flowable-async-job-executor-thread-19595#
[DetermineApplicationServiceBindingActionsStep] Service instance "bookscapm-db" will not be rebound to application "bookscapm-db-deployer" because the binding parameters are not modified#
#2026 08 19 14:52:59.081#Z#DEBUG#9f2bc722-9bdd-11f1-b06d-eeee0a9f1b5e.OPERATION#flowable-async-job-executor-thread-19595#
[DetermineApplicationServiceBindingActionsStep] Calculated binding operations between application "bookscapm-db-deployer" and service instance "bookscapm-db": unbind - false bind - false#
#2026 08 19 14:52:59.081#Z#DEBUG#9f2bc722-9bdd-11f1-b06d-eeee0a9f1b5e.OPERATION#flowable-async-job-executor-thread-19595#
Step "Determine Application Service Binding Actions" finished#
#2026 08 19 14:52:59.233#Z#DEBUG#9f2bc722-9bdd-11f1-b06d-eeee0a9f1b5e.OPERATION#flowable-async-job-executor-thread-19595#
[DetermineVcapServicesPropertiesChangedStep] Executing task "determineVcapServicesPropertiesChangedTask" of process "ab747663-9bdd-11f1-82d4-eeee0a815ff2"...#
#2026 08 19 14:52:59.235#Z#DEBUG#9f2bc722-9bdd-11f1-b06d-eeee0a9f1b5e.OPERATION#flowable-async-job-executor-thread-19595#
[DetermineVcapServicesPropertiesChangedStep] VCAP_SERVICES properties for application "bookscapm-db-deployer" changed: false#
#2026 08 19 14:52:59.235#Z#DEBUG#9f2bc722-9bdd-11f1-b06d-eeee0a9f1b5e.OPERATION#flowable-async-job-executor-thread-19595#
Step "Determine vcap services properties changed" finished#
#2026 08 19 14:52:59.269#Z#DEBUG#9f2bc722-9bdd-11f1-b06d-eeee0a9f1b5e.OPERATION#flowable-async-job-executor-thread-19595#
[UploadAppStep] Executing task "uploadAppTask" of process "ab747663-9bdd-11f1-82d4-eeee0a815ff2"...#
#2026 08 19 14:52:59.272#Z#DEBUG#9f2bc722-9bdd-11f1-b06d-eeee0a9f1b5e.OPERATION#flowable-async-job-executor-thread-19595#
[UploadAppStep] Application upload timeout is default one: 3,600 seconds#
#2026 08 19 14:52:59.272#Z#INFO#9f2bc722-9bdd-11f1-b06d-eeee0a9f1b5e.OPERATION#flowable-async-job-executor-thread-19595#
[UploadAppStep] Uploading application "bookscapm-db-deployer"...#
#2026 08 19 14:52:59.278#Z#DEBUG#9f2bc722-9bdd-11f1-b06d-eeee0a9f1b5e.OPERATION#flowable-async-job-executor-thread-19595#
[UploadAppStep] Getting application "bookscapm-db-deployer"...#
#2026 08 19 14:52:59.313#Z#DEBUG#9f2bc722-9bdd-11f1-b06d-eeee0a9f1b5e.OPERATION#flowable-async-job-executor-thread-19595#
[UploadAppStep] Getting environment of application "eed2b67a-83f4-424b-8876-9856be729ff6"...#
#2026 08 19 14:52:59.351#Z#INFO#9f2bc722-9bdd-11f1-b06d-eeee0a9f1b5e.OPERATION#flowable-async-job-executor-thread-19595#
[UploadAppStep] Calculating application digest: "bookscapm-db-deployer"#
#2026 08 19 14:52:59.417#Z#DEBUG#9f2bc722-9bdd-11f1-b06d-eeee0a9f1b5e.OPERATION#flowable-async-job-executor-thread-19595#
[UploadAppStep] Getting packages for application: "eed2b67a-83f4-424b-8876-9856be729ff6"#
#2026 08 19 14:52:59.451#Z#DEBUG#9f2bc722-9bdd-11f1-b06d-eeee0a9f1b5e.OPERATION#flowable-async-job-executor-thread-19595#
[UploadAppStep] Getting the current droplet for application: "eed2b67a-83f4-424b-8876-9856be729ff6"#
#2026 08 19 14:52:59.479#Z#DEBUG#9f2bc722-9bdd-11f1-b06d-eeee0a9f1b5e.OPERATION#flowable-async-job-executor-thread-19595#
[UploadAppStep] Getting package by id: "280d851e-5b1a-4a55-bb86-db92ff127adb"#
#2026 08 19 14:52:59.502#Z#DEBUG#9f2bc722-9bdd-11f1-b06d-eeee0a9f1b5e.OPERATION#flowable-async-job-executor-thread-19595#
[UploadAppStep] Getting builds for application "eed2b67a-83f4-424b-8876-9856be729ff6"...#
#2026 08 19 14:52:59.557#Z#DEBUG#9f2bc722-9bdd-11f1-b06d-eeee0a9f1b5e.OPERATION#flowable-async-job-executor-thread-19595#
[UploadAppStep] Getting the current droplet for application: "eed2b67a-83f4-424b-8876-9856be729ff6"#
#2026 08 19 14:52:59.584#Z#INFO#9f2bc722-9bdd-11f1-b06d-eeee0a9f1b5e.OPERATION#flowable-async-job-executor-thread-19595#
[UploadAppStep] Content of application "bookscapm-db-deployer" is not changed - upload will be skipped.#
#2026 08 19 14:52:59.589#Z#DEBUG#9f2bc722-9bdd-11f1-b06d-eeee0a9f1b5e.OPERATION#flowable-async-job-executor-thread-19595#
Step "Upload App" finished#
#2026 08 19 14:52:59.625#Z#DEBUG#9f2bc722-9bdd-11f1-b06d-eeee0a9f1b5e.OPERATION#flowable-async-job-executor-thread-19595#
[ScaleAppStep] Executing task "scaleAppTask" of process "ab747663-9bdd-11f1-82d4-eeee0a815ff2"...#
#2026 08 19 14:52:59.627#Z#DEBUG#9f2bc722-9bdd-11f1-b06d-eeee0a9f1b5e.OPERATION#flowable-async-job-executor-thread-19595#
[ScaleAppStep] Scaling application "bookscapm-db-deployer"...#
#2026 08 19 14:52:59.627#Z#DEBUG#9f2bc722-9bdd-11f1-b06d-eeee0a9f1b5e.OPERATION#flowable-async-job-executor-thread-19595#
[ScaleAppStep] Getting application guid "bookscapm-db-deployer"...#
#2026 08 19 14:52:59.656#Z#DEBUG#9f2bc722-9bdd-11f1-b06d-eeee0a9f1b5e.OPERATION#flowable-async-job-executor-thread-19595#
[ScaleAppStep] Getting process for application "eed2b67a-83f4-424b-8876-9856be729ff6"...#
#2026 08 19 14:52:59.689#Z#DEBUG#9f2bc722-9bdd-11f1-b06d-eeee0a9f1b5e.OPERATION#flowable-async-job-executor-thread-19595#
[ScaleAppStep] Application "bookscapm-db-deployer" scaled#
#2026 08 19 14:52:59.689#Z#DEBUG#9f2bc722-9bdd-11f1-b06d-eeee0a9f1b5e.OPERATION#flowable-async-job-executor-thread-19595#
Step "Scale App" finished#
#2026 08 19 14:52:59.718#Z#DEBUG#9f2bc722-9bdd-11f1-b06d-eeee0a9f1b5e.OPERATION#flowable-async-job-executor-thread-19595#
[DetermineDesiredStateAchievingActionsStep] Executing task "determineDesiredStateAchievingActionsTask" of process "ab747663-9bdd-11f1-82d4-eeee0a815ff2"...#
#2026 08 19 14:52:59.719#Z#DEBUG#9f2bc722-9bdd-11f1-b06d-eeee0a9f1b5e.OPERATION#flowable-async-job-executor-thread-19595#
[DetermineDesiredStateAchievingActionsStep] Getting application "bookscapm-db-deployer"...#
#2026 08 19 14:52:59.748#Z#DEBUG#9f2bc722-9bdd-11f1-b06d-eeee0a9f1b5e.OPERATION#flowable-async-job-executor-thread-19595#
[DetermineDesiredStateAchievingActionsStep] Getting instances for application "bookscapm-db-deployer"...#
#2026 08 19 14:52:59.748#Z#DEBUG#9f2bc722-9bdd-11f1-b06d-eeee0a9f1b5e.OPERATION#flowable-async-job-executor-thread-19595#
[DetermineDesiredStateAchievingActionsStep] Getting environment of application "eed2b67a-83f4-424b-8876-9856be729ff6"...#
#2026 08 19 14:52:59.783#Z#DEBUG#9f2bc722-9bdd-11f1-b06d-eeee0a9f1b5e.OPERATION#flowable-async-job-executor-thread-19595#
[DetermineDesiredStateAchievingActionsStep] Current state of application bookscapm-db-deployer: STOPPED#
#2026 08 19 14:52:59.783#Z#DEBUG#9f2bc722-9bdd-11f1-b06d-eeee0a9f1b5e.OPERATION#flowable-async-job-executor-thread-19595#
[DetermineDesiredStateAchievingActionsStep] Desired state of application bookscapm-db-deployer: STOPPED#
#2026 08 19 14:52:59.783#Z#DEBUG#9f2bc722-9bdd-11f1-b06d-eeee0a9f1b5e.OPERATION#flowable-async-job-executor-thread-19595#
[DetermineDesiredStateAchievingActionsStep] Actions that should be executed on application bookscapm-db-deployer: [STAGE]#
#2026 08 19 14:52:59.783#Z#DEBUG#9f2bc722-9bdd-11f1-b06d-eeee0a9f1b5e.OPERATION#flowable-async-job-executor-thread-19595#
Step "Determine Desired State Achieving Actions" finished#
#2026 08 19 14:52:59.818#Z#DEBUG#9f2bc722-9bdd-11f1-b06d-eeee0a9f1b5e.OPERATION#flowable-async-job-executor-thread-19595#
[StageAppStep] Executing task "stageAppTask" of process "ab747663-9bdd-11f1-82d4-eeee0a815ff2"...#
#2026 08 19 14:52:59.819#Z#DEBUG#9f2bc722-9bdd-11f1-b06d-eeee0a9f1b5e.OPERATION#flowable-async-job-executor-thread-19595#
[StageAppStep] Application stage timeout is default one: 3,600 seconds#
#2026 08 19 14:52:59.821#Z#DEBUG#9f2bc722-9bdd-11f1-b06d-eeee0a9f1b5e.OPERATION#flowable-async-job-executor-thread-19595#
Step "Stage App" finished#
#2026 08 19 14:52:59.896#Z#DEBUG#9f2bc722-9bdd-11f1-b06d-eeee0a9f1b5e.OPERATION#flowable-async-job-executor-thread-19595#
[PrepareToExecuteTasksStep] Executing task "prepareToExecuteTasksTask" of process "abdbeb0e-9bdd-11f1-82d4-eeee0a815ff2"...#
#2026 08 19 14:52:59.898#Z#DEBUG#9f2bc722-9bdd-11f1-b06d-eeee0a9f1b5e.OPERATION#flowable-async-job-executor-thread-19595#
Step "Prepare To Execute Tasks" finished#
#2026 08 19 14:52:59.926#Z#DEBUG#9f2bc722-9bdd-11f1-b06d-eeee0a9f1b5e.OPERATION#flowable-async-job-executor-thread-19595#
[ExecuteTaskStep] Executing task "executeTaskTask" of process "abdbeb0e-9bdd-11f1-82d4-eeee0a815ff2"...#
#2026 08 19 14:52:59.928#Z#DEBUG#9f2bc722-9bdd-11f1-b06d-eeee0a9f1b5e.OPERATION#flowable-async-job-executor-thread-19595#
[ExecuteTaskStep] Application task execution timeout is default one: 43,200 seconds#
#2026 08 19 14:52:59.930#Z#INFO#9f2bc722-9bdd-11f1-b06d-eeee0a9f1b5e.OPERATION#flowable-async-job-executor-thread-19595#
[ExecuteTaskStep] Executing task "deploy" on application "bookscapm-db-deployer"...#
#2026 08 19 14:52:59.934#Z#DEBUG#9f2bc722-9bdd-11f1-b06d-eeee0a9f1b5e.OPERATION#flowable-async-job-executor-thread-19595#
[ExecuteTaskStep] Running task on application "bookscapm-db-deployer": {
  "name" : "deploy",
  "command" : "npm start",
  "limits" : {
    "memory" : 256
  }
}#
#2026 08 19 14:53:00.238#Z#DEBUG#9f2bc722-9bdd-11f1-b06d-eeee0a9f1b5e.OPERATION#flowable-async-job-executor-thread-19595#
Step "Execute Task" finished#
#2026 08 19 14:53:00.957#Z#DEBUG#9f2bc722-9bdd-11f1-b06d-eeee0a9f1b5e.OPERATION#flowable-async-job-executor-thread-22963#
[CheckServiceBindingOperationStep] Executing task "checkForServiceBindingOperationInProgress" of process "ac739748-9bdd-11f1-b81c-eeee0a948f8f"...#
#2026 08 19 14:53:00.957#Z#DEBUG#9f2bc722-9bdd-11f1-b06d-eeee0a9f1b5e.OPERATION#flowable-async-job-executor-thread-22963#
[CheckServiceBindingOperationStep] Checking for service binding operation in progress between app "bookscapm-srv" and service instance "bookscapm-xsuaa-service"#
#2026 08 19 14:53:00.959#Z#DEBUG#9f2bc722-9bdd-11f1-b06d-eeee0a9f1b5e.OPERATION#flowable-async-job-executor-thread-22963#
[CheckServiceBindingOperationStep] Getting application guid "bookscapm-srv"...#
#2026 08 19 14:53:00.996#Z#DEBUG#9f2bc722-9bdd-11f1-b06d-eeee0a9f1b5e.OPERATION#flowable-async-job-executor-thread-22963#
[CheckServiceBindingOperationStep] Getting GUID of required service instance "bookscapm-xsuaa-service"...#
#2026 08 19 14:53:01.032#Z#DEBUG#9f2bc722-9bdd-11f1-b06d-eeee0a9f1b5e.OPERATION#flowable-async-job-executor-thread-22963#
[CheckServiceBindingOperationStep] Getting binding of service instance "651b5a33-914f-4737-b7bd-350a7a9d2a6d" with application "e4fbc9e0-0224-4a88-a46f-eef717330b07"...#
#2026 08 19 14:53:01.076#Z#DEBUG#9f2bc722-9bdd-11f1-b06d-eeee0a9f1b5e.OPERATION#flowable-async-job-executor-thread-22963#
[CheckServiceBindingOperationStep] Service binding operation "68780bef-272a-4e87-acbc-931369cc255c" with type "create" is in state "succeeded"#
#2026 08 19 14:53:01.076#Z#DEBUG#9f2bc722-9bdd-11f1-b06d-eeee0a9f1b5e.OPERATION#flowable-async-job-executor-thread-22963#
Step "Check For Service Binding Operation In Progress" finished#
#2026 08 19 14:53:01.070#Z#DEBUG#9f2bc722-9bdd-11f1-b06d-eeee0a9f1b5e.OPERATION#flowable-async-job-executor-thread-22960#
[BuildContentDeploymentConfigurationStep] Executing task "buildContentDeploymentConfigurationTask" of process "ac84873d-9bdd-11f1-b81c-eeee0a948f8f"...#
#2026 08 19 14:53:01.076#Z#DEBUG#9f2bc722-9bdd-11f1-b06d-eeee0a9f1b5e.OPERATION#flowable-async-job-executor-thread-22960#
[BuildContentDeploymentConfigurationStep] Getting service key "bookscapm-app-content-bookscapm_html_repo_host-credentials" for service instance "bookscapm-html5-app-host-service"...#
#2026 08 19 14:53:01.258#Z#INFO#9f2bc722-9bdd-11f1-b06d-eeee0a9f1b5e.OPERATION#flowable-async-job-executor-thread-22960#
[BuildContentDeploymentConfigurationStep] Service key "bookscapm-app-content-bookscapm_html_repo_host-credentials" for service "bookscapm-html5-app-host-service" already exists#
#2026 08 19 14:53:01.263#Z#DEBUG#9f2bc722-9bdd-11f1-b06d-eeee0a9f1b5e.OPERATION#flowable-async-job-executor-thread-22960#
Step "Build Content Deployment Configuration" finished#
#2026 08 19 14:53:01.137#Z#DEBUG#9f2bc722-9bdd-11f1-b06d-eeee0a9f1b5e.OPERATION#flowable-async-job-executor-thread-22963#
[DetermineApplicationServiceBindingActionsStep] Executing task "determineApplicationServiceBindingActionsTask" of process "ac739748-9bdd-11f1-b81c-eeee0a948f8f"...#
#2026 08 19 14:53:01.139#Z#DEBUG#9f2bc722-9bdd-11f1-b06d-eeee0a9f1b5e.OPERATION#flowable-async-job-executor-thread-22963#
[DetermineApplicationServiceBindingActionsStep] Determine bind/unbind operations of application "bookscapm-srv" to service instance "bookscapm-xsuaa-service"#
#2026 08 19 14:53:01.139#Z#DEBUG#9f2bc722-9bdd-11f1-b06d-eeee0a9f1b5e.OPERATION#flowable-async-job-executor-thread-22963#
[DetermineApplicationServiceBindingActionsStep] Getting application "bookscapm-srv"...#
#2026 08 19 14:53:01.174#Z#DEBUG#9f2bc722-9bdd-11f1-b06d-eeee0a9f1b5e.OPERATION#flowable-async-job-executor-thread-22963#
[DetermineApplicationServiceBindingActionsStep] Binding parameters for application "bookscapm-srv": { }#
#2026 08 19 14:53:01.203#Z#DEBUG#9f2bc722-9bdd-11f1-b06d-eeee0a9f1b5e.OPERATION#flowable-async-job-executor-thread-22963#
[DetermineApplicationServiceBindingActionsStep] Check should rebind application "bookscapm-srv" and service instance "bookscapm-xsuaa-service"#
#2026 08 19 14:53:01.203#Z#DEBUG#9f2bc722-9bdd-11f1-b06d-eeee0a9f1b5e.OPERATION#flowable-async-job-executor-thread-22963#
[DetermineApplicationServiceBindingActionsStep] Getting GUID of required service instance "bookscapm-xsuaa-service"...#
#2026 08 19 14:53:01.237#Z#DEBUG#9f2bc722-9bdd-11f1-b06d-eeee0a9f1b5e.OPERATION#flowable-async-job-executor-thread-22963#
[DetermineApplicationServiceBindingActionsStep] Getting binding of service instance "651b5a33-914f-4737-b7bd-350a7a9d2a6d" with application "e4fbc9e0-0224-4a88-a46f-eef717330b07"...#
#2026 08 19 14:53:01.273#Z#DEBUG#9f2bc722-9bdd-11f1-b06d-eeee0a9f1b5e.OPERATION#flowable-async-job-executor-thread-22963#
[DetermineApplicationServiceBindingActionsStep] Getting parameters of service binding "68780bef-272a-4e87-acbc-931369cc255c"...#
#2026 08 19 14:53:01.301#Z#WARN#9f2bc722-9bdd-11f1-b06d-eeee0a9f1b5e.OPERATION#flowable-async-job-executor-thread-22963#
[DetermineApplicationServiceBindingActionsStep] Cannot retrieve parameters of binding between application "bookscapm-srv" and service instance "bookscapm-xsuaa-service"#
#2026 08 19 14:53:01.303#Z#DEBUG#9f2bc722-9bdd-11f1-b06d-eeee0a9f1b5e.OPERATION#flowable-async-job-executor-thread-22963#
[DetermineApplicationServiceBindingActionsStep] Calculated binding operations between application "bookscapm-srv" and service instance "bookscapm-xsuaa-service": unbind - true bind - true#
#2026 08 19 14:53:01.303#Z#DEBUG#9f2bc722-9bdd-11f1-b06d-eeee0a9f1b5e.OPERATION#flowable-async-job-executor-thread-22963#
Step "Determine Application Service Binding Actions" finished#
#2026 08 19 14:53:01.267#Z#DEBUG#9f2bc722-9bdd-11f1-b06d-eeee0a9f1b5e.OPERATION#flowable-async-job-executor-thread-22960#
[CreateContentDeployClientConfigurationStep] Executing task "createContentDeployClientConfigurationTask" of process "acb29b86-9bdd-11f1-b81c-eeee0a948f8f"...#
#2026 08 19 14:53:01.267#Z#DEBUG#9f2bc722-9bdd-11f1-b06d-eeee0a9f1b5e.OPERATION#flowable-async-job-executor-thread-22960#
[CreateContentDeployClientConfigurationStep] Content deployer client configuration: {
  "contentDeployerUrl" : "https://html5-apps-repo-dt.cfapps.us10.hana.ondemand.com",
  "uaaClientConfiguration" : {
    "url" : "********",
    "credentials" : "********",
    "authenticationStrategyType" : "********"
  },
  "httpRequestHeaders" : {
    "X-CorrelationID" : "9f2bc722-9bdd-11f1-b06d-eeee0a9f1b5e"
  },
  "spaceId" : "5d8a2d66-1cdf-4f95-ae67-ef9fb5cde8d1",
  "serviceName" : "bookscapm_html_repo_host"
}#
#2026 08 19 14:53:01.426#Z#DEBUG#9f2bc722-9bdd-11f1-b06d-eeee0a9f1b5e.OPERATION#flowable-async-job-executor-thread-22960#
Step "Create Content Deploy Client Configuration" finished#
#2026 08 19 14:53:01.427#Z#DEBUG#9f2bc722-9bdd-11f1-b06d-eeee0a9f1b5e.OPERATION#flowable-async-job-executor-thread-22960#
[GetContentFromDeploymentDescriptorStep] Executing task "getContentFromDeploymentDescriptorTask" of process "acb29b86-9bdd-11f1-b81c-eeee0a948f8f"...#
#2026 08 19 14:53:01.427#Z#DEBUG#9f2bc722-9bdd-11f1-b06d-eeee0a9f1b5e.OPERATION#flowable-async-job-executor-thread-22960#
Step "Get Content From Deployment Descriptor" finished#
#2026 08 19 14:53:01.348#Z#DEBUG#9f2bc722-9bdd-11f1-b06d-eeee0a9f1b5e.OPERATION#flowable-async-job-executor-thread-22963#
[UnbindServiceFromApplicationStep] Executing task "unbindServiceFromApplicationTask" of process "ac739748-9bdd-11f1-b81c-eeee0a948f8f"...#
#2026 08 19 14:53:01.351#Z#INFO#9f2bc722-9bdd-11f1-b06d-eeee0a9f1b5e.OPERATION#flowable-async-job-executor-thread-22963#
[UnbindServiceFromApplicationStep] Unbinding service instance "bookscapm-xsuaa-service" from application "bookscapm-srv"...#
#2026 08 19 14:53:01.362#Z#DEBUG#9f2bc722-9bdd-11f1-b06d-eeee0a9f1b5e.OPERATION#flowable-async-job-executor-thread-22963#
[UnbindServiceFromApplicationStep] Unbinding application "bookscapm-srv" from service instance "bookscapm-xsuaa-service"...#
#2026 08 19 14:53:01.530#Z#DEBUG#9f2bc722-9bdd-11f1-b06d-eeee0a9f1b5e.OPERATION#flowable-async-job-executor-thread-22963#
Step "Unbind Service from Application" finished#
#2026 08 19 14:53:01.429#Z#DEBUG#9f2bc722-9bdd-11f1-b06d-eeee0a9f1b5e.OPERATION#flowable-async-job-executor-thread-22960#
[UploadContentStep] Executing task "uploadContentTask" of process "acb29b86-9bdd-11f1-b81c-eeee0a948f8f"...#
#2026 08 19 14:53:01.429#Z#INFO#9f2bc722-9bdd-11f1-b06d-eeee0a9f1b5e.OPERATION#flowable-async-job-executor-thread-22960#
[UploadContentStep] Uploading content module "bookscapm-app-content" in target service "bookscapm_html_repo_host"...#
#2026 08 19 14:53:01.434#Z#DEBUG#9f2bc722-9bdd-11f1-b06d-eeee0a9f1b5e.OPERATION#flowable-async-job-executor-thread-22960#
[UploadContentStep] Uploading file "bookscapm-app-content/resources/data.zip" for content module "bookscapm-app-content" in service "bookscapm_html_repo_host"#
#2026 08 19 14:53:01.566#Z#INFO#9f2bc722-9bdd-11f1-b06d-eeee0a9f1b5e.OPERATION#flowable-async-job-executor-thread-22960#
[UploadContentStep] Content to deploy size: 5,145 in bytes#
#2026 08 19 14:53:02.034#Z#DEBUG#9f2bc722-9bdd-11f1-b06d-eeee0a9f1b5e.OPERATION#flowable-async-job-executor-thread-22960#
[UploadContentStep] Uploaded content: {
  "id" : "c07aa57c-1365-4057-9b5a-f46f1dfbd7ae",
  "name" : "content.zip",
  "contentType" : "FILE"
}#
#2026 08 19 14:53:02.034#Z#DEBUG#9f2bc722-9bdd-11f1-b06d-eeee0a9f1b5e.OPERATION#flowable-async-job-executor-thread-22960#
Step "Upload Content" finished#
#2026 08 19 14:53:02.035#Z#DEBUG#9f2bc722-9bdd-11f1-b06d-eeee0a9f1b5e.OPERATION#flowable-async-job-executor-thread-22960#
[StartContentDeployStep] Executing task "startContentDeployTask" of process "acb29b86-9bdd-11f1-b81c-eeee0a948f8f"...#
#2026 08 19 14:53:02.036#Z#INFO#9f2bc722-9bdd-11f1-b06d-eeee0a9f1b5e.OPERATION#flowable-async-job-executor-thread-22960#
[StartContentDeployStep] Deploying content module "bookscapm-app-content" in target service "bookscapm_html_repo_host"...#
#2026 08 19 14:53:02.306#Z#DEBUG#9f2bc722-9bdd-11f1-b06d-eeee0a9f1b5e.OPERATION#flowable-async-job-executor-thread-22960#
Step "Start Content Deploy" finished#
#2026 08 19 14:53:06.878#Z#DEBUG#9f2bc722-9bdd-11f1-b06d-eeee0a9f1b5e.OPERATION#flowable-async-job-executor-thread-22307#
[UnbindServiceFromApplicationStep] Executing task "unbindServiceFromApplicationTask" of process "ac739748-9bdd-11f1-b81c-eeee0a948f8f"...#
#2026 08 19 14:53:06.881#Z#DEBUG#9f2bc722-9bdd-11f1-b06d-eeee0a9f1b5e.OPERATION#flowable-async-job-executor-thread-22307#
[UnbindServiceFromApplicationStep] Getting async job "4e6622d6-09b8-4688-a707-6918aa8448c9"#
#2026 08 19 14:53:06.922#Z#DEBUG#9f2bc722-9bdd-11f1-b06d-eeee0a9f1b5e.OPERATION#flowable-async-job-executor-thread-22307#
[UnbindServiceFromApplicationStep] Getting service instance "bookscapm-xsuaa-service"...#
#2026 08 19 14:53:07.027#Z#DEBUG#9f2bc722-9bdd-11f1-b06d-eeee0a9f1b5e.OPERATION#flowable-async-job-executor-thread-22307#
[UnbindServiceFromApplicationStep] Async service binding operation with id "4e6622d6-09b8-4688-a707-6918aa8448c9" finished#
#2026 08 19 14:53:07.031#Z#DEBUG#9f2bc722-9bdd-11f1-b06d-eeee0a9f1b5e.OPERATION#flowable-async-job-executor-thread-22307#
Step "Unbind Service from Application" finished#
#2026 08 19 14:53:06.942#Z#DEBUG#9f2bc722-9bdd-11f1-b06d-eeee0a9f1b5e.OPERATION#flowable-async-job-executor-thread-22966#
[ExecuteTaskStep] Executing task "executeTaskTask" of process "abdbeb0e-9bdd-11f1-82d4-eeee0a815ff2"...#
#2026 08 19 14:53:06.944#Z#DEBUG#9f2bc722-9bdd-11f1-b06d-eeee0a9f1b5e.OPERATION#flowable-async-job-executor-thread-22966#
[ExecuteTaskStep] Application task execution timeout is default one: 43,200 seconds#
#2026 08 19 14:53:06.947#Z#DEBUG#9f2bc722-9bdd-11f1-b06d-eeee0a9f1b5e.OPERATION#flowable-async-job-executor-thread-22966#
[ExecuteTaskStep] Getting task "c9388669-89e0-4943-b234-796aebe07cfb"...#
#2026 08 19 14:53:06.993#Z#DEBUG#9f2bc722-9bdd-11f1-b06d-eeee0a9f1b5e.OPERATION#flowable-async-job-executor-thread-22966#
[ExecuteTaskStep] Task execution status: running#
#2026 08 19 14:53:06.994#Z#DEBUG#9f2bc722-9bdd-11f1-b06d-eeee0a9f1b5e.OPERATION#flowable-async-job-executor-thread-22966#
[ExecuteTaskStep] Getting application guid "bookscapm-db-deployer"...#
#2026 08 19 14:53:07.096#Z#DEBUG#9f2bc722-9bdd-11f1-b06d-eeee0a9f1b5e.OPERATION#flowable-async-job-executor-thread-22966#
Step "Execute Task" finished#
#2026 08 19 14:53:07.078#Z#DEBUG#9f2bc722-9bdd-11f1-b06d-eeee0a9f1b5e.OPERATION#flowable-async-job-executor-thread-22307#
[BindServiceToApplicationStep] Executing task "bindServiceToApplicationTask" of process "ac739748-9bdd-11f1-b81c-eeee0a948f8f"...#
#2026 08 19 14:53:07.080#Z#INFO#9f2bc722-9bdd-11f1-b06d-eeee0a9f1b5e.OPERATION#flowable-async-job-executor-thread-22307#
[BindServiceToApplicationStep] Binding service instance "bookscapm-xsuaa-service" to application "bookscapm-srv"...#
#2026 08 19 14:53:07.088#Z#DEBUG#9f2bc722-9bdd-11f1-b06d-eeee0a9f1b5e.OPERATION#flowable-async-job-executor-thread-22307#
[BindServiceToApplicationStep] Binding service instance "bookscapm-xsuaa-service" to application "bookscapm-srv" with parameters: { }#
#2026 08 19 14:53:07.208#Z#DEBUG#9f2bc722-9bdd-11f1-b06d-eeee0a9f1b5e.OPERATION#flowable-async-job-executor-thread-22307#
Step "Bind Service to Application" finished#
#2026 08 19 14:53:16.958#Z#DEBUG#9f2bc722-9bdd-11f1-b06d-eeee0a9f1b5e.OPERATION#flowable-async-job-executor-thread-22318#
[ExecuteTaskStep] Executing task "executeTaskTask" of process "abdbeb0e-9bdd-11f1-82d4-eeee0a815ff2"...#
#2026 08 19 14:53:16.961#Z#DEBUG#9f2bc722-9bdd-11f1-b06d-eeee0a9f1b5e.OPERATION#flowable-async-job-executor-thread-22318#
[ExecuteTaskStep] Application task execution timeout is default one: 43,200 seconds#
#2026 08 19 14:53:16.963#Z#DEBUG#9f2bc722-9bdd-11f1-b06d-eeee0a9f1b5e.OPERATION#flowable-async-job-executor-thread-22318#
[ExecuteTaskStep] Getting task "c9388669-89e0-4943-b234-796aebe07cfb"...#
#2026 08 19 14:53:17.002#Z#DEBUG#9f2bc722-9bdd-11f1-b06d-eeee0a9f1b5e.OPERATION#flowable-async-job-executor-thread-22318#
[ExecuteTaskStep] Task execution status: failed#
#2026 08 19 14:53:17.003#Z#DEBUG#9f2bc722-9bdd-11f1-b06d-eeee0a9f1b5e.OPERATION#flowable-async-job-executor-thread-22318#
[ExecuteTaskStep] Getting application guid "bookscapm-db-deployer"...#
#2026 08 19 14:53:17.098#Z#ERROR#9f2bc722-9bdd-11f1-b06d-eeee0a9f1b5e.OPERATION#flowable-async-job-executor-thread-22318#
[ExecuteTaskStep] Execution of task "deploy" on application "bookscapm-db-deployer" failed.#
#2026 08 19 14:53:17.106#Z#INFO#9f2bc722-9bdd-11f1-b06d-eeee0a9f1b5e.OPERATION#flowable-async-job-executor-thread-22318#
[ExecuteTaskStep] Download the MTA operation logs for more details.#
#2026 08 19 14:53:17.112#Z#DEBUG#9f2bc722-9bdd-11f1-b06d-eeee0a9f1b5e.OPERATION#flowable-async-job-executor-thread-22318#
Step "Execute Task" finished#
#2026 08 19 14:53:16.977#Z#DEBUG#9f2bc722-9bdd-11f1-b06d-eeee0a9f1b5e.OPERATION#flowable-async-job-executor-thread-22321#
[BindServiceToApplicationStep] Executing task "bindServiceToApplicationTask" of process "ac739748-9bdd-11f1-b81c-eeee0a948f8f"...#
#2026 08 19 14:53:16.983#Z#DEBUG#9f2bc722-9bdd-11f1-b06d-eeee0a9f1b5e.OPERATION#flowable-async-job-executor-thread-22321#
[BindServiceToApplicationStep] Getting async job "b51772b3-ee53-46da-bb54-0fc378e9ee38"#
#2026 08 19 14:53:17.010#Z#DEBUG#9f2bc722-9bdd-11f1-b06d-eeee0a9f1b5e.OPERATION#flowable-async-job-executor-thread-22321#
[BindServiceToApplicationStep] Getting service instance "bookscapm-xsuaa-service"...#
#2026 08 19 14:53:17.130#Z#DEBUG#9f2bc722-9bdd-11f1-b06d-eeee0a9f1b5e.OPERATION#flowable-async-job-executor-thread-22321#
[BindServiceToApplicationStep] Async service binding operation with id "b51772b3-ee53-46da-bb54-0fc378e9ee38" finished#
#2026 08 19 14:53:17.132#Z#DEBUG#9f2bc722-9bdd-11f1-b06d-eeee0a9f1b5e.OPERATION#flowable-async-job-executor-thread-22321#
Step "Bind Service to Application" finished#
#2026 08 19 14:53:17.314#Z#DEBUG#9f2bc722-9bdd-11f1-b06d-eeee0a9f1b5e.OPERATION#flowable-async-job-executor-thread-22321#
[DetermineVcapServicesPropertiesChangedStep] Executing task "determineVcapServicesPropertiesChangedTask" of process "b638cf4f-9bdd-11f1-b06d-eeee0a9f1b5e"...#
#2026 08 19 14:53:17.316#Z#DEBUG#9f2bc722-9bdd-11f1-b06d-eeee0a9f1b5e.OPERATION#flowable-async-job-executor-thread-22321#
[DetermineVcapServicesPropertiesChangedStep] VCAP_SERVICES properties for application "bookscapm-srv" changed: true#
#2026 08 19 14:53:17.317#Z#DEBUG#9f2bc722-9bdd-11f1-b06d-eeee0a9f1b5e.OPERATION#flowable-async-job-executor-thread-22321#
Step "Determine vcap services properties changed" finished#
#2026 08 19 14:53:16.981#Z#DEBUG#9f2bc722-9bdd-11f1-b06d-eeee0a9f1b5e.OPERATION#flowable-async-job-executor-thread-22973#
[StartContentDeployStep] Executing task "startContentDeployTask" of process "acb29b86-9bdd-11f1-b81c-eeee0a948f8f"...#
#2026 08 19 14:53:16.988#Z#DEBUG#9f2bc722-9bdd-11f1-b06d-eeee0a9f1b5e.OPERATION#flowable-async-job-executor-thread-22973#
[StartContentDeployStep] Checking status of module content deployment "bookscapm-app-content" in service "bookscapm_html_repo_host"...#
#2026 08 19 14:53:17.396#Z#DEBUG#9f2bc722-9bdd-11f1-b06d-eeee0a9f1b5e.OPERATION#flowable-async-job-executor-thread-22973#
[StartContentDeployStep] Deleting content deployment resource "c07aa57c-1365-4057-9b5a-f46f1dfbd7ae"...#
#2026 08 19 14:53:17.439#Z#DEBUG#9f2bc722-9bdd-11f1-b06d-eeee0a9f1b5e.OPERATION#flowable-async-job-executor-thread-22973#
Step "Start Content Deploy" finished#
#2026 08 19 14:53:17.350#Z#DEBUG#9f2bc722-9bdd-11f1-b06d-eeee0a9f1b5e.OPERATION#flowable-async-job-executor-thread-22321#
[UploadAppStep] Executing task "uploadAppTask" of process "b638cf4f-9bdd-11f1-b06d-eeee0a9f1b5e"...#
#2026 08 19 14:53:17.352#Z#DEBUG#9f2bc722-9bdd-11f1-b06d-eeee0a9f1b5e.OPERATION#flowable-async-job-executor-thread-22321#
[UploadAppStep] Application upload timeout is default one: 3,600 seconds#
#2026 08 19 14:53:17.353#Z#INFO#9f2bc722-9bdd-11f1-b06d-eeee0a9f1b5e.OPERATION#flowable-async-job-executor-thread-22321#
[UploadAppStep] Uploading application "bookscapm-srv"...#
#2026 08 19 14:53:17.426#Z#DEBUG#9f2bc722-9bdd-11f1-b06d-eeee0a9f1b5e.OPERATION#flowable-async-job-executor-thread-22321#
[UploadAppStep] Getting application "bookscapm-srv"...#
#2026 08 19 14:53:17.465#Z#DEBUG#9f2bc722-9bdd-11f1-b06d-eeee0a9f1b5e.OPERATION#flowable-async-job-executor-thread-22321#
[UploadAppStep] Getting environment of application "e4fbc9e0-0224-4a88-a46f-eef717330b07"...#
#2026 08 19 14:53:17.500#Z#INFO#9f2bc722-9bdd-11f1-b06d-eeee0a9f1b5e.OPERATION#flowable-async-job-executor-thread-22321#
[UploadAppStep] Calculating application digest: "bookscapm-srv"#
#2026 08 19 14:53:17.560#Z#DEBUG#9f2bc722-9bdd-11f1-b06d-eeee0a9f1b5e.OPERATION#flowable-async-job-executor-thread-22321#
[UploadAppStep] Getting packages for application: "e4fbc9e0-0224-4a88-a46f-eef717330b07"#
#2026 08 19 14:53:17.595#Z#DEBUG#9f2bc722-9bdd-11f1-b06d-eeee0a9f1b5e.OPERATION#flowable-async-job-executor-thread-22321#
[UploadAppStep] Getting the current droplet for application: "e4fbc9e0-0224-4a88-a46f-eef717330b07"#
#2026 08 19 14:53:17.622#Z#DEBUG#9f2bc722-9bdd-11f1-b06d-eeee0a9f1b5e.OPERATION#flowable-async-job-executor-thread-22321#
[UploadAppStep] Getting package by id: "dd18f228-c1d0-423b-a6ca-e0803f279c6f"#
#2026 08 19 14:53:17.649#Z#DEBUG#9f2bc722-9bdd-11f1-b06d-eeee0a9f1b5e.OPERATION#flowable-async-job-executor-thread-22321#
[UploadAppStep] Getting builds for application "e4fbc9e0-0224-4a88-a46f-eef717330b07"...#
#2026 08 19 14:53:17.694#Z#DEBUG#9f2bc722-9bdd-11f1-b06d-eeee0a9f1b5e.OPERATION#flowable-async-job-executor-thread-22321#
[UploadAppStep] Getting the current droplet for application: "e4fbc9e0-0224-4a88-a46f-eef717330b07"#
#2026 08 19 14:53:17.725#Z#INFO#9f2bc722-9bdd-11f1-b06d-eeee0a9f1b5e.OPERATION#flowable-async-job-executor-thread-22321#
[UploadAppStep] Content of application "bookscapm-srv" is not changed - upload will be skipped.#
#2026 08 19 14:53:17.730#Z#DEBUG#9f2bc722-9bdd-11f1-b06d-eeee0a9f1b5e.OPERATION#flowable-async-job-executor-thread-22321#
Step "Upload App" finished#
#2026 08 19 14:53:17.764#Z#DEBUG#9f2bc722-9bdd-11f1-b06d-eeee0a9f1b5e.OPERATION#flowable-async-job-executor-thread-22321#
[ScaleAppStep] Executing task "scaleAppTask" of process "b638cf4f-9bdd-11f1-b06d-eeee0a9f1b5e"...#
#2026 08 19 14:53:17.766#Z#DEBUG#9f2bc722-9bdd-11f1-b06d-eeee0a9f1b5e.OPERATION#flowable-async-job-executor-thread-22321#
[ScaleAppStep] Scaling application "bookscapm-srv"...#
#2026 08 19 14:53:17.766#Z#DEBUG#9f2bc722-9bdd-11f1-b06d-eeee0a9f1b5e.OPERATION#flowable-async-job-executor-thread-22321#
[ScaleAppStep] Getting application guid "bookscapm-srv"...#
#2026 08 19 14:53:17.795#Z#DEBUG#9f2bc722-9bdd-11f1-b06d-eeee0a9f1b5e.OPERATION#flowable-async-job-executor-thread-22321#
[ScaleAppStep] Getting process for application "e4fbc9e0-0224-4a88-a46f-eef717330b07"...#
#2026 08 19 14:53:17.841#Z#DEBUG#9f2bc722-9bdd-11f1-b06d-eeee0a9f1b5e.OPERATION#flowable-async-job-executor-thread-22321#
[ScaleAppStep] Application "bookscapm-srv" scaled#
#2026 08 19 14:53:17.841#Z#DEBUG#9f2bc722-9bdd-11f1-b06d-eeee0a9f1b5e.OPERATION#flowable-async-job-executor-thread-22321#
Step "Scale App" finished#
#2026 08 19 14:53:17.869#Z#DEBUG#9f2bc722-9bdd-11f1-b06d-eeee0a9f1b5e.OPERATION#flowable-async-job-executor-thread-22321#
[DetermineDesiredStateAchievingActionsStep] Executing task "determineDesiredStateAchievingActionsTask" of process "b638cf4f-9bdd-11f1-b06d-eeee0a9f1b5e"...#
#2026 08 19 14:53:17.871#Z#DEBUG#9f2bc722-9bdd-11f1-b06d-eeee0a9f1b5e.OPERATION#flowable-async-job-executor-thread-22321#
[DetermineDesiredStateAchievingActionsStep] Getting application "bookscapm-srv"...#
#2026 08 19 14:53:17.899#Z#DEBUG#9f2bc722-9bdd-11f1-b06d-eeee0a9f1b5e.OPERATION#flowable-async-job-executor-thread-22321#
[DetermineDesiredStateAchievingActionsStep] Getting instances for application "bookscapm-srv"...#
#2026 08 19 14:53:17.952#Z#DEBUG#9f2bc722-9bdd-11f1-b06d-eeee0a9f1b5e.OPERATION#flowable-async-job-executor-thread-22321#
[DetermineDesiredStateAchievingActionsStep] Getting environment of application "e4fbc9e0-0224-4a88-a46f-eef717330b07"...#
#2026 08 19 14:53:17.986#Z#DEBUG#9f2bc722-9bdd-11f1-b06d-eeee0a9f1b5e.OPERATION#flowable-async-job-executor-thread-22321#
[DetermineDesiredStateAchievingActionsStep] Current state of application bookscapm-srv: STARTED#
#2026 08 19 14:53:17.986#Z#DEBUG#9f2bc722-9bdd-11f1-b06d-eeee0a9f1b5e.OPERATION#flowable-async-job-executor-thread-22321#
[DetermineDesiredStateAchievingActionsStep] Desired state of application bookscapm-srv: STARTED#
#2026 08 19 14:53:17.986#Z#DEBUG#9f2bc722-9bdd-11f1-b06d-eeee0a9f1b5e.OPERATION#flowable-async-job-executor-thread-22321#
[DetermineDesiredStateAchievingActionsStep] Actions that should be executed on application bookscapm-srv: [STOP, STAGE, START]#
#2026 08 19 14:53:17.986#Z#DEBUG#9f2bc722-9bdd-11f1-b06d-eeee0a9f1b5e.OPERATION#flowable-async-job-executor-thread-22321#
Step "Determine Desired State Achieving Actions" finished#
#2026 08 19 14:53:18.024#Z#DEBUG#9f2bc722-9bdd-11f1-b06d-eeee0a9f1b5e.OPERATION#flowable-async-job-executor-thread-22321#
[StopAppStep] Executing task "stopAppTask" of process "b638cf4f-9bdd-11f1-b06d-eeee0a9f1b5e"...#
#2026 08 19 14:53:18.027#Z#INFO#9f2bc722-9bdd-11f1-b06d-eeee0a9f1b5e.OPERATION#flowable-async-job-executor-thread-22321#
[StopAppStep] Stopping application "bookscapm-srv"...#
#2026 08 19 14:53:18.033#Z#DEBUG#9f2bc722-9bdd-11f1-b06d-eeee0a9f1b5e.OPERATION#flowable-async-job-executor-thread-22321#
[StopAppStep] Stopping application "bookscapm-srv"...#
#2026 08 19 14:53:18.152#Z#DEBUG#9f2bc722-9bdd-11f1-b06d-eeee0a9f1b5e.OPERATION#flowable-async-job-executor-thread-22321#
[StopAppStep] Application "bookscapm-srv" stopped#
#2026 08 19 14:53:18.152#Z#DEBUG#9f2bc722-9bdd-11f1-b06d-eeee0a9f1b5e.OPERATION#flowable-async-job-executor-thread-22321#
[StopAppStep] Getting environment of application "e4fbc9e0-0224-4a88-a46f-eef717330b07"...#
#2026 08 19 14:53:18.193#Z#DEBUG#9f2bc722-9bdd-11f1-b06d-eeee0a9f1b5e.OPERATION#flowable-async-job-executor-thread-22321#
Step "Stop App" finished#
#2026 08 19 14:53:18.235#Z#DEBUG#9f2bc722-9bdd-11f1-b06d-eeee0a9f1b5e.OPERATION#flowable-async-job-executor-thread-22321#
[StageAppStep] Executing task "stageAppTask" of process "b6c9ec15-9bdd-11f1-b06d-eeee0a9f1b5e"...#
#2026 08 19 14:53:18.237#Z#DEBUG#9f2bc722-9bdd-11f1-b06d-eeee0a9f1b5e.OPERATION#flowable-async-job-executor-thread-22321#
[StageAppStep] Application stage timeout is default one: 3,600 seconds#
#2026 08 19 14:53:18.240#Z#DEBUG#9f2bc722-9bdd-11f1-b06d-eeee0a9f1b5e.OPERATION#flowable-async-job-executor-thread-22321#
Step "Stage App" finished#
#2026 08 19 14:53:18.278#Z#DEBUG#9f2bc722-9bdd-11f1-b06d-eeee0a9f1b5e.OPERATION#flowable-async-job-executor-thread-22321#
[RestartAppStep] Executing task "startAppTask" of process "b6c9ec15-9bdd-11f1-b06d-eeee0a9f1b5e"...#
#2026 08 19 14:53:18.283#Z#DEBUG#9f2bc722-9bdd-11f1-b06d-eeee0a9f1b5e.OPERATION#flowable-async-job-executor-thread-22321#
[RestartAppStep] Application start timeout is default one: 3,600 seconds#
#2026 08 19 14:53:18.293#Z#DEBUG#9f2bc722-9bdd-11f1-b06d-eeee0a9f1b5e.OPERATION#flowable-async-job-executor-thread-22321#
[RestartAppStep] Getting application "bookscapm-srv"...#
#2026 08 19 14:53:18.323#Z#INFO#9f2bc722-9bdd-11f1-b06d-eeee0a9f1b5e.OPERATION#flowable-async-job-executor-thread-22321#
[RestartAppStep] Starting application "bookscapm-srv"...#
#2026 08 19 14:53:18.330#Z#DEBUG#9f2bc722-9bdd-11f1-b06d-eeee0a9f1b5e.OPERATION#flowable-async-job-executor-thread-22321#
[RestartAppStep] Starting application "bookscapm-srv"...#
#2026 08 19 14:53:18.544#Z#DEBUG#9f2bc722-9bdd-11f1-b06d-eeee0a9f1b5e.OPERATION#flowable-async-job-executor-thread-22321#
Step "Start App" finished#
#2026 08 19 14:53:18.381#Z#DEBUG#9f2bc722-9bdd-11f1-b06d-eeee0a9f1b5e.OPERATION#flowable-async-job-executor-thread-22315#
[ExecuteTaskStep] Executing task "executeTaskTask" of process "abdbeb0e-9bdd-11f1-82d4-eeee0a815ff2"...#
#2026 08 19 14:53:18.383#Z#DEBUG#9f2bc722-9bdd-11f1-b06d-eeee0a9f1b5e.OPERATION#flowable-async-job-executor-thread-22315#
[ExecuteTaskStep] Application task execution timeout is default one: 43,200 seconds#
#2026 08 19 14:53:18.387#Z#INFO#9f2bc722-9bdd-11f1-b06d-eeee0a9f1b5e.OPERATION#flowable-async-job-executor-thread-22315#
[ExecuteTaskStep] Executing task "deploy" on application "bookscapm-db-deployer"...#
#2026 08 19 14:53:18.391#Z#DEBUG#9f2bc722-9bdd-11f1-b06d-eeee0a9f1b5e.OPERATION#flowable-async-job-executor-thread-22315#
[ExecuteTaskStep] Running task on application "bookscapm-db-deployer": {
  "name" : "deploy",
  "command" : "npm start",
  "limits" : {
    "memory" : 256
  }
}#
#2026 08 19 14:53:18.666#Z#DEBUG#9f2bc722-9bdd-11f1-b06d-eeee0a9f1b5e.OPERATION#flowable-async-job-executor-thread-22315#
Step "Execute Task" finished#
#2026 08 19 14:53:27.156#Z#DEBUG#9f2bc722-9bdd-11f1-b06d-eeee0a9f1b5e.OPERATION#flowable-async-job-executor-thread-22328#
[RestartAppStep] Executing task "startAppTask" of process "b6ff7b1f-9bdd-11f1-b06d-eeee0a9f1b5e"...#
#2026 08 19 14:53:27.160#Z#DEBUG#9f2bc722-9bdd-11f1-b06d-eeee0a9f1b5e.OPERATION#flowable-async-job-executor-thread-22328#
[RestartAppStep] Application start timeout is default one: 3,600 seconds#
#2026 08 19 14:53:27.161#Z#DEBUG#9f2bc722-9bdd-11f1-b06d-eeee0a9f1b5e.OPERATION#flowable-async-job-executor-thread-22328#
[RestartAppStep] Checking status of application "bookscapm-srv"...#
#2026 08 19 14:53:27.161#Z#DEBUG#9f2bc722-9bdd-11f1-b06d-eeee0a9f1b5e.OPERATION#flowable-async-job-executor-thread-22328#
[RestartAppStep] Getting application "bookscapm-srv"...#
#2026 08 19 14:53:27.193#Z#DEBUG#9f2bc722-9bdd-11f1-b06d-eeee0a9f1b5e.OPERATION#flowable-async-job-executor-thread-22328#
[RestartAppStep] Getting instances for application "bookscapm-srv"...#
#2026 08 19 14:53:27.251#Z#DEBUG#9f2bc722-9bdd-11f1-b06d-eeee0a9f1b5e.OPERATION#flowable-async-job-executor-thread-22328#
[RestartAppStep] Application "bookscapm-srv": 0 of 1 instances running (1 starting)#
#2026 08 19 14:53:27.317#Z#DEBUG#9f2bc722-9bdd-11f1-b06d-eeee0a9f1b5e.OPERATION#flowable-async-job-executor-thread-22328#
Step "Start App" finished#
#2026 08 19 14:53:27.222#Z#DEBUG#9f2bc722-9bdd-11f1-b06d-eeee0a9f1b5e.OPERATION#flowable-async-job-executor-thread-19621#
[ExecuteTaskStep] Executing task "executeTaskTask" of process "abdbeb0e-9bdd-11f1-82d4-eeee0a815ff2"...#
#2026 08 19 14:53:27.226#Z#DEBUG#9f2bc722-9bdd-11f1-b06d-eeee0a9f1b5e.OPERATION#flowable-async-job-executor-thread-19621#
[ExecuteTaskStep] Application task execution timeout is default one: 43,200 seconds#
#2026 08 19 14:53:27.231#Z#DEBUG#9f2bc722-9bdd-11f1-b06d-eeee0a9f1b5e.OPERATION#flowable-async-job-executor-thread-19621#
[ExecuteTaskStep] Getting task "0c28b64e-5f1f-454b-b88c-2b008e3ff399"...#
#2026 08 19 14:53:27.264#Z#DEBUG#9f2bc722-9bdd-11f1-b06d-eeee0a9f1b5e.OPERATION#flowable-async-job-executor-thread-19621#
[ExecuteTaskStep] Task execution status: running#
#2026 08 19 14:53:27.265#Z#DEBUG#9f2bc722-9bdd-11f1-b06d-eeee0a9f1b5e.OPERATION#flowable-async-job-executor-thread-19621#
[ExecuteTaskStep] Getting application guid "bookscapm-db-deployer"...#
#2026 08 19 14:53:27.380#Z#DEBUG#9f2bc722-9bdd-11f1-b06d-eeee0a9f1b5e.OPERATION#flowable-async-job-executor-thread-19621#
Step "Execute Task" finished#
#2026 08 19 14:53:37.293#Z#DEBUG#9f2bc722-9bdd-11f1-b06d-eeee0a9f1b5e.OPERATION#flowable-async-job-executor-thread-22331#
[ExecuteTaskStep] Executing task "executeTaskTask" of process "abdbeb0e-9bdd-11f1-82d4-eeee0a815ff2"...#
#2026 08 19 14:53:37.295#Z#DEBUG#9f2bc722-9bdd-11f1-b06d-eeee0a9f1b5e.OPERATION#flowable-async-job-executor-thread-22331#
[ExecuteTaskStep] Application task execution timeout is default one: 43,200 seconds#
#2026 08 19 14:53:37.297#Z#DEBUG#9f2bc722-9bdd-11f1-b06d-eeee0a9f1b5e.OPERATION#flowable-async-job-executor-thread-22331#
[ExecuteTaskStep] Getting task "0c28b64e-5f1f-454b-b88c-2b008e3ff399"...#
#2026 08 19 14:53:37.324#Z#DEBUG#9f2bc722-9bdd-11f1-b06d-eeee0a9f1b5e.OPERATION#flowable-async-job-executor-thread-22331#
[ExecuteTaskStep] Task execution status: failed#
#2026 08 19 14:53:37.325#Z#DEBUG#9f2bc722-9bdd-11f1-b06d-eeee0a9f1b5e.OPERATION#flowable-async-job-executor-thread-22331#
[ExecuteTaskStep] Getting application guid "bookscapm-db-deployer"...#
#2026 08 19 14:53:37.392#Z#ERROR#9f2bc722-9bdd-11f1-b06d-eeee0a9f1b5e.OPERATION#flowable-async-job-executor-thread-22331#
[ExecuteTaskStep] Execution of task "deploy" on application "bookscapm-db-deployer" failed.#
#2026 08 19 14:53:37.401#Z#INFO#9f2bc722-9bdd-11f1-b06d-eeee0a9f1b5e.OPERATION#flowable-async-job-executor-thread-22331#
[ExecuteTaskStep] Download the MTA operation logs for more details.#
#2026 08 19 14:53:37.406#Z#DEBUG#9f2bc722-9bdd-11f1-b06d-eeee0a9f1b5e.OPERATION#flowable-async-job-executor-thread-22331#
Step "Execute Task" finished#
#2026 08 19 14:53:37.258#Z#DEBUG#9f2bc722-9bdd-11f1-b06d-eeee0a9f1b5e.OPERATION#flowable-async-job-executor-thread-22333#
[RestartAppStep] Executing task "startAppTask" of process "bc3a6ff8-9bdd-11f1-b06d-eeee0a9f1b5e"...#
#2026 08 19 14:53:37.263#Z#DEBUG#9f2bc722-9bdd-11f1-b06d-eeee0a9f1b5e.OPERATION#flowable-async-job-executor-thread-22333#
[RestartAppStep] Application start timeout is default one: 3,600 seconds#
#2026 08 19 14:53:37.264#Z#DEBUG#9f2bc722-9bdd-11f1-b06d-eeee0a9f1b5e.OPERATION#flowable-async-job-executor-thread-22333#
[RestartAppStep] Checking status of application "bookscapm-srv"...#
#2026 08 19 14:53:37.267#Z#DEBUG#9f2bc722-9bdd-11f1-b06d-eeee0a9f1b5e.OPERATION#flowable-async-job-executor-thread-22333#
[RestartAppStep] Getting instances for application "bookscapm-srv"...#
#2026 08 19 14:53:37.327#Z#DEBUG#9f2bc722-9bdd-11f1-b06d-eeee0a9f1b5e.OPERATION#flowable-async-job-executor-thread-22333#
[RestartAppStep] Application "bookscapm-srv": 1 of 1 instances running (1 running)#
#2026 08 19 14:53:37.387#Z#DEBUG#9f2bc722-9bdd-11f1-b06d-eeee0a9f1b5e.OPERATION#flowable-async-job-executor-thread-22333#
[RestartAppStep] Getting routes for application "e4fbc9e0-0224-4a88-a46f-eef717330b07"...#
#2026 08 19 14:53:37.422#Z#INFO#9f2bc722-9bdd-11f1-b06d-eeee0a9f1b5e.OPERATION#flowable-async-job-executor-thread-22333#
[RestartAppStep] Application "bookscapm-srv" started and available at "1fb9e48dtrial-dev-bookscapm-srv.cfapps.us10-001.hana.ondemand.com"#
#2026 08 19 14:53:37.441#Z#DEBUG#9f2bc722-9bdd-11f1-b06d-eeee0a9f1b5e.OPERATION#flowable-async-job-executor-thread-22333#
Step "Start App" finished#
#2026 08 19 14:53:39.907#Z#DEBUG#9f2bc722-9bdd-11f1-b06d-eeee0a9f1b5e.OPERATION#flowable-async-job-executor-thread-22331#
[ExecuteTaskStep] Executing task "executeTaskTask" of process "abdbeb0e-9bdd-11f1-82d4-eeee0a815ff2"...#
#2026 08 19 14:53:39.910#Z#DEBUG#9f2bc722-9bdd-11f1-b06d-eeee0a9f1b5e.OPERATION#flowable-async-job-executor-thread-22331#
[ExecuteTaskStep] Application task execution timeout is default one: 43,200 seconds#
#2026 08 19 14:53:39.971#Z#INFO#9f2bc722-9bdd-11f1-b06d-eeee0a9f1b5e.OPERATION#flowable-async-job-executor-thread-22331#
[ExecuteTaskStep] Executing task "deploy" on application "bookscapm-db-deployer"...#
#2026 08 19 14:53:39.975#Z#DEBUG#9f2bc722-9bdd-11f1-b06d-eeee0a9f1b5e.OPERATION#flowable-async-job-executor-thread-22331#
[ExecuteTaskStep] Running task on application "bookscapm-db-deployer": {
  "name" : "deploy",
  "command" : "npm start",
  "limits" : {
    "memory" : 256
  }
}#
#2026 08 19 14:53:40.284#Z#DEBUG#9f2bc722-9bdd-11f1-b06d-eeee0a9f1b5e.OPERATION#flowable-async-job-executor-thread-22331#
Step "Execute Task" finished#
#2026 08 19 14:53:47.319#Z#DEBUG#9f2bc722-9bdd-11f1-b06d-eeee0a9f1b5e.OPERATION#flowable-async-job-executor-thread-22998#
[RestartAppStep] Executing task "startAppTask" of process "c243b1d6-9bdd-11f1-b06d-eeee0a9f1b5e"...#
#2026 08 19 14:53:47.322#Z#DEBUG#9f2bc722-9bdd-11f1-b06d-eeee0a9f1b5e.OPERATION#flowable-async-job-executor-thread-22998#
[RestartAppStep] Application start timeout is default one: 3,600 seconds#
#2026 08 19 14:53:47.324#Z#DEBUG#9f2bc722-9bdd-11f1-b06d-eeee0a9f1b5e.OPERATION#flowable-async-job-executor-thread-22998#
Step "Start App" finished#
#2026 08 19 14:53:47.407#Z#DEBUG#9f2bc722-9bdd-11f1-b06d-eeee0a9f1b5e.OPERATION#flowable-async-job-executor-thread-22998#
[PrepareToExecuteTasksStep] Executing task "prepareToExecuteTasksTask" of process "c82dac50-9bdd-11f1-b81c-eeee0a948f8f"...#
#2026 08 19 14:53:47.409#Z#DEBUG#9f2bc722-9bdd-11f1-b06d-eeee0a9f1b5e.OPERATION#flowable-async-job-executor-thread-22998#
Step "Prepare To Execute Tasks" finished#
#2026 08 19 14:53:47.325#Z#DEBUG#9f2bc722-9bdd-11f1-b06d-eeee0a9f1b5e.OPERATION#flowable-async-job-executor-thread-22999#
[ExecuteTaskStep] Executing task "executeTaskTask" of process "abdbeb0e-9bdd-11f1-82d4-eeee0a815ff2"...#
#2026 08 19 14:53:47.327#Z#DEBUG#9f2bc722-9bdd-11f1-b06d-eeee0a9f1b5e.OPERATION#flowable-async-job-executor-thread-22999#
[ExecuteTaskStep] Application task execution timeout is default one: 43,200 seconds#
#2026 08 19 14:53:47.333#Z#DEBUG#9f2bc722-9bdd-11f1-b06d-eeee0a9f1b5e.OPERATION#flowable-async-job-executor-thread-22999#
[ExecuteTaskStep] Getting task "7ab14e8e-c02b-43e7-8590-482e00a07247"...#
#2026 08 19 14:53:47.370#Z#DEBUG#9f2bc722-9bdd-11f1-b06d-eeee0a9f1b5e.OPERATION#flowable-async-job-executor-thread-22999#
[ExecuteTaskStep] Task execution status: running#
#2026 08 19 14:53:47.372#Z#DEBUG#9f2bc722-9bdd-11f1-b06d-eeee0a9f1b5e.OPERATION#flowable-async-job-executor-thread-22999#
[ExecuteTaskStep] Getting application guid "bookscapm-db-deployer"...#
#2026 08 19 14:53:47.464#Z#DEBUG#9f2bc722-9bdd-11f1-b06d-eeee0a9f1b5e.OPERATION#flowable-async-job-executor-thread-22999#
Step "Execute Task" finished#
#2026 08 19 14:53:47.473#Z#DEBUG#9f2bc722-9bdd-11f1-b06d-eeee0a9f1b5e.OPERATION#flowable-async-job-executor-thread-22998#
[PublishConfigurationEntriesStep] Executing task "publishProvidedDependenciesTask" of process "c827438c-9bdd-11f1-b81c-eeee0a948f8f"...#
#2026 08 19 14:53:47.474#Z#DEBUG#9f2bc722-9bdd-11f1-b06d-eeee0a9f1b5e.OPERATION#flowable-async-job-executor-thread-22998#
[PublishConfigurationEntriesStep] Publishing public provided dependencies for application "bookscapm-srv"...#
#2026 08 19 14:53:47.475#Z#DEBUG#9f2bc722-9bdd-11f1-b06d-eeee0a9f1b5e.OPERATION#flowable-async-job-executor-thread-22998#
[PublishConfigurationEntriesStep] No public provided dependencies for publishing#
#2026 08 19 14:53:47.475#Z#DEBUG#9f2bc722-9bdd-11f1-b06d-eeee0a9f1b5e.OPERATION#flowable-async-job-executor-thread-22998#
Step "Publish Provided Dependencies" finished#
#2026 08 19 14:53:47.511#Z#DEBUG#9f2bc722-9bdd-11f1-b06d-eeee0a9f1b5e.OPERATION#flowable-async-job-executor-thread-22996#
[CreateOrUpdateServiceBrokerStep] Executing task "createOrUpdateServiceBrokerTask" of process "c827438c-9bdd-11f1-b81c-eeee0a948f8f"...#
#2026 08 19 14:53:47.513#Z#DEBUG#9f2bc722-9bdd-11f1-b06d-eeee0a9f1b5e.OPERATION#flowable-async-job-executor-thread-22996#
[CreateOrUpdateServiceBrokerStep] Creating service brokers...#
#2026 08 19 14:53:47.514#Z#DEBUG#9f2bc722-9bdd-11f1-b06d-eeee0a9f1b5e.OPERATION#flowable-async-job-executor-thread-22996#
Step "Create Or Update Service Broker " finished#
#2026 08 19 14:53:57.405#Z#DEBUG#9f2bc722-9bdd-11f1-b06d-eeee0a9f1b5e.OPERATION#flowable-async-job-executor-thread-22341#
[ExecuteTaskStep] Executing task "executeTaskTask" of process "abdbeb0e-9bdd-11f1-82d4-eeee0a815ff2"...#
#2026 08 19 14:53:57.407#Z#DEBUG#9f2bc722-9bdd-11f1-b06d-eeee0a9f1b5e.OPERATION#flowable-async-job-executor-thread-22341#
[ExecuteTaskStep] Application task execution timeout is default one: 43,200 seconds#
#2026 08 19 14:53:57.409#Z#DEBUG#9f2bc722-9bdd-11f1-b06d-eeee0a9f1b5e.OPERATION#flowable-async-job-executor-thread-22341#
[ExecuteTaskStep] Getting task "7ab14e8e-c02b-43e7-8590-482e00a07247"...#
#2026 08 19 14:53:57.441#Z#DEBUG#9f2bc722-9bdd-11f1-b06d-eeee0a9f1b5e.OPERATION#flowable-async-job-executor-thread-22341#
[ExecuteTaskStep] Task execution status: failed#
#2026 08 19 14:53:57.443#Z#DEBUG#9f2bc722-9bdd-11f1-b06d-eeee0a9f1b5e.OPERATION#flowable-async-job-executor-thread-22341#
[ExecuteTaskStep] Getting application guid "bookscapm-db-deployer"...#
#2026 08 19 14:53:57.533#Z#ERROR#9f2bc722-9bdd-11f1-b06d-eeee0a9f1b5e.OPERATION#flowable-async-job-executor-thread-22341#
[ExecuteTaskStep] Execution of task "deploy" on application "bookscapm-db-deployer" failed.#
#2026 08 19 14:53:57.546#Z#INFO#9f2bc722-9bdd-11f1-b06d-eeee0a9f1b5e.OPERATION#flowable-async-job-executor-thread-22341#
[ExecuteTaskStep] Download the MTA operation logs for more details.#
#2026 08 19 14:53:57.575#Z#DEBUG#9f2bc722-9bdd-11f1-b06d-eeee0a9f1b5e.OPERATION#flowable-async-job-executor-thread-22341#
Step "Execute Task" finished#
#2026 08 19 14:53:58.389#Z#DEBUG#9f2bc722-9bdd-11f1-b06d-eeee0a9f1b5e.OPERATION#flowable-async-job-executor-thread-22341#
[ExecuteTaskStep] Executing task "executeTaskTask" of process "abdbeb0e-9bdd-11f1-82d4-eeee0a815ff2"...#
#2026 08 19 14:53:58.391#Z#DEBUG#9f2bc722-9bdd-11f1-b06d-eeee0a9f1b5e.OPERATION#flowable-async-job-executor-thread-22341#
[ExecuteTaskStep] Application task execution timeout is default one: 43,200 seconds#
#2026 08 19 14:53:58.469#Z#INFO#9f2bc722-9bdd-11f1-b06d-eeee0a9f1b5e.OPERATION#flowable-async-job-executor-thread-22341#
[ExecuteTaskStep] Executing task "deploy" on application "bookscapm-db-deployer"...#
#2026 08 19 14:53:58.474#Z#DEBUG#9f2bc722-9bdd-11f1-b06d-eeee0a9f1b5e.OPERATION#flowable-async-job-executor-thread-22341#
[ExecuteTaskStep] Running task on application "bookscapm-db-deployer": {
  "name" : "deploy",
  "command" : "npm start",
  "limits" : {
    "memory" : 256
  }
}#
#2026 08 19 14:53:58.760#Z#DEBUG#9f2bc722-9bdd-11f1-b06d-eeee0a9f1b5e.OPERATION#flowable-async-job-executor-thread-22341#
Step "Execute Task" finished#
#2026 08 19 14:54:07.507#Z#DEBUG#9f2bc722-9bdd-11f1-b06d-eeee0a9f1b5e.OPERATION#flowable-async-job-executor-thread-23009#
[ExecuteTaskStep] Executing task "executeTaskTask" of process "abdbeb0e-9bdd-11f1-82d4-eeee0a815ff2"...#
#2026 08 19 14:54:07.510#Z#DEBUG#9f2bc722-9bdd-11f1-b06d-eeee0a9f1b5e.OPERATION#flowable-async-job-executor-thread-23009#
[ExecuteTaskStep] Application task execution timeout is default one: 43,200 seconds#
#2026 08 19 14:54:07.513#Z#DEBUG#9f2bc722-9bdd-11f1-b06d-eeee0a9f1b5e.OPERATION#flowable-async-job-executor-thread-23009#
[ExecuteTaskStep] Getting task "057fbc12-aa48-4cd0-a0b5-eb691cb06453"...#
#2026 08 19 14:54:07.543#Z#DEBUG#9f2bc722-9bdd-11f1-b06d-eeee0a9f1b5e.OPERATION#flowable-async-job-executor-thread-23009#
[ExecuteTaskStep] Task execution status: running#
#2026 08 19 14:54:07.544#Z#DEBUG#9f2bc722-9bdd-11f1-b06d-eeee0a9f1b5e.OPERATION#flowable-async-job-executor-thread-23009#
[ExecuteTaskStep] Getting application guid "bookscapm-db-deployer"...#
#2026 08 19 14:54:07.640#Z#DEBUG#9f2bc722-9bdd-11f1-b06d-eeee0a9f1b5e.OPERATION#flowable-async-job-executor-thread-23009#
Step "Execute Task" finished#
#2026 08 19 14:54:17.651#Z#DEBUG#9f2bc722-9bdd-11f1-b06d-eeee0a9f1b5e.OPERATION#flowable-async-job-executor-thread-19665#
[ExecuteTaskStep] Executing task "executeTaskTask" of process "abdbeb0e-9bdd-11f1-82d4-eeee0a815ff2"...#
#2026 08 19 14:54:17.654#Z#DEBUG#9f2bc722-9bdd-11f1-b06d-eeee0a9f1b5e.OPERATION#flowable-async-job-executor-thread-19665#
[ExecuteTaskStep] Application task execution timeout is default one: 43,200 seconds#
#2026 08 19 14:54:17.657#Z#DEBUG#9f2bc722-9bdd-11f1-b06d-eeee0a9f1b5e.OPERATION#flowable-async-job-executor-thread-19665#
[ExecuteTaskStep] Getting task "057fbc12-aa48-4cd0-a0b5-eb691cb06453"...#
#2026 08 19 14:54:17.702#Z#DEBUG#9f2bc722-9bdd-11f1-b06d-eeee0a9f1b5e.OPERATION#flowable-async-job-executor-thread-19665#
[ExecuteTaskStep] Task execution status: failed#
#2026 08 19 14:54:17.703#Z#DEBUG#9f2bc722-9bdd-11f1-b06d-eeee0a9f1b5e.OPERATION#flowable-async-job-executor-thread-19665#
[ExecuteTaskStep] Getting application guid "bookscapm-db-deployer"...#
#2026 08 19 14:54:17.770#Z#ERROR#9f2bc722-9bdd-11f1-b06d-eeee0a9f1b5e.OPERATION#flowable-async-job-executor-thread-19665#
[ExecuteTaskStep] Execution of task "deploy" on application "bookscapm-db-deployer" failed.#
#2026 08 19 14:54:17.777#Z#INFO#9f2bc722-9bdd-11f1-b06d-eeee0a9f1b5e.OPERATION#flowable-async-job-executor-thread-19665#
[ExecuteTaskStep] Download the MTA operation logs for more details.#
#2026 08 19 14:54:17.786#Z#DEBUG#9f2bc722-9bdd-11f1-b06d-eeee0a9f1b5e.OPERATION#flowable-async-job-executor-thread-19665#
Step "Execute Task" finished#
