#2026 08 18 11:46:00.070#Z#DEBUG#3e4f6cdc-9afa-11f1-818d-eeee0a9896c2.bookscapm-srv#flowable-async-job-executor-thread-12012#
[PollStageAppStatusExecution] e4fbc9e0-0224-4a88-a46f-eef717330b07 [2026-08-18T11:45:21.133340] Added process: "web" (STDOUT, API)#
#2026 08 18 11:46:00.070#Z#DEBUG#3e4f6cdc-9afa-11f1-818d-eeee0a9896c2.bookscapm-srv#flowable-async-job-executor-thread-12012#
[PollStageAppStatusExecution] e4fbc9e0-0224-4a88-a46f-eef717330b07 [2026-08-18T11:45:21.140203] Created app with guid e4fbc9e0-0224-4a88-a46f-eef717330b07 (STDOUT, API)#
#2026 08 18 11:46:00.070#Z#DEBUG#3e4f6cdc-9afa-11f1-818d-eeee0a9896c2.bookscapm-srv#flowable-async-job-executor-thread-12012#
[PollStageAppStatusExecution] e4fbc9e0-0224-4a88-a46f-eef717330b07 [2026-08-18T11:45:21.223677] Updating process: "web" (STDOUT, API)#
#2026 08 18 11:46:00.070#Z#DEBUG#3e4f6cdc-9afa-11f1-818d-eeee0a9896c2.bookscapm-srv#flowable-async-job-executor-thread-12012#
[PollStageAppStatusExecution] e4fbc9e0-0224-4a88-a46f-eef717330b07 [2026-08-18T11:45:21.276491] Scaling process: "web" (STDOUT, API)#
#2026 08 18 11:46:00.070#Z#DEBUG#3e4f6cdc-9afa-11f1-818d-eeee0a9896c2.bookscapm-srv#flowable-async-job-executor-thread-12012#
[PollStageAppStatusExecution] e4fbc9e0-0224-4a88-a46f-eef717330b07 [2026-08-18T11:45:39.906459] Uploading app package for app with guid e4fbc9e0-0224-4a88-a46f-eef717330b07 (STDOUT, API)#
#2026 08 18 11:46:00.070#Z#DEBUG#3e4f6cdc-9afa-11f1-818d-eeee0a9896c2.bookscapm-srv#flowable-async-job-executor-thread-12012#
[PollStageAppStatusExecution] e4fbc9e0-0224-4a88-a46f-eef717330b07 [2026-08-18T11:45:40.085779] Updated app with guid e4fbc9e0-0224-4a88-a46f-eef717330b07 ({"environment_variables"=>"[PRIVATE DATA HIDDEN]"}) (STDOUT, API)#
#2026 08 18 11:46:00.070#Z#DEBUG#3e4f6cdc-9afa-11f1-818d-eeee0a9896c2.bookscapm-srv#flowable-async-job-executor-thread-12012#
[PollStageAppStatusExecution] e4fbc9e0-0224-4a88-a46f-eef717330b07 [2026-08-18T11:45:50.319622] Creating build for app with guid e4fbc9e0-0224-4a88-a46f-eef717330b07 (STDOUT, API)#
#2026 08 18 11:46:00.070#Z#DEBUG#3e4f6cdc-9afa-11f1-818d-eeee0a9896c2.bookscapm-srv#flowable-async-job-executor-thread-12012#
[PollStageAppStatusExecution] e4fbc9e0-0224-4a88-a46f-eef717330b07 [2026-08-18T11:45:50.722315] Downloading nodejs_buildpack... (STDOUT, STG)#
#2026 08 18 11:46:00.070#Z#DEBUG#3e4f6cdc-9afa-11f1-818d-eeee0a9896c2.bookscapm-srv#flowable-async-job-executor-thread-12012#
[PollStageAppStatusExecution] e4fbc9e0-0224-4a88-a46f-eef717330b07 [2026-08-18T11:45:50.764461] Downloaded nodejs_buildpack (STDOUT, STG)#
#2026 08 18 11:46:00.070#Z#DEBUG#3e4f6cdc-9afa-11f1-818d-eeee0a9896c2.bookscapm-srv#flowable-async-job-executor-thread-12012#
[PollStageAppStatusExecution] e4fbc9e0-0224-4a88-a46f-eef717330b07 [2026-08-18T11:45:50.764587] Cell d1cc041a-d5a1-41d6-b9f6-6cda736ce3f0 creating container for instance 081f71fa-7e64-4f72-bed9-80857e11ecdd (STDOUT, STG)#
#2026 08 18 11:46:00.070#Z#DEBUG#3e4f6cdc-9afa-11f1-818d-eeee0a9896c2.bookscapm-srv#flowable-async-job-executor-thread-12012#
[PollStageAppStatusExecution] e4fbc9e0-0224-4a88-a46f-eef717330b07 [2026-08-18T11:45:51.502294] Security group rules were updated (STDOUT, STG)#
#2026 08 18 11:46:00.070#Z#DEBUG#3e4f6cdc-9afa-11f1-818d-eeee0a9896c2.bookscapm-srv#flowable-async-job-executor-thread-12012#
[PollStageAppStatusExecution] e4fbc9e0-0224-4a88-a46f-eef717330b07 [2026-08-18T11:45:51.604430] Cell d1cc041a-d5a1-41d6-b9f6-6cda736ce3f0 successfully created container for instance 081f71fa-7e64-4f72-bed9-80857e11ecdd (STDOUT, STG)#
#2026 08 18 11:46:00.070#Z#DEBUG#3e4f6cdc-9afa-11f1-818d-eeee0a9896c2.bookscapm-srv#flowable-async-job-executor-thread-12012#
[PollStageAppStatusExecution] e4fbc9e0-0224-4a88-a46f-eef717330b07 [2026-08-18T11:45:52.224402] Downloading app package... (STDOUT, STG)#
#2026 08 18 11:46:00.070#Z#DEBUG#3e4f6cdc-9afa-11f1-818d-eeee0a9896c2.bookscapm-srv#flowable-async-job-executor-thread-12012#
[PollStageAppStatusExecution] e4fbc9e0-0224-4a88-a46f-eef717330b07 [2026-08-18T11:45:52.821968] Downloaded app package (4.1M) (STDOUT, STG)#
#2026 08 18 11:46:00.071#Z#DEBUG#3e4f6cdc-9afa-11f1-818d-eeee0a9896c2.bookscapm-srv#flowable-async-job-executor-thread-12012#
[PollStageAppStatusExecution] e4fbc9e0-0224-4a88-a46f-eef717330b07 [2026-08-18T11:45:52.953834] -----> Nodejs Buildpack version 1.9.2 (STDOUT, STG)#
#2026 08 18 11:46:00.071#Z#DEBUG#3e4f6cdc-9afa-11f1-818d-eeee0a9896c2.bookscapm-srv#flowable-async-job-executor-thread-12012#
[PollStageAppStatusExecution] e4fbc9e0-0224-4a88-a46f-eef717330b07 [2026-08-18T11:45:53.173953] -----> Bootstrapping python (STDOUT, STG)#
#2026 08 18 11:46:00.071#Z#DEBUG#3e4f6cdc-9afa-11f1-818d-eeee0a9896c2.bookscapm-srv#flowable-async-job-executor-thread-12012#
[PollStageAppStatusExecution] e4fbc9e0-0224-4a88-a46f-eef717330b07 [2026-08-18T11:45:53.173983] -----> Installing python 3.13.13 (STDOUT, STG)#
#2026 08 18 11:46:00.071#Z#DEBUG#3e4f6cdc-9afa-11f1-818d-eeee0a9896c2.bookscapm-srv#flowable-async-job-executor-thread-12012#
[PollStageAppStatusExecution] e4fbc9e0-0224-4a88-a46f-eef717330b07 [2026-08-18T11:45:53.173987] Copy [/tmp/buildpacks/17bd89c67d092631/dependencies/268a5e3743d51a14b86ea9da64439307/python_3.13.13_linux_x64_cflinuxfs4_8311abbf.tgz] (STDOUT, STG)#
#2026 08 18 11:46:00.071#Z#DEBUG#3e4f6cdc-9afa-11f1-818d-eeee0a9896c2.bookscapm-srv#flowable-async-job-executor-thread-12012#
[PollStageAppStatusExecution] e4fbc9e0-0224-4a88-a46f-eef717330b07 [2026-08-18T11:45:57.735607] -----> Installing binaries (STDOUT, STG)#
#2026 08 18 11:46:00.071#Z#DEBUG#3e4f6cdc-9afa-11f1-818d-eeee0a9896c2.bookscapm-srv#flowable-async-job-executor-thread-12012#
[PollStageAppStatusExecution] e4fbc9e0-0224-4a88-a46f-eef717330b07 [2026-08-18T11:45:57.735775] engines.node (package.json): >=20 (STDOUT, STG)#
#2026 08 18 11:46:00.071#Z#DEBUG#3e4f6cdc-9afa-11f1-818d-eeee0a9896c2.bookscapm-srv#flowable-async-job-executor-thread-12012#
[PollStageAppStatusExecution] e4fbc9e0-0224-4a88-a46f-eef717330b07 [2026-08-18T11:45:57.735794] engines.npm (package.json): unspecified (use default) (STDOUT, STG)#
#2026 08 18 11:46:00.071#Z#DEBUG#3e4f6cdc-9afa-11f1-818d-eeee0a9896c2.bookscapm-srv#flowable-async-job-executor-thread-12012#
[PollStageAppStatusExecution] e4fbc9e0-0224-4a88-a46f-eef717330b07 [2026-08-18T11:45:57.735799] [31;1m**WARNING**[0m Dangerous semver range (>) in engines.node. See: http://docs.cloudfoundry.org/buildpacks/node/node-tips.html (STDOUT, STG)#
#2026 08 18 11:46:00.071#Z#DEBUG#3e4f6cdc-9afa-11f1-818d-eeee0a9896c2.bookscapm-srv#flowable-async-job-executor-thread-12012#
[PollStageAppStatusExecution] e4fbc9e0-0224-4a88-a46f-eef717330b07 [2026-08-18T11:45:57.735883] -----> Installing node 24.15.0 (STDOUT, STG)#
#2026 08 18 11:46:00.071#Z#DEBUG#3e4f6cdc-9afa-11f1-818d-eeee0a9896c2.bookscapm-srv#flowable-async-job-executor-thread-12012#
[PollStageAppStatusExecution] e4fbc9e0-0224-4a88-a46f-eef717330b07 [2026-08-18T11:45:57.736085] Copy [/tmp/buildpacks/17bd89c67d092631/dependencies/6441e97e6386f47ec4c16cfdf8db0a17/node_24.15.0_linux_x64_cflinuxfs4_1a62d98b.tgz] (STDOUT, STG)#
#2026 08 18 11:46:10.781#Z#DEBUG#3e4f6cdc-9afa-11f1-818d-eeee0a9896c2.bookscapm-srv#flowable-async-job-executor-thread-12021#
[PollStageAppStatusExecution] e4fbc9e0-0224-4a88-a46f-eef717330b07 [2026-08-18T11:46:00.172505] Using default npm version: 11.12.1 (STDOUT, STG)#
#2026 08 18 11:46:10.781#Z#DEBUG#3e4f6cdc-9afa-11f1-818d-eeee0a9896c2.bookscapm-srv#flowable-async-job-executor-thread-12021#
[PollStageAppStatusExecution] e4fbc9e0-0224-4a88-a46f-eef717330b07 [2026-08-18T11:46:00.172537] -----> Installing yarn 1.22.22 (STDOUT, STG)#
#2026 08 18 11:46:10.781#Z#DEBUG#3e4f6cdc-9afa-11f1-818d-eeee0a9896c2.bookscapm-srv#flowable-async-job-executor-thread-12021#
[PollStageAppStatusExecution] e4fbc9e0-0224-4a88-a46f-eef717330b07 [2026-08-18T11:46:00.172878] Copy [/tmp/buildpacks/17bd89c67d092631/dependencies/e4fe26756e9984a665478d350474fa2e/yarn_1.22.22_linux_noarch_any-stack_b6132b86.tgz] (STDOUT, STG)#
#2026 08 18 11:46:10.781#Z#DEBUG#3e4f6cdc-9afa-11f1-818d-eeee0a9896c2.bookscapm-srv#flowable-async-job-executor-thread-12021#
[PollStageAppStatusExecution] e4fbc9e0-0224-4a88-a46f-eef717330b07 [2026-08-18T11:46:00.569098] Installed yarn 1.22.22 (STDOUT, STG)#
#2026 08 18 11:46:10.781#Z#DEBUG#3e4f6cdc-9afa-11f1-818d-eeee0a9896c2.bookscapm-srv#flowable-async-job-executor-thread-12021#
[PollStageAppStatusExecution] e4fbc9e0-0224-4a88-a46f-eef717330b07 [2026-08-18T11:46:00.569130] -----> Creating runtime environment (STDOUT, STG)#
#2026 08 18 11:46:10.781#Z#DEBUG#3e4f6cdc-9afa-11f1-818d-eeee0a9896c2.bookscapm-srv#flowable-async-job-executor-thread-12021#
[PollStageAppStatusExecution] e4fbc9e0-0224-4a88-a46f-eef717330b07 [2026-08-18T11:46:00.572630] NODE_ENV=production (STDOUT, STG)#
#2026 08 18 11:46:10.781#Z#DEBUG#3e4f6cdc-9afa-11f1-818d-eeee0a9896c2.bookscapm-srv#flowable-async-job-executor-thread-12021#
[PollStageAppStatusExecution] e4fbc9e0-0224-4a88-a46f-eef717330b07 [2026-08-18T11:46:00.572674] NODE_HOME=/tmp/contents3286798333/deps/0/node (STDOUT, STG)#
#2026 08 18 11:46:10.781#Z#DEBUG#3e4f6cdc-9afa-11f1-818d-eeee0a9896c2.bookscapm-srv#flowable-async-job-executor-thread-12021#
[PollStageAppStatusExecution] e4fbc9e0-0224-4a88-a46f-eef717330b07 [2026-08-18T11:46:00.572678] NODE_MODULES_CACHE=true (STDOUT, STG)#
#2026 08 18 11:46:10.781#Z#DEBUG#3e4f6cdc-9afa-11f1-818d-eeee0a9896c2.bookscapm-srv#flowable-async-job-executor-thread-12021#
[PollStageAppStatusExecution] e4fbc9e0-0224-4a88-a46f-eef717330b07 [2026-08-18T11:46:00.572832] NODE_VERBOSE=false (STDOUT, STG)#
#2026 08 18 11:46:10.781#Z#DEBUG#3e4f6cdc-9afa-11f1-818d-eeee0a9896c2.bookscapm-srv#flowable-async-job-executor-thread-12021#
[PollStageAppStatusExecution] e4fbc9e0-0224-4a88-a46f-eef717330b07 [2026-08-18T11:46:00.572840] NPM_CONFIG_LOGLEVEL=error (STDOUT, STG)#
#2026 08 18 11:46:10.781#Z#DEBUG#3e4f6cdc-9afa-11f1-818d-eeee0a9896c2.bookscapm-srv#flowable-async-job-executor-thread-12021#
[PollStageAppStatusExecution] e4fbc9e0-0224-4a88-a46f-eef717330b07 [2026-08-18T11:46:00.572844] NPM_CONFIG_PRODUCTION=true (STDOUT, STG)#
#2026 08 18 11:46:10.781#Z#DEBUG#3e4f6cdc-9afa-11f1-818d-eeee0a9896c2.bookscapm-srv#flowable-async-job-executor-thread-12021#
[PollStageAppStatusExecution] e4fbc9e0-0224-4a88-a46f-eef717330b07 [2026-08-18T11:46:00.572857] -----> Building dependencies (STDOUT, STG)#
#2026 08 18 11:46:10.781#Z#DEBUG#3e4f6cdc-9afa-11f1-818d-eeee0a9896c2.bookscapm-srv#flowable-async-job-executor-thread-12021#
[PollStageAppStatusExecution] e4fbc9e0-0224-4a88-a46f-eef717330b07 [2026-08-18T11:46:00.572861] Prebuild detected (node_modules already exists) (STDOUT, STG)#
#2026 08 18 11:46:10.781#Z#DEBUG#3e4f6cdc-9afa-11f1-818d-eeee0a9896c2.bookscapm-srv#flowable-async-job-executor-thread-12021#
[PollStageAppStatusExecution] e4fbc9e0-0224-4a88-a46f-eef717330b07 [2026-08-18T11:46:00.572953] Rebuilding any native modules (STDOUT, STG)#
#2026 08 18 11:46:10.781#Z#DEBUG#3e4f6cdc-9afa-11f1-818d-eeee0a9896c2.bookscapm-srv#flowable-async-job-executor-thread-12021#
[PollStageAppStatusExecution] e4fbc9e0-0224-4a88-a46f-eef717330b07 [2026-08-18T11:46:01.320359] rebuilt dependencies successfully (STDOUT, STG)#
#2026 08 18 11:46:10.781#Z#DEBUG#3e4f6cdc-9afa-11f1-818d-eeee0a9896c2.bookscapm-srv#flowable-async-job-executor-thread-12021#
[PollStageAppStatusExecution] e4fbc9e0-0224-4a88-a46f-eef717330b07 [2026-08-18T11:46:01.322617] npm notice (STDOUT, STG)#
#2026 08 18 11:46:10.781#Z#DEBUG#3e4f6cdc-9afa-11f1-818d-eeee0a9896c2.bookscapm-srv#flowable-async-job-executor-thread-12021#
[PollStageAppStatusExecution] e4fbc9e0-0224-4a88-a46f-eef717330b07 [2026-08-18T11:46:01.322637] npm notice New major version of npm available! 11.12.1 -> 12.0.2 (STDOUT, STG)#
#2026 08 18 11:46:10.781#Z#DEBUG#3e4f6cdc-9afa-11f1-818d-eeee0a9896c2.bookscapm-srv#flowable-async-job-executor-thread-12021#
[PollStageAppStatusExecution] e4fbc9e0-0224-4a88-a46f-eef717330b07 [2026-08-18T11:46:01.322647] npm notice Changelog: https://github.com/npm/cli/releases/tag/v12.0.2 (STDOUT, STG)#
#2026 08 18 11:46:10.781#Z#DEBUG#3e4f6cdc-9afa-11f1-818d-eeee0a9896c2.bookscapm-srv#flowable-async-job-executor-thread-12021#
[PollStageAppStatusExecution] e4fbc9e0-0224-4a88-a46f-eef717330b07 [2026-08-18T11:46:01.322650] npm notice To update run: npm install -g npm@12.0.2 (STDOUT, STG)#
#2026 08 18 11:46:10.781#Z#DEBUG#3e4f6cdc-9afa-11f1-818d-eeee0a9896c2.bookscapm-srv#flowable-async-job-executor-thread-12021#
[PollStageAppStatusExecution] e4fbc9e0-0224-4a88-a46f-eef717330b07 [2026-08-18T11:46:01.322652] npm notice (STDOUT, STG)#
#2026 08 18 11:46:10.781#Z#DEBUG#3e4f6cdc-9afa-11f1-818d-eeee0a9896c2.bookscapm-srv#flowable-async-job-executor-thread-12021#
[PollStageAppStatusExecution] e4fbc9e0-0224-4a88-a46f-eef717330b07 [2026-08-18T11:46:01.390535] Installing any new modules (package.json + package-lock.json) (STDOUT, STG)#
#2026 08 18 11:46:10.781#Z#DEBUG#3e4f6cdc-9afa-11f1-818d-eeee0a9896c2.bookscapm-srv#flowable-async-job-executor-thread-12021#
[PollStageAppStatusExecution] e4fbc9e0-0224-4a88-a46f-eef717330b07 [2026-08-18T11:46:02.146871] up to date in 669ms (STDOUT, STG)#
#2026 08 18 11:46:10.781#Z#DEBUG#3e4f6cdc-9afa-11f1-818d-eeee0a9896c2.bookscapm-srv#flowable-async-job-executor-thread-12021#
[PollStageAppStatusExecution] e4fbc9e0-0224-4a88-a46f-eef717330b07 [2026-08-18T11:46:02.147236] 29 packages are looking for funding (STDOUT, STG)#
#2026 08 18 11:46:10.781#Z#DEBUG#3e4f6cdc-9afa-11f1-818d-eeee0a9896c2.bookscapm-srv#flowable-async-job-executor-thread-12021#
[PollStageAppStatusExecution] e4fbc9e0-0224-4a88-a46f-eef717330b07 [2026-08-18T11:46:02.147420] run `npm fund` for details (STDOUT, STG)#
#2026 08 18 11:46:10.781#Z#DEBUG#3e4f6cdc-9afa-11f1-818d-eeee0a9896c2.bookscapm-srv#flowable-async-job-executor-thread-12021#
[PollStageAppStatusExecution] e4fbc9e0-0224-4a88-a46f-eef717330b07 [2026-08-18T11:46:03.131595] Contrast Security no credentials found. Will not write environment files. (STDOUT, STG)#
#2026 08 18 11:46:20.533#Z#DEBUG#3e4f6cdc-9afa-11f1-818d-eeee0a9896c2.bookscapm-srv#flowable-async-job-executor-thread-13448#
[PollStageAppStatusExecution] e4fbc9e0-0224-4a88-a46f-eef717330b07 [2026-08-18T11:46:12.949018] Exit status 0 (STDOUT, STG)#
#2026 08 18 11:46:20.533#Z#DEBUG#3e4f6cdc-9afa-11f1-818d-eeee0a9896c2.bookscapm-srv#flowable-async-job-executor-thread-13448#
[PollStageAppStatusExecution] e4fbc9e0-0224-4a88-a46f-eef717330b07 [2026-08-18T11:46:12.949079] Uploading droplet, build artifacts cache... (STDOUT, STG)#
#2026 08 18 11:46:20.533#Z#DEBUG#3e4f6cdc-9afa-11f1-818d-eeee0a9896c2.bookscapm-srv#flowable-async-job-executor-thread-13448#
[PollStageAppStatusExecution] e4fbc9e0-0224-4a88-a46f-eef717330b07 [2026-08-18T11:46:12.949149] Uploading build artifacts cache... (STDOUT, STG)#
#2026 08 18 11:46:20.533#Z#DEBUG#3e4f6cdc-9afa-11f1-818d-eeee0a9896c2.bookscapm-srv#flowable-async-job-executor-thread-13448#
[PollStageAppStatusExecution] e4fbc9e0-0224-4a88-a46f-eef717330b07 [2026-08-18T11:46:12.949180] Uploading droplet... (STDOUT, STG)#
#2026 08 18 11:46:20.533#Z#DEBUG#3e4f6cdc-9afa-11f1-818d-eeee0a9896c2.bookscapm-srv#flowable-async-job-executor-thread-13448#
[PollStageAppStatusExecution] e4fbc9e0-0224-4a88-a46f-eef717330b07 [2026-08-18T11:46:12.982807] Uploaded build artifacts cache (217B) (STDOUT, STG)#
#2026 08 18 11:46:20.533#Z#DEBUG#3e4f6cdc-9afa-11f1-818d-eeee0a9896c2.bookscapm-srv#flowable-async-job-executor-thread-13448#
[PollStageAppStatusExecution] e4fbc9e0-0224-4a88-a46f-eef717330b07 [2026-08-18T11:46:13.681163] Creating droplet for app with guid e4fbc9e0-0224-4a88-a46f-eef717330b07 (STDOUT, API)#
#2026 08 18 11:46:20.533#Z#DEBUG#3e4f6cdc-9afa-11f1-818d-eeee0a9896c2.bookscapm-srv#flowable-async-job-executor-thread-13448#
[PollStageAppStatusExecution] e4fbc9e0-0224-4a88-a46f-eef717330b07 [2026-08-18T11:46:16.749999] Uploaded droplet (59.9M) (STDOUT, STG)#
#2026 08 18 11:46:20.533#Z#DEBUG#3e4f6cdc-9afa-11f1-818d-eeee0a9896c2.bookscapm-srv#flowable-async-job-executor-thread-13448#
[PollStageAppStatusExecution] e4fbc9e0-0224-4a88-a46f-eef717330b07 [2026-08-18T11:46:16.771991] Uploading complete (STDOUT, STG)#
#2026 08 18 11:46:20.533#Z#DEBUG#3e4f6cdc-9afa-11f1-818d-eeee0a9896c2.bookscapm-srv#flowable-async-job-executor-thread-13448#
[PollStageAppStatusExecution] e4fbc9e0-0224-4a88-a46f-eef717330b07 [2026-08-18T11:46:17.665179] Cell d1cc041a-d5a1-41d6-b9f6-6cda736ce3f0 stopping instance 081f71fa-7e64-4f72-bed9-80857e11ecdd (STDOUT, STG)#
#2026 08 18 11:46:20.533#Z#DEBUG#3e4f6cdc-9afa-11f1-818d-eeee0a9896c2.bookscapm-srv#flowable-async-job-executor-thread-13448#
[PollStageAppStatusExecution] e4fbc9e0-0224-4a88-a46f-eef717330b07 [2026-08-18T11:46:17.665234] Cell d1cc041a-d5a1-41d6-b9f6-6cda736ce3f0 destroying container for instance 081f71fa-7e64-4f72-bed9-80857e11ecdd (STDOUT, STG)#
#2026 08 18 11:46:20.533#Z#DEBUG#3e4f6cdc-9afa-11f1-818d-eeee0a9896c2.bookscapm-srv#flowable-async-job-executor-thread-13448#
[PollStageAppStatusExecution] e4fbc9e0-0224-4a88-a46f-eef717330b07 [2026-08-18T11:46:17.716912] Staging complete for build 081f71fa-7e64-4f72-bed9-80857e11ecdd (STDOUT, API)#
#2026 08 18 11:46:30.812#Z#DEBUG#3e4f6cdc-9afa-11f1-818d-eeee0a9896c2.bookscapm-srv#flowable-async-job-executor-thread-12038#
[PollStartAppStatusExecution] e4fbc9e0-0224-4a88-a46f-eef717330b07 [2026-08-18T11:46:20.288410] Cell d1cc041a-d5a1-41d6-b9f6-6cda736ce3f0 successfully destroyed container for instance 081f71fa-7e64-4f72-bed9-80857e11ecdd (STDOUT, STG)#
#2026 08 18 11:46:30.812#Z#DEBUG#3e4f6cdc-9afa-11f1-818d-eeee0a9896c2.bookscapm-srv#flowable-async-job-executor-thread-12038#
[PollStartAppStatusExecution] e4fbc9e0-0224-4a88-a46f-eef717330b07 [2026-08-18T11:46:20.612724] Updated app with guid e4fbc9e0-0224-4a88-a46f-eef717330b07 ({:droplet_guid=>"5e423eb2-ae8a-4a48-9545-5953cedf60b2"}) (STDOUT, API)#
#2026 08 18 11:46:30.812#Z#DEBUG#3e4f6cdc-9afa-11f1-818d-eeee0a9896c2.bookscapm-srv#flowable-async-job-executor-thread-12038#
[PollStartAppStatusExecution] e4fbc9e0-0224-4a88-a46f-eef717330b07 [2026-08-18T11:46:20.808761] Creating revision for app with guid e4fbc9e0-0224-4a88-a46f-eef717330b07 (STDOUT, API)#
#2026 08 18 11:46:30.812#Z#DEBUG#3e4f6cdc-9afa-11f1-818d-eeee0a9896c2.bookscapm-srv#flowable-async-job-executor-thread-12038#
[PollStartAppStatusExecution] e4fbc9e0-0224-4a88-a46f-eef717330b07 [2026-08-18T11:46:20.850226] Starting app with guid e4fbc9e0-0224-4a88-a46f-eef717330b07 (STDOUT, API)#
#2026 08 18 11:46:30.812#Z#DEBUG#3e4f6cdc-9afa-11f1-818d-eeee0a9896c2.bookscapm-srv#flowable-async-job-executor-thread-12038#
[PollStartAppStatusExecution] e4fbc9e0-0224-4a88-a46f-eef717330b07 [2026-08-18T11:46:21.101187] Cell d1cc041a-d5a1-41d6-b9f6-6cda736ce3f0 creating container for instance c229dac1-6b06-45ad-7cc0-78d6 (STDOUT, CELL)#
#2026 08 18 11:46:30.812#Z#DEBUG#3e4f6cdc-9afa-11f1-818d-eeee0a9896c2.bookscapm-srv#flowable-async-job-executor-thread-12038#
[PollStartAppStatusExecution] e4fbc9e0-0224-4a88-a46f-eef717330b07 [2026-08-18T11:46:21.913424] Security group rules were updated (STDOUT, CELL)#
#2026 08 18 11:46:30.812#Z#DEBUG#3e4f6cdc-9afa-11f1-818d-eeee0a9896c2.bookscapm-srv#flowable-async-job-executor-thread-12038#
[PollStartAppStatusExecution] e4fbc9e0-0224-4a88-a46f-eef717330b07 [2026-08-18T11:46:22.066877] Cell d1cc041a-d5a1-41d6-b9f6-6cda736ce3f0 successfully created container for instance c229dac1-6b06-45ad-7cc0-78d6 (STDOUT, CELL)#
#2026 08 18 11:46:30.812#Z#DEBUG#3e4f6cdc-9afa-11f1-818d-eeee0a9896c2.bookscapm-srv#flowable-async-job-executor-thread-12038#
[PollStartAppStatusExecution] e4fbc9e0-0224-4a88-a46f-eef717330b07 [2026-08-18T11:46:22.675418] Downloading droplet... (STDOUT, CELL)#
#2026 08 18 11:46:30.812#Z#DEBUG#3e4f6cdc-9afa-11f1-818d-eeee0a9896c2.bookscapm-srv#flowable-async-job-executor-thread-12038#
[PollStartAppStatusExecution] e4fbc9e0-0224-4a88-a46f-eef717330b07 [2026-08-18T11:46:26.354038] Downloaded droplet (59.9M) (STDOUT, CELL)#
#2026 08 18 11:46:30.812#Z#DEBUG#3e4f6cdc-9afa-11f1-818d-eeee0a9896c2.bookscapm-srv#flowable-async-job-executor-thread-12038#
[PollStartAppStatusExecution] e4fbc9e0-0224-4a88-a46f-eef717330b07 [2026-08-18T11:46:26.354439] Starting health monitoring of container (STDOUT, CELL)#
#2026 08 18 11:46:30.812#Z#DEBUG#3e4f6cdc-9afa-11f1-818d-eeee0a9896c2.bookscapm-srv#flowable-async-job-executor-thread-12038#
[PollStartAppStatusExecution] e4fbc9e0-0224-4a88-a46f-eef717330b07 [2026-08-18T11:46:26.514278] Invoking pre-start scripts. (STDOUT, APP/PROC/WEB)#
#2026 08 18 11:46:30.812#Z#DEBUG#3e4f6cdc-9afa-11f1-818d-eeee0a9896c2.bookscapm-srv#flowable-async-job-executor-thread-12038#
[PollStartAppStatusExecution] e4fbc9e0-0224-4a88-a46f-eef717330b07 [2026-08-18T11:46:26.770875] Invoking start command. (STDOUT, APP/PROC/WEB)#
#2026 08 18 11:46:30.812#Z#DEBUG#3e4f6cdc-9afa-11f1-818d-eeee0a9896c2.bookscapm-srv#flowable-async-job-executor-thread-12038#
[PollStartAppStatusExecution] e4fbc9e0-0224-4a88-a46f-eef717330b07 [2026-08-18T11:46:27.339548] > bookscapm@1.0.0 start (STDOUT, APP/PROC/WEB)#
#2026 08 18 11:46:30.812#Z#DEBUG#3e4f6cdc-9afa-11f1-818d-eeee0a9896c2.bookscapm-srv#flowable-async-job-executor-thread-12038#
[PollStartAppStatusExecution] e4fbc9e0-0224-4a88-a46f-eef717330b07 [2026-08-18T11:46:27.339619] > cds-serve (STDOUT, APP/PROC/WEB)#
#2026 08 18 11:46:30.812#Z#DEBUG#3e4f6cdc-9afa-11f1-818d-eeee0a9896c2.bookscapm-srv#flowable-async-job-executor-thread-12038#
[PollStartAppStatusExecution] e4fbc9e0-0224-4a88-a46f-eef717330b07 [2026-08-18T11:46:27.636234] {"level":"info","logger":"cds","timestamp":"2026-08-18T11:46:27.634Z","layer":"cds","component_type":"application","container_id":"10.32.1.5","component_id":"e4fbc9e0-0224-4a88-a46f-eef717330b07","component_name":"bookscapm-srv","component_instance":0,"source_instance":0,"organization_name":"1fb9e48dtrial","organization_id":"8ca7719c-a1c5-4100-832b-9bfcd0e73c43","space_name":"dev","space_id":"5d8a2d66-1cdf-4f95-ae67-ef9fb5cde8d1","msg":"loaded model from 1 file(s):\n ","type":"log"} (STDOUT, APP/PROC/WEB)#
#2026 08 18 11:46:30.812#Z#DEBUG#3e4f6cdc-9afa-11f1-818d-eeee0a9896c2.bookscapm-srv#flowable-async-job-executor-thread-12038#
[PollStartAppStatusExecution] e4fbc9e0-0224-4a88-a46f-eef717330b07 [2026-08-18T11:46:27.636751] srv/csn.json (STDOUT, APP/PROC/WEB)#
#2026 08 18 11:46:30.812#Z#DEBUG#3e4f6cdc-9afa-11f1-818d-eeee0a9896c2.bookscapm-srv#flowable-async-job-executor-thread-12038#
[PollStartAppStatusExecution] e4fbc9e0-0224-4a88-a46f-eef717330b07 [2026-08-18T11:46:27.860878] {"level":"info","logger":"cds","timestamp":"2026-08-18T11:46:27.860Z","layer":"cds","component_type":"application","container_id":"10.32.1.5","component_id":"e4fbc9e0-0224-4a88-a46f-eef717330b07","component_name":"bookscapm-srv","component_instance":0,"source_instance":0,"organization_name":"1fb9e48dtrial","organization_id":"8ca7719c-a1c5-4100-832b-9bfcd0e73c43","space_name":"dev","space_id":"5d8a2d66-1cdf-4f95-ae67-ef9fb5cde8d1","msg":"connect to db > hana {\n  database_id: 'e76196d1-3d0e-4b63-a58c-bb3e1889cb4b',\n  host: 'e76196d1-3d0e-4b63-a58c-bb3e1889cb4b.hna0.prod-us10.hanacloud.ondemand.com',\n  port: '443',\n  driver: 'com.sap.db.jdbc.Driver',\n  url: 'jdbc:sap://e76196d1-3d0e-4b63-a58c-bb3e1889cb4b.hna0.prod-us10.hanacloud.ondemand.com:443?encrypt=true&validateCertificate=true&currentschema=A73E289B4D5D4307AA998E0AFB8BB7E9',\n  schema: 'A73E289B4D5D4307AA998E0AFB8BB7E9',\n  certificate: '...',\n  hdi_user: 'A73E289B4D5D4307AA998E0AFB8BB7E9_D64E135A32ZFHCC08ZN9BN39G_DT',\n  hdi_password: '...',\n  user: 'A73E289B4D5D4307AA998E0AFB8BB7E9_D64E135A32ZFHCC08ZN9BN39G_RT',\n  password: '...'\n}","type":"log"} (STDOUT, APP/PROC/WEB)#
#2026 08 18 11:46:30.812#Z#DEBUG#3e4f6cdc-9afa-11f1-818d-eeee0a9896c2.bookscapm-srv#flowable-async-job-executor-thread-12038#
[PollStartAppStatusExecution] e4fbc9e0-0224-4a88-a46f-eef717330b07 [2026-08-18T11:46:27.897575] {"level":"info","logger":"cds","timestamp":"2026-08-18T11:46:27.897Z","layer":"cds","component_type":"application","container_id":"10.32.1.5","component_id":"e4fbc9e0-0224-4a88-a46f-eef717330b07","component_name":"bookscapm-srv","component_instance":0,"source_instance":0,"organization_name":"1fb9e48dtrial","organization_id":"8ca7719c-a1c5-4100-832b-9bfcd0e73c43","space_name":"dev","space_id":"5d8a2d66-1cdf-4f95-ae67-ef9fb5cde8d1","msg":"using auth strategy { kind: 'jwt' }","type":"log"} (STDOUT, APP/PROC/WEB)#
#2026 08 18 11:46:30.812#Z#DEBUG#3e4f6cdc-9afa-11f1-818d-eeee0a9896c2.bookscapm-srv#flowable-async-job-executor-thread-12038#
[PollStartAppStatusExecution] e4fbc9e0-0224-4a88-a46f-eef717330b07 [2026-08-18T11:46:27.899651] node:internal/modules/cjs/loader:1476 (STDERR, APP/PROC/WEB)#
#2026 08 18 11:46:30.812#Z#DEBUG#3e4f6cdc-9afa-11f1-818d-eeee0a9896c2.bookscapm-srv#flowable-async-job-executor-thread-12038#
[PollStartAppStatusExecution] e4fbc9e0-0224-4a88-a46f-eef717330b07 [2026-08-18T11:46:27.899690] const err = new Error(message); (STDERR, APP/PROC/WEB)#
#2026 08 18 11:46:30.812#Z#DEBUG#3e4f6cdc-9afa-11f1-818d-eeee0a9896c2.bookscapm-srv#flowable-async-job-executor-thread-12038#
[PollStartAppStatusExecution] e4fbc9e0-0224-4a88-a46f-eef717330b07 [2026-08-18T11:46:27.899695] ^ (STDERR, APP/PROC/WEB)#
#2026 08 18 11:46:30.812#Z#DEBUG#3e4f6cdc-9afa-11f1-818d-eeee0a9896c2.bookscapm-srv#flowable-async-job-executor-thread-12038#
[PollStartAppStatusExecution] e4fbc9e0-0224-4a88-a46f-eef717330b07 [2026-08-18T11:46:27.899700] Error: Cannot find '@sap/xssec'. Make sure to install it with 'npm i @sap/xssec' (STDERR, APP/PROC/WEB)#
#2026 08 18 11:46:30.812#Z#DEBUG#3e4f6cdc-9afa-11f1-818d-eeee0a9896c2.bookscapm-srv#flowable-async-job-executor-thread-12038#
[PollStartAppStatusExecution] e4fbc9e0-0224-4a88-a46f-eef717330b07 [2026-08-18T11:46:27.899713] Cannot find module '@sap/xssec' (STDERR, APP/PROC/WEB)#
#2026 08 18 11:46:30.812#Z#DEBUG#3e4f6cdc-9afa-11f1-818d-eeee0a9896c2.bookscapm-srv#flowable-async-job-executor-thread-12038#
[PollStartAppStatusExecution] e4fbc9e0-0224-4a88-a46f-eef717330b07 [2026-08-18T11:46:27.899716] Require stack: (STDERR, APP/PROC/WEB)#
#2026 08 18 11:46:30.812#Z#DEBUG#3e4f6cdc-9afa-11f1-818d-eeee0a9896c2.bookscapm-srv#flowable-async-job-executor-thread-12038#
[PollStartAppStatusExecution] e4fbc9e0-0224-4a88-a46f-eef717330b07 [2026-08-18T11:46:27.899719] - /home/vcap/app/node_modules/@sap/cds/lib/srv/middlewares/auth/xssec.js (STDERR, APP/PROC/WEB)#
#2026 08 18 11:46:30.812#Z#DEBUG#3e4f6cdc-9afa-11f1-818d-eeee0a9896c2.bookscapm-srv#flowable-async-job-executor-thread-12038#
[PollStartAppStatusExecution] e4fbc9e0-0224-4a88-a46f-eef717330b07 [2026-08-18T11:46:27.899723] - /home/vcap/app/node_modules/@sap/cds/lib/srv/middlewares/auth/jwt-auth.js (STDERR, APP/PROC/WEB)#
#2026 08 18 11:46:30.812#Z#DEBUG#3e4f6cdc-9afa-11f1-818d-eeee0a9896c2.bookscapm-srv#flowable-async-job-executor-thread-12038#
[PollStartAppStatusExecution] e4fbc9e0-0224-4a88-a46f-eef717330b07 [2026-08-18T11:46:27.899726] - /home/vcap/app/node_modules/@sap/cds/lib/srv/middlewares/auth/index.js (STDERR, APP/PROC/WEB)#
#2026 08 18 11:46:30.812#Z#DEBUG#3e4f6cdc-9afa-11f1-818d-eeee0a9896c2.bookscapm-srv#flowable-async-job-executor-thread-12038#
[PollStartAppStatusExecution] e4fbc9e0-0224-4a88-a46f-eef717330b07 [2026-08-18T11:46:27.899729] - /home/vcap/app/node_modules/@sap/cds/lib/srv/middlewares/index.js (STDERR, APP/PROC/WEB)#
#2026 08 18 11:46:30.812#Z#DEBUG#3e4f6cdc-9afa-11f1-818d-eeee0a9896c2.bookscapm-srv#flowable-async-job-executor-thread-12038#
[PollStartAppStatusExecution] e4fbc9e0-0224-4a88-a46f-eef717330b07 [2026-08-18T11:46:27.899733] - /home/vcap/app/node_modules/@sap/cds/lib/index.js (STDERR, APP/PROC/WEB)#
#2026 08 18 11:46:30.812#Z#DEBUG#3e4f6cdc-9afa-11f1-818d-eeee0a9896c2.bookscapm-srv#flowable-async-job-executor-thread-12038#
[PollStartAppStatusExecution] e4fbc9e0-0224-4a88-a46f-eef717330b07 [2026-08-18T11:46:27.899740] - /home/vcap/app/node_modules/@sap/cds/bin/serve.js (STDERR, APP/PROC/WEB)#
#2026 08 18 11:46:30.812#Z#DEBUG#3e4f6cdc-9afa-11f1-818d-eeee0a9896c2.bookscapm-srv#flowable-async-job-executor-thread-12038#
[PollStartAppStatusExecution] e4fbc9e0-0224-4a88-a46f-eef717330b07 [2026-08-18T11:46:27.899744] at Module._resolveFilename (node:internal/modules/cjs/loader:1476:15) (STDERR, APP/PROC/WEB)#
#2026 08 18 11:46:30.812#Z#DEBUG#3e4f6cdc-9afa-11f1-818d-eeee0a9896c2.bookscapm-srv#flowable-async-job-executor-thread-12038#
[PollStartAppStatusExecution] e4fbc9e0-0224-4a88-a46f-eef717330b07 [2026-08-18T11:46:27.899747] at wrapResolveFilename (node:internal/modules/cjs/loader:1049:27) (STDERR, APP/PROC/WEB)#
#2026 08 18 11:46:30.812#Z#DEBUG#3e4f6cdc-9afa-11f1-818d-eeee0a9896c2.bookscapm-srv#flowable-async-job-executor-thread-12038#
[PollStartAppStatusExecution] e4fbc9e0-0224-4a88-a46f-eef717330b07 [2026-08-18T11:46:27.899751] at defaultResolveImplForCJSLoading (node:internal/modules/cjs/loader:1073:10) (STDERR, APP/PROC/WEB)#
#2026 08 18 11:46:30.812#Z#DEBUG#3e4f6cdc-9afa-11f1-818d-eeee0a9896c2.bookscapm-srv#flowable-async-job-executor-thread-12038#
[PollStartAppStatusExecution] e4fbc9e0-0224-4a88-a46f-eef717330b07 [2026-08-18T11:46:27.899754] at resolveForCJSWithHooks (node:internal/modules/cjs/loader:1094:12) (STDERR, APP/PROC/WEB)#
#2026 08 18 11:46:30.812#Z#DEBUG#3e4f6cdc-9afa-11f1-818d-eeee0a9896c2.bookscapm-srv#flowable-async-job-executor-thread-12038#
[PollStartAppStatusExecution] e4fbc9e0-0224-4a88-a46f-eef717330b07 [2026-08-18T11:46:27.899758] at Module._load (node:internal/modules/cjs/loader:1262:25) (STDERR, APP/PROC/WEB)#
#2026 08 18 11:46:30.812#Z#DEBUG#3e4f6cdc-9afa-11f1-818d-eeee0a9896c2.bookscapm-srv#flowable-async-job-executor-thread-12038#
[PollStartAppStatusExecution] e4fbc9e0-0224-4a88-a46f-eef717330b07 [2026-08-18T11:46:27.899761] at wrapModuleLoad (node:internal/modules/cjs/loader:255:19) (STDERR, APP/PROC/WEB)#
#2026 08 18 11:46:30.812#Z#DEBUG#3e4f6cdc-9afa-11f1-818d-eeee0a9896c2.bookscapm-srv#flowable-async-job-executor-thread-12038#
[PollStartAppStatusExecution] e4fbc9e0-0224-4a88-a46f-eef717330b07 [2026-08-18T11:46:27.899769] at Module.require (node:internal/modules/cjs/loader:1576:12) (STDERR, APP/PROC/WEB)#
#2026 08 18 11:46:30.812#Z#DEBUG#3e4f6cdc-9afa-11f1-818d-eeee0a9896c2.bookscapm-srv#flowable-async-job-executor-thread-12038#
[PollStartAppStatusExecution] e4fbc9e0-0224-4a88-a46f-eef717330b07 [2026-08-18T11:46:27.899772] at require (node:internal/modules/helpers:153:16) (STDERR, APP/PROC/WEB)#
#2026 08 18 11:46:30.812#Z#DEBUG#3e4f6cdc-9afa-11f1-818d-eeee0a9896c2.bookscapm-srv#flowable-async-job-executor-thread-12038#
[PollStartAppStatusExecution] e4fbc9e0-0224-4a88-a46f-eef717330b07 [2026-08-18T11:46:27.899776] at Object.<anonymous> (/home/vcap/app/node_modules/@sap/cds/lib/srv/middlewares/auth/xssec.js:2:17) (STDERR, APP/PROC/WEB)#
#2026 08 18 11:46:30.812#Z#DEBUG#3e4f6cdc-9afa-11f1-818d-eeee0a9896c2.bookscapm-srv#flowable-async-job-executor-thread-12038#
[PollStartAppStatusExecution] e4fbc9e0-0224-4a88-a46f-eef717330b07 [2026-08-18T11:46:27.899783] at Module._compile (node:internal/modules/cjs/loader:1830:14) { (STDERR, APP/PROC/WEB)#
#2026 08 18 11:46:30.812#Z#DEBUG#3e4f6cdc-9afa-11f1-818d-eeee0a9896c2.bookscapm-srv#flowable-async-job-executor-thread-12038#
[PollStartAppStatusExecution] e4fbc9e0-0224-4a88-a46f-eef717330b07 [2026-08-18T11:46:27.899786] code: 'MODULE_NOT_FOUND', (STDERR, APP/PROC/WEB)#
#2026 08 18 11:46:30.812#Z#DEBUG#3e4f6cdc-9afa-11f1-818d-eeee0a9896c2.bookscapm-srv#flowable-async-job-executor-thread-12038#
[PollStartAppStatusExecution] e4fbc9e0-0224-4a88-a46f-eef717330b07 [2026-08-18T11:46:27.899793] requireStack: [ (STDERR, APP/PROC/WEB)#
#2026 08 18 11:46:30.812#Z#DEBUG#3e4f6cdc-9afa-11f1-818d-eeee0a9896c2.bookscapm-srv#flowable-async-job-executor-thread-12038#
[PollStartAppStatusExecution] e4fbc9e0-0224-4a88-a46f-eef717330b07 [2026-08-18T11:46:27.899799] '/home/vcap/app/node_modules/@sap/cds/lib/srv/middlewares/auth/xssec.js', (STDERR, APP/PROC/WEB)#
#2026 08 18 11:46:30.812#Z#DEBUG#3e4f6cdc-9afa-11f1-818d-eeee0a9896c2.bookscapm-srv#flowable-async-job-executor-thread-12038#
[PollStartAppStatusExecution] e4fbc9e0-0224-4a88-a46f-eef717330b07 [2026-08-18T11:46:27.899803] '/home/vcap/app/node_modules/@sap/cds/lib/srv/middlewares/auth/jwt-auth.js', (STDERR, APP/PROC/WEB)#
#2026 08 18 11:46:30.812#Z#DEBUG#3e4f6cdc-9afa-11f1-818d-eeee0a9896c2.bookscapm-srv#flowable-async-job-executor-thread-12038#
[PollStartAppStatusExecution] e4fbc9e0-0224-4a88-a46f-eef717330b07 [2026-08-18T11:46:27.899809] '/home/vcap/app/node_modules/@sap/cds/lib/srv/middlewares/auth/index.js', (STDERR, APP/PROC/WEB)#
#2026 08 18 11:46:30.812#Z#DEBUG#3e4f6cdc-9afa-11f1-818d-eeee0a9896c2.bookscapm-srv#flowable-async-job-executor-thread-12038#
[PollStartAppStatusExecution] e4fbc9e0-0224-4a88-a46f-eef717330b07 [2026-08-18T11:46:27.899817] '/home/vcap/app/node_modules/@sap/cds/lib/srv/middlewares/index.js', (STDERR, APP/PROC/WEB)#
#2026 08 18 11:46:30.812#Z#DEBUG#3e4f6cdc-9afa-11f1-818d-eeee0a9896c2.bookscapm-srv#flowable-async-job-executor-thread-12038#
[PollStartAppStatusExecution] e4fbc9e0-0224-4a88-a46f-eef717330b07 [2026-08-18T11:46:27.899822] '/home/vcap/app/node_modules/@sap/cds/lib/index.js', (STDERR, APP/PROC/WEB)#
#2026 08 18 11:46:30.812#Z#DEBUG#3e4f6cdc-9afa-11f1-818d-eeee0a9896c2.bookscapm-srv#flowable-async-job-executor-thread-12038#
[PollStartAppStatusExecution] e4fbc9e0-0224-4a88-a46f-eef717330b07 [2026-08-18T11:46:27.899825] '/home/vcap/app/node_modules/@sap/cds/bin/serve.js' (STDERR, APP/PROC/WEB)#
#2026 08 18 11:46:30.812#Z#DEBUG#3e4f6cdc-9afa-11f1-818d-eeee0a9896c2.bookscapm-srv#flowable-async-job-executor-thread-12038#
[PollStartAppStatusExecution] e4fbc9e0-0224-4a88-a46f-eef717330b07 [2026-08-18T11:46:27.899829] ] (STDERR, APP/PROC/WEB)#
#2026 08 18 11:46:30.812#Z#DEBUG#3e4f6cdc-9afa-11f1-818d-eeee0a9896c2.bookscapm-srv#flowable-async-job-executor-thread-12038#
[PollStartAppStatusExecution] e4fbc9e0-0224-4a88-a46f-eef717330b07 [2026-08-18T11:46:27.899833] } (STDERR, APP/PROC/WEB)#
#2026 08 18 11:46:30.812#Z#DEBUG#3e4f6cdc-9afa-11f1-818d-eeee0a9896c2.bookscapm-srv#flowable-async-job-executor-thread-12038#
[PollStartAppStatusExecution] e4fbc9e0-0224-4a88-a46f-eef717330b07 [2026-08-18T11:46:27.899838] Node.js v24.15.0 (STDERR, APP/PROC/WEB)#
#2026 08 18 11:46:30.812#Z#DEBUG#3e4f6cdc-9afa-11f1-818d-eeee0a9896c2.bookscapm-srv#flowable-async-job-executor-thread-12038#
[PollStartAppStatusExecution] e4fbc9e0-0224-4a88-a46f-eef717330b07 [2026-08-18T11:46:27.916736] npm notice (STDERR, APP/PROC/WEB)#
#2026 08 18 11:46:30.812#Z#DEBUG#3e4f6cdc-9afa-11f1-818d-eeee0a9896c2.bookscapm-srv#flowable-async-job-executor-thread-12038#
[PollStartAppStatusExecution] e4fbc9e0-0224-4a88-a46f-eef717330b07 [2026-08-18T11:46:27.916769] npm notice New major version of npm available! 11.12.1 -> 12.0.2 (STDERR, APP/PROC/WEB)#
#2026 08 18 11:46:30.812#Z#DEBUG#3e4f6cdc-9afa-11f1-818d-eeee0a9896c2.bookscapm-srv#flowable-async-job-executor-thread-12038#
[PollStartAppStatusExecution] e4fbc9e0-0224-4a88-a46f-eef717330b07 [2026-08-18T11:46:27.916775] npm notice Changelog: https://github.com/npm/cli/releases/tag/v12.0.2 (STDERR, APP/PROC/WEB)#
#2026 08 18 11:46:30.812#Z#DEBUG#3e4f6cdc-9afa-11f1-818d-eeee0a9896c2.bookscapm-srv#flowable-async-job-executor-thread-12038#
[PollStartAppStatusExecution] e4fbc9e0-0224-4a88-a46f-eef717330b07 [2026-08-18T11:46:27.916779] npm notice To update run: npm install -g npm@12.0.2 (STDERR, APP/PROC/WEB)#
#2026 08 18 11:46:30.812#Z#DEBUG#3e4f6cdc-9afa-11f1-818d-eeee0a9896c2.bookscapm-srv#flowable-async-job-executor-thread-12038#
[PollStartAppStatusExecution] e4fbc9e0-0224-4a88-a46f-eef717330b07 [2026-08-18T11:46:27.916782] npm notice (STDERR, APP/PROC/WEB)#
#2026 08 18 11:46:30.812#Z#DEBUG#3e4f6cdc-9afa-11f1-818d-eeee0a9896c2.bookscapm-srv#flowable-async-job-executor-thread-12038#
[PollStartAppStatusExecution] e4fbc9e0-0224-4a88-a46f-eef717330b07 [2026-08-18T11:46:27.992671] Exit status 1 (STDOUT, APP/PROC/WEB)#
#2026 08 18 11:46:41.341#Z#DEBUG#3e4f6cdc-9afa-11f1-818d-eeee0a9896c2.bookscapm-srv#flowable-async-job-executor-thread-13467#
[PollStartAppStatusExecution] e4fbc9e0-0224-4a88-a46f-eef717330b07 [2026-08-18T11:46:34.240921] Cell d1cc041a-d5a1-41d6-b9f6-6cda736ce3f0 stopping instance c229dac1-6b06-45ad-7cc0-78d6 (STDOUT, CELL)#
#2026 08 18 11:46:41.341#Z#DEBUG#3e4f6cdc-9afa-11f1-818d-eeee0a9896c2.bookscapm-srv#flowable-async-job-executor-thread-13467#
[PollStartAppStatusExecution] e4fbc9e0-0224-4a88-a46f-eef717330b07 [2026-08-18T11:46:34.240972] Cell d1cc041a-d5a1-41d6-b9f6-6cda736ce3f0 destroying container for instance c229dac1-6b06-45ad-7cc0-78d6 (STDOUT, CELL)#
#2026 08 18 11:46:41.341#Z#DEBUG#3e4f6cdc-9afa-11f1-818d-eeee0a9896c2.bookscapm-srv#flowable-async-job-executor-thread-13467#
[PollStartAppStatusExecution] e4fbc9e0-0224-4a88-a46f-eef717330b07 [2026-08-18T11:46:34.246721] Process has crashed with type: "web" (STDOUT, API)#
#2026 08 18 11:46:41.341#Z#DEBUG#3e4f6cdc-9afa-11f1-818d-eeee0a9896c2.bookscapm-srv#flowable-async-job-executor-thread-13467#
[PollStartAppStatusExecution] e4fbc9e0-0224-4a88-a46f-eef717330b07 [2026-08-18T11:46:34.258106] App instance exited with guid e4fbc9e0-0224-4a88-a46f-eef717330b07 payload: {"instance"=>"c229dac1-6b06-45ad-7cc0-78d6", "index"=>0, "cell_id"=>"d1cc041a-d5a1-41d6-b9f6-6cda736ce3f0", "reason"=>"CRASHED", "exit_description"=>"APP/PROC/WEB: Exited with status 1", "crash_count"=>1, "crash_timestamp"=>1787053594225186330, "version"=>"59d49d88-ef46-42fc-82d0-9d8e26dbcdb6"} (STDOUT, API)#
#2026 08 18 11:46:41.341#Z#DEBUG#3e4f6cdc-9afa-11f1-818d-eeee0a9896c2.bookscapm-srv#flowable-async-job-executor-thread-13467#
[PollStartAppStatusExecution] e4fbc9e0-0224-4a88-a46f-eef717330b07 [2026-08-18T11:46:34.457980] Cell 77283d80-dfa7-40ba-ba4e-265aef112085 creating container for instance 1b989417-7268-4dcc-4476-1aa1 (STDOUT, CELL)#
#2026 08 18 11:46:41.341#Z#DEBUG#3e4f6cdc-9afa-11f1-818d-eeee0a9896c2.bookscapm-srv#flowable-async-job-executor-thread-13467#
[PollStartAppStatusExecution] e4fbc9e0-0224-4a88-a46f-eef717330b07 [2026-08-18T11:46:34.482245] Exit status 137 (STDOUT, PROXY)#
#2026 08 18 11:46:41.341#Z#DEBUG#3e4f6cdc-9afa-11f1-818d-eeee0a9896c2.bookscapm-srv#flowable-async-job-executor-thread-13467#
[PollStartAppStatusExecution] e4fbc9e0-0224-4a88-a46f-eef717330b07 [2026-08-18T11:46:35.169929] Security group rules were updated (STDOUT, CELL)#
#2026 08 18 11:46:41.341#Z#DEBUG#3e4f6cdc-9afa-11f1-818d-eeee0a9896c2.bookscapm-srv#flowable-async-job-executor-thread-13467#
[PollStartAppStatusExecution] e4fbc9e0-0224-4a88-a46f-eef717330b07 [2026-08-18T11:46:35.258300] Cell 77283d80-dfa7-40ba-ba4e-265aef112085 successfully created container for instance 1b989417-7268-4dcc-4476-1aa1 (STDOUT, CELL)#
#2026 08 18 11:46:41.341#Z#DEBUG#3e4f6cdc-9afa-11f1-818d-eeee0a9896c2.bookscapm-srv#flowable-async-job-executor-thread-13467#
[PollStartAppStatusExecution] e4fbc9e0-0224-4a88-a46f-eef717330b07 [2026-08-18T11:46:36.074668] Downloading droplet... (STDOUT, CELL)#
#2026 08 18 11:46:41.341#Z#DEBUG#3e4f6cdc-9afa-11f1-818d-eeee0a9896c2.bookscapm-srv#flowable-async-job-executor-thread-13467#
[PollStartAppStatusExecution] e4fbc9e0-0224-4a88-a46f-eef717330b07 [2026-08-18T11:46:36.710461] Cell d1cc041a-d5a1-41d6-b9f6-6cda736ce3f0 successfully destroyed container for instance c229dac1-6b06-45ad-7cc0-78d6 (STDOUT, CELL)#
#2026 08 18 11:46:41.341#Z#DEBUG#3e4f6cdc-9afa-11f1-818d-eeee0a9896c2.bookscapm-srv#flowable-async-job-executor-thread-13467#
[PollStartAppStatusExecution] e4fbc9e0-0224-4a88-a46f-eef717330b07 [2026-08-18T11:46:39.633381] Downloaded droplet (59.9M) (STDOUT, CELL)#
#2026 08 18 11:46:41.341#Z#DEBUG#3e4f6cdc-9afa-11f1-818d-eeee0a9896c2.bookscapm-srv#flowable-async-job-executor-thread-13467#
[PollStartAppStatusExecution] e4fbc9e0-0224-4a88-a46f-eef717330b07 [2026-08-18T11:46:39.633539] Starting health monitoring of container (STDOUT, CELL)#
#2026 08 18 11:46:41.341#Z#DEBUG#3e4f6cdc-9afa-11f1-818d-eeee0a9896c2.bookscapm-srv#flowable-async-job-executor-thread-13467#
[PollStartAppStatusExecution] e4fbc9e0-0224-4a88-a46f-eef717330b07 [2026-08-18T11:46:39.768006] Invoking pre-start scripts. (STDOUT, APP/PROC/WEB)#
#2026 08 18 11:46:41.341#Z#DEBUG#3e4f6cdc-9afa-11f1-818d-eeee0a9896c2.bookscapm-srv#flowable-async-job-executor-thread-13467#
[PollStartAppStatusExecution] e4fbc9e0-0224-4a88-a46f-eef717330b07 [2026-08-18T11:46:40.024074] Invoking start command. (STDOUT, APP/PROC/WEB)#
#2026 08 18 11:46:41.341#Z#DEBUG#3e4f6cdc-9afa-11f1-818d-eeee0a9896c2.bookscapm-srv#flowable-async-job-executor-thread-13467#
[PollStartAppStatusExecution] e4fbc9e0-0224-4a88-a46f-eef717330b07 [2026-08-18T11:46:40.499956] > bookscapm@1.0.0 start (STDOUT, APP/PROC/WEB)#
#2026 08 18 11:46:41.341#Z#DEBUG#3e4f6cdc-9afa-11f1-818d-eeee0a9896c2.bookscapm-srv#flowable-async-job-executor-thread-13467#
[PollStartAppStatusExecution] e4fbc9e0-0224-4a88-a46f-eef717330b07 [2026-08-18T11:46:40.499990] > cds-serve (STDOUT, APP/PROC/WEB)#
#2026 08 18 11:46:41.341#Z#DEBUG#3e4f6cdc-9afa-11f1-818d-eeee0a9896c2.bookscapm-srv#flowable-async-job-executor-thread-13467#
[PollStartAppStatusExecution] e4fbc9e0-0224-4a88-a46f-eef717330b07 [2026-08-18T11:46:40.772079] {"level":"info","logger":"cds","timestamp":"2026-08-18T11:46:40.770Z","layer":"cds","component_type":"application","container_id":"10.32.3.6","component_id":"e4fbc9e0-0224-4a88-a46f-eef717330b07","component_name":"bookscapm-srv","component_instance":0,"source_instance":0,"organization_name":"1fb9e48dtrial","organization_id":"8ca7719c-a1c5-4100-832b-9bfcd0e73c43","space_name":"dev","space_id":"5d8a2d66-1cdf-4f95-ae67-ef9fb5cde8d1","msg":"loaded model from 1 file(s):\n ","type":"log"} (STDOUT, APP/PROC/WEB)#
#2026 08 18 11:46:41.341#Z#DEBUG#3e4f6cdc-9afa-11f1-818d-eeee0a9896c2.bookscapm-srv#flowable-async-job-executor-thread-13467#
[PollStartAppStatusExecution] e4fbc9e0-0224-4a88-a46f-eef717330b07 [2026-08-18T11:46:40.772521] srv/csn.json (STDOUT, APP/PROC/WEB)#
#2026 08 18 11:46:41.341#Z#DEBUG#3e4f6cdc-9afa-11f1-818d-eeee0a9896c2.bookscapm-srv#flowable-async-job-executor-thread-13467#
[PollStartAppStatusExecution] e4fbc9e0-0224-4a88-a46f-eef717330b07 [2026-08-18T11:46:40.981838] {"level":"info","logger":"cds","timestamp":"2026-08-18T11:46:40.981Z","layer":"cds","component_type":"application","container_id":"10.32.3.6","component_id":"e4fbc9e0-0224-4a88-a46f-eef717330b07","component_name":"bookscapm-srv","component_instance":0,"source_instance":0,"organization_name":"1fb9e48dtrial","organization_id":"8ca7719c-a1c5-4100-832b-9bfcd0e73c43","space_name":"dev","space_id":"5d8a2d66-1cdf-4f95-ae67-ef9fb5cde8d1","msg":"connect to db > hana {\n  database_id: 'e76196d1-3d0e-4b63-a58c-bb3e1889cb4b',\n  host: 'e76196d1-3d0e-4b63-a58c-bb3e1889cb4b.hna0.prod-us10.hanacloud.ondemand.com',\n  port: '443',\n  driver: 'com.sap.db.jdbc.Driver',\n  url: 'jdbc:sap://e76196d1-3d0e-4b63-a58c-bb3e1889cb4b.hna0.prod-us10.hanacloud.ondemand.com:443?encrypt=true&validateCertificate=true&currentschema=A73E289B4D5D4307AA998E0AFB8BB7E9',\n  schema: 'A73E289B4D5D4307AA998E0AFB8BB7E9',\n  certificate: '...',\n  hdi_user: 'A73E289B4D5D4307AA998E0AFB8BB7E9_D64E135A32ZFHCC08ZN9BN39G_DT',\n  hdi_password: '...',\n  user: 'A73E289B4D5D4307AA998E0AFB8BB7E9_D64E135A32ZFHCC08ZN9BN39G_RT',\n  password: '...'\n}","type":"log"} (STDOUT, APP/PROC/WEB)#
#2026 08 18 11:46:41.341#Z#DEBUG#3e4f6cdc-9afa-11f1-818d-eeee0a9896c2.bookscapm-srv#flowable-async-job-executor-thread-13467#
[PollStartAppStatusExecution] e4fbc9e0-0224-4a88-a46f-eef717330b07 [2026-08-18T11:46:41.011425] {"level":"info","logger":"cds","timestamp":"2026-08-18T11:46:41.010Z","layer":"cds","component_type":"application","container_id":"10.32.3.6","component_id":"e4fbc9e0-0224-4a88-a46f-eef717330b07","component_name":"bookscapm-srv","component_instance":0,"source_instance":0,"organization_name":"1fb9e48dtrial","organization_id":"8ca7719c-a1c5-4100-832b-9bfcd0e73c43","space_name":"dev","space_id":"5d8a2d66-1cdf-4f95-ae67-ef9fb5cde8d1","msg":"using auth strategy { kind: 'jwt' }","type":"log"} (STDOUT, APP/PROC/WEB)#
#2026 08 18 11:46:41.341#Z#DEBUG#3e4f6cdc-9afa-11f1-818d-eeee0a9896c2.bookscapm-srv#flowable-async-job-executor-thread-13467#
[PollStartAppStatusExecution] e4fbc9e0-0224-4a88-a46f-eef717330b07 [2026-08-18T11:46:41.013303] node:internal/modules/cjs/loader:1476 (STDERR, APP/PROC/WEB)#
#2026 08 18 11:46:41.341#Z#DEBUG#3e4f6cdc-9afa-11f1-818d-eeee0a9896c2.bookscapm-srv#flowable-async-job-executor-thread-13467#
[PollStartAppStatusExecution] e4fbc9e0-0224-4a88-a46f-eef717330b07 [2026-08-18T11:46:41.013323] const err = new Error(message); (STDERR, APP/PROC/WEB)#
#2026 08 18 11:46:41.341#Z#DEBUG#3e4f6cdc-9afa-11f1-818d-eeee0a9896c2.bookscapm-srv#flowable-async-job-executor-thread-13467#
[PollStartAppStatusExecution] e4fbc9e0-0224-4a88-a46f-eef717330b07 [2026-08-18T11:46:41.013331] ^ (STDERR, APP/PROC/WEB)#
#2026 08 18 11:46:41.341#Z#DEBUG#3e4f6cdc-9afa-11f1-818d-eeee0a9896c2.bookscapm-srv#flowable-async-job-executor-thread-13467#
[PollStartAppStatusExecution] e4fbc9e0-0224-4a88-a46f-eef717330b07 [2026-08-18T11:46:41.013336] Error: Cannot find '@sap/xssec'. Make sure to install it with 'npm i @sap/xssec' (STDERR, APP/PROC/WEB)#
#2026 08 18 11:46:41.341#Z#DEBUG#3e4f6cdc-9afa-11f1-818d-eeee0a9896c2.bookscapm-srv#flowable-async-job-executor-thread-13467#
[PollStartAppStatusExecution] e4fbc9e0-0224-4a88-a46f-eef717330b07 [2026-08-18T11:46:41.013339] Cannot find module '@sap/xssec' (STDERR, APP/PROC/WEB)#
#2026 08 18 11:46:41.341#Z#DEBUG#3e4f6cdc-9afa-11f1-818d-eeee0a9896c2.bookscapm-srv#flowable-async-job-executor-thread-13467#
[PollStartAppStatusExecution] e4fbc9e0-0224-4a88-a46f-eef717330b07 [2026-08-18T11:46:41.013345] Require stack: (STDERR, APP/PROC/WEB)#
#2026 08 18 11:46:41.341#Z#DEBUG#3e4f6cdc-9afa-11f1-818d-eeee0a9896c2.bookscapm-srv#flowable-async-job-executor-thread-13467#
[PollStartAppStatusExecution] e4fbc9e0-0224-4a88-a46f-eef717330b07 [2026-08-18T11:46:41.013348] - /home/vcap/app/node_modules/@sap/cds/lib/srv/middlewares/auth/xssec.js (STDERR, APP/PROC/WEB)#
#2026 08 18 11:46:41.341#Z#DEBUG#3e4f6cdc-9afa-11f1-818d-eeee0a9896c2.bookscapm-srv#flowable-async-job-executor-thread-13467#
[PollStartAppStatusExecution] e4fbc9e0-0224-4a88-a46f-eef717330b07 [2026-08-18T11:46:41.013351] - /home/vcap/app/node_modules/@sap/cds/lib/srv/middlewares/auth/jwt-auth.js (STDERR, APP/PROC/WEB)#
#2026 08 18 11:46:41.341#Z#DEBUG#3e4f6cdc-9afa-11f1-818d-eeee0a9896c2.bookscapm-srv#flowable-async-job-executor-thread-13467#
[PollStartAppStatusExecution] e4fbc9e0-0224-4a88-a46f-eef717330b07 [2026-08-18T11:46:41.013354] - /home/vcap/app/node_modules/@sap/cds/lib/srv/middlewares/auth/index.js (STDERR, APP/PROC/WEB)#
#2026 08 18 11:46:41.341#Z#DEBUG#3e4f6cdc-9afa-11f1-818d-eeee0a9896c2.bookscapm-srv#flowable-async-job-executor-thread-13467#
[PollStartAppStatusExecution] e4fbc9e0-0224-4a88-a46f-eef717330b07 [2026-08-18T11:46:41.013356] - /home/vcap/app/node_modules/@sap/cds/lib/srv/middlewares/index.js (STDERR, APP/PROC/WEB)#
#2026 08 18 11:46:41.341#Z#DEBUG#3e4f6cdc-9afa-11f1-818d-eeee0a9896c2.bookscapm-srv#flowable-async-job-executor-thread-13467#
[PollStartAppStatusExecution] e4fbc9e0-0224-4a88-a46f-eef717330b07 [2026-08-18T11:46:41.013359] - /home/vcap/app/node_modules/@sap/cds/lib/index.js (STDERR, APP/PROC/WEB)#
#2026 08 18 11:46:41.341#Z#DEBUG#3e4f6cdc-9afa-11f1-818d-eeee0a9896c2.bookscapm-srv#flowable-async-job-executor-thread-13467#
[PollStartAppStatusExecution] e4fbc9e0-0224-4a88-a46f-eef717330b07 [2026-08-18T11:46:41.013362] - /home/vcap/app/node_modules/@sap/cds/bin/serve.js (STDERR, APP/PROC/WEB)#
#2026 08 18 11:46:41.341#Z#DEBUG#3e4f6cdc-9afa-11f1-818d-eeee0a9896c2.bookscapm-srv#flowable-async-job-executor-thread-13467#
[PollStartAppStatusExecution] e4fbc9e0-0224-4a88-a46f-eef717330b07 [2026-08-18T11:46:41.013365] at Module._resolveFilename (node:internal/modules/cjs/loader:1476:15) (STDERR, APP/PROC/WEB)#
#2026 08 18 11:46:41.341#Z#DEBUG#3e4f6cdc-9afa-11f1-818d-eeee0a9896c2.bookscapm-srv#flowable-async-job-executor-thread-13467#
[PollStartAppStatusExecution] e4fbc9e0-0224-4a88-a46f-eef717330b07 [2026-08-18T11:46:41.013367] at wrapResolveFilename (node:internal/modules/cjs/loader:1049:27) (STDERR, APP/PROC/WEB)#
#2026 08 18 11:46:41.341#Z#DEBUG#3e4f6cdc-9afa-11f1-818d-eeee0a9896c2.bookscapm-srv#flowable-async-job-executor-thread-13467#
[PollStartAppStatusExecution] e4fbc9e0-0224-4a88-a46f-eef717330b07 [2026-08-18T11:46:41.013370] at defaultResolveImplForCJSLoading (node:internal/modules/cjs/loader:1073:10) (STDERR, APP/PROC/WEB)#
#2026 08 18 11:46:41.341#Z#DEBUG#3e4f6cdc-9afa-11f1-818d-eeee0a9896c2.bookscapm-srv#flowable-async-job-executor-thread-13467#
[PollStartAppStatusExecution] e4fbc9e0-0224-4a88-a46f-eef717330b07 [2026-08-18T11:46:41.013373] at resolveForCJSWithHooks (node:internal/modules/cjs/loader:1094:12) (STDERR, APP/PROC/WEB)#
#2026 08 18 11:46:41.341#Z#DEBUG#3e4f6cdc-9afa-11f1-818d-eeee0a9896c2.bookscapm-srv#flowable-async-job-executor-thread-13467#
[PollStartAppStatusExecution] e4fbc9e0-0224-4a88-a46f-eef717330b07 [2026-08-18T11:46:41.013376] at Module._load (node:internal/modules/cjs/loader:1262:25) (STDERR, APP/PROC/WEB)#
#2026 08 18 11:46:41.341#Z#DEBUG#3e4f6cdc-9afa-11f1-818d-eeee0a9896c2.bookscapm-srv#flowable-async-job-executor-thread-13467#
[PollStartAppStatusExecution] e4fbc9e0-0224-4a88-a46f-eef717330b07 [2026-08-18T11:46:41.013393] at wrapModuleLoad (node:internal/modules/cjs/loader:255:19) (STDERR, APP/PROC/WEB)#
#2026 08 18 11:46:41.341#Z#DEBUG#3e4f6cdc-9afa-11f1-818d-eeee0a9896c2.bookscapm-srv#flowable-async-job-executor-thread-13467#
[PollStartAppStatusExecution] e4fbc9e0-0224-4a88-a46f-eef717330b07 [2026-08-18T11:46:41.013400] at Module.require (node:internal/modules/cjs/loader:1576:12) (STDERR, APP/PROC/WEB)#
#2026 08 18 11:46:41.341#Z#DEBUG#3e4f6cdc-9afa-11f1-818d-eeee0a9896c2.bookscapm-srv#flowable-async-job-executor-thread-13467#
[PollStartAppStatusExecution] e4fbc9e0-0224-4a88-a46f-eef717330b07 [2026-08-18T11:46:41.013402] at require (node:internal/modules/helpers:153:16) (STDERR, APP/PROC/WEB)#
#2026 08 18 11:46:41.341#Z#DEBUG#3e4f6cdc-9afa-11f1-818d-eeee0a9896c2.bookscapm-srv#flowable-async-job-executor-thread-13467#
[PollStartAppStatusExecution] e4fbc9e0-0224-4a88-a46f-eef717330b07 [2026-08-18T11:46:41.013412] at Object.<anonymous> (/home/vcap/app/node_modules/@sap/cds/lib/srv/middlewares/auth/xssec.js:2:17) (STDERR, APP/PROC/WEB)#
#2026 08 18 11:46:41.341#Z#DEBUG#3e4f6cdc-9afa-11f1-818d-eeee0a9896c2.bookscapm-srv#flowable-async-job-executor-thread-13467#
[PollStartAppStatusExecution] e4fbc9e0-0224-4a88-a46f-eef717330b07 [2026-08-18T11:46:41.013415] at Module._compile (node:internal/modules/cjs/loader:1830:14) { (STDERR, APP/PROC/WEB)#
#2026 08 18 11:46:41.341#Z#DEBUG#3e4f6cdc-9afa-11f1-818d-eeee0a9896c2.bookscapm-srv#flowable-async-job-executor-thread-13467#
[PollStartAppStatusExecution] e4fbc9e0-0224-4a88-a46f-eef717330b07 [2026-08-18T11:46:41.013417] code: 'MODULE_NOT_FOUND', (STDERR, APP/PROC/WEB)#
#2026 08 18 11:46:41.341#Z#DEBUG#3e4f6cdc-9afa-11f1-818d-eeee0a9896c2.bookscapm-srv#flowable-async-job-executor-thread-13467#
[PollStartAppStatusExecution] e4fbc9e0-0224-4a88-a46f-eef717330b07 [2026-08-18T11:46:41.013421] requireStack: [ (STDERR, APP/PROC/WEB)#
#2026 08 18 11:46:41.341#Z#DEBUG#3e4f6cdc-9afa-11f1-818d-eeee0a9896c2.bookscapm-srv#flowable-async-job-executor-thread-13467#
[PollStartAppStatusExecution] e4fbc9e0-0224-4a88-a46f-eef717330b07 [2026-08-18T11:46:41.013423] '/home/vcap/app/node_modules/@sap/cds/lib/srv/middlewares/auth/xssec.js', (STDERR, APP/PROC/WEB)#
#2026 08 18 11:46:41.341#Z#DEBUG#3e4f6cdc-9afa-11f1-818d-eeee0a9896c2.bookscapm-srv#flowable-async-job-executor-thread-13467#
[PollStartAppStatusExecution] e4fbc9e0-0224-4a88-a46f-eef717330b07 [2026-08-18T11:46:41.013429] '/home/vcap/app/node_modules/@sap/cds/lib/srv/middlewares/auth/jwt-auth.js', (STDERR, APP/PROC/WEB)#
#2026 08 18 11:46:41.341#Z#DEBUG#3e4f6cdc-9afa-11f1-818d-eeee0a9896c2.bookscapm-srv#flowable-async-job-executor-thread-13467#
[PollStartAppStatusExecution] e4fbc9e0-0224-4a88-a46f-eef717330b07 [2026-08-18T11:46:41.013435] '/home/vcap/app/node_modules/@sap/cds/lib/srv/middlewares/auth/index.js', (STDERR, APP/PROC/WEB)#
#2026 08 18 11:46:41.341#Z#DEBUG#3e4f6cdc-9afa-11f1-818d-eeee0a9896c2.bookscapm-srv#flowable-async-job-executor-thread-13467#
[PollStartAppStatusExecution] e4fbc9e0-0224-4a88-a46f-eef717330b07 [2026-08-18T11:46:41.013437] '/home/vcap/app/node_modules/@sap/cds/lib/srv/middlewares/index.js', (STDERR, APP/PROC/WEB)#
#2026 08 18 11:46:41.341#Z#DEBUG#3e4f6cdc-9afa-11f1-818d-eeee0a9896c2.bookscapm-srv#flowable-async-job-executor-thread-13467#
[PollStartAppStatusExecution] e4fbc9e0-0224-4a88-a46f-eef717330b07 [2026-08-18T11:46:41.013440] '/home/vcap/app/node_modules/@sap/cds/lib/index.js', (STDERR, APP/PROC/WEB)#
#2026 08 18 11:46:41.341#Z#DEBUG#3e4f6cdc-9afa-11f1-818d-eeee0a9896c2.bookscapm-srv#flowable-async-job-executor-thread-13467#
[PollStartAppStatusExecution] e4fbc9e0-0224-4a88-a46f-eef717330b07 [2026-08-18T11:46:41.013442] '/home/vcap/app/node_modules/@sap/cds/bin/serve.js' (STDERR, APP/PROC/WEB)#
#2026 08 18 11:46:41.341#Z#DEBUG#3e4f6cdc-9afa-11f1-818d-eeee0a9896c2.bookscapm-srv#flowable-async-job-executor-thread-13467#
[PollStartAppStatusExecution] e4fbc9e0-0224-4a88-a46f-eef717330b07 [2026-08-18T11:46:41.013445] ] (STDERR, APP/PROC/WEB)#
#2026 08 18 11:46:41.341#Z#DEBUG#3e4f6cdc-9afa-11f1-818d-eeee0a9896c2.bookscapm-srv#flowable-async-job-executor-thread-13467#
[PollStartAppStatusExecution] e4fbc9e0-0224-4a88-a46f-eef717330b07 [2026-08-18T11:46:41.013447] } (STDERR, APP/PROC/WEB)#
#2026 08 18 11:46:41.341#Z#DEBUG#3e4f6cdc-9afa-11f1-818d-eeee0a9896c2.bookscapm-srv#flowable-async-job-executor-thread-13467#
[PollStartAppStatusExecution] e4fbc9e0-0224-4a88-a46f-eef717330b07 [2026-08-18T11:46:41.013449] Node.js v24.15.0 (STDERR, APP/PROC/WEB)#
#2026 08 18 11:46:41.341#Z#DEBUG#3e4f6cdc-9afa-11f1-818d-eeee0a9896c2.bookscapm-srv#flowable-async-job-executor-thread-13467#
[PollStartAppStatusExecution] e4fbc9e0-0224-4a88-a46f-eef717330b07 [2026-08-18T11:46:41.032054] npm notice (STDERR, APP/PROC/WEB)#
#2026 08 18 11:46:41.341#Z#DEBUG#3e4f6cdc-9afa-11f1-818d-eeee0a9896c2.bookscapm-srv#flowable-async-job-executor-thread-13467#
[PollStartAppStatusExecution] e4fbc9e0-0224-4a88-a46f-eef717330b07 [2026-08-18T11:46:41.032096] npm notice New major version of npm available! 11.12.1 -> 12.0.2 (STDERR, APP/PROC/WEB)#
#2026 08 18 11:46:41.341#Z#DEBUG#3e4f6cdc-9afa-11f1-818d-eeee0a9896c2.bookscapm-srv#flowable-async-job-executor-thread-13467#
[PollStartAppStatusExecution] e4fbc9e0-0224-4a88-a46f-eef717330b07 [2026-08-18T11:46:41.032102] npm notice Changelog: https://github.com/npm/cli/releases/tag/v12.0.2 (STDERR, APP/PROC/WEB)#
#2026 08 18 11:46:41.341#Z#DEBUG#3e4f6cdc-9afa-11f1-818d-eeee0a9896c2.bookscapm-srv#flowable-async-job-executor-thread-13467#
[PollStartAppStatusExecution] e4fbc9e0-0224-4a88-a46f-eef717330b07 [2026-08-18T11:46:41.032105] npm notice To update run: npm install -g npm@12.0.2 (STDERR, APP/PROC/WEB)#
#2026 08 18 11:46:41.341#Z#DEBUG#3e4f6cdc-9afa-11f1-818d-eeee0a9896c2.bookscapm-srv#flowable-async-job-executor-thread-13467#
[PollStartAppStatusExecution] e4fbc9e0-0224-4a88-a46f-eef717330b07 [2026-08-18T11:46:41.032108] npm notice (STDERR, APP/PROC/WEB)#
#2026 08 18 11:46:41.341#Z#DEBUG#3e4f6cdc-9afa-11f1-818d-eeee0a9896c2.bookscapm-srv#flowable-async-job-executor-thread-13467#
[PollStartAppStatusExecution] e4fbc9e0-0224-4a88-a46f-eef717330b07 [2026-08-18T11:46:41.110148] Exit status 1 (STDOUT, APP/PROC/WEB)#
#2026 08 18 11:46:52.173#Z#DEBUG#3e4f6cdc-9afa-11f1-818d-eeee0a9896c2.bookscapm-srv#flowable-async-job-executor-thread-12035#
[PollStartAppStatusExecution] e4fbc9e0-0224-4a88-a46f-eef717330b07 [2026-08-18T11:46:47.607833] Cell 77283d80-dfa7-40ba-ba4e-265aef112085 stopping instance 1b989417-7268-4dcc-4476-1aa1 (STDOUT, CELL)#
#2026 08 18 11:46:52.173#Z#DEBUG#3e4f6cdc-9afa-11f1-818d-eeee0a9896c2.bookscapm-srv#flowable-async-job-executor-thread-12035#
[PollStartAppStatusExecution] e4fbc9e0-0224-4a88-a46f-eef717330b07 [2026-08-18T11:46:47.607875] Cell 77283d80-dfa7-40ba-ba4e-265aef112085 destroying container for instance 1b989417-7268-4dcc-4476-1aa1 (STDOUT, CELL)#
#2026 08 18 11:46:52.173#Z#DEBUG#3e4f6cdc-9afa-11f1-818d-eeee0a9896c2.bookscapm-srv#flowable-async-job-executor-thread-12035#
[PollStartAppStatusExecution] e4fbc9e0-0224-4a88-a46f-eef717330b07 [2026-08-18T11:46:47.642101] Process has crashed with type: "web" (STDOUT, API)#
#2026 08 18 11:46:52.173#Z#DEBUG#3e4f6cdc-9afa-11f1-818d-eeee0a9896c2.bookscapm-srv#flowable-async-job-executor-thread-12035#
[PollStartAppStatusExecution] e4fbc9e0-0224-4a88-a46f-eef717330b07 [2026-08-18T11:46:47.654581] App instance exited with guid e4fbc9e0-0224-4a88-a46f-eef717330b07 payload: {"instance"=>"1b989417-7268-4dcc-4476-1aa1", "index"=>0, "cell_id"=>"77283d80-dfa7-40ba-ba4e-265aef112085", "reason"=>"CRASHED", "exit_description"=>"APP/PROC/WEB: Exited with status 1", "crash_count"=>2, "crash_timestamp"=>1787053607587730855, "version"=>"59d49d88-ef46-42fc-82d0-9d8e26dbcdb6"} (STDOUT, API)#
#2026 08 18 11:46:52.173#Z#DEBUG#3e4f6cdc-9afa-11f1-818d-eeee0a9896c2.bookscapm-srv#flowable-async-job-executor-thread-12035#
[PollStartAppStatusExecution] e4fbc9e0-0224-4a88-a46f-eef717330b07 [2026-08-18T11:46:47.758326] Cell 684caff8-89cd-492b-be01-b3d0835f1763 creating container for instance 3490d1bb-4136-46ac-639a-2b3c (STDOUT, CELL)#
#2026 08 18 11:46:52.173#Z#DEBUG#3e4f6cdc-9afa-11f1-818d-eeee0a9896c2.bookscapm-srv#flowable-async-job-executor-thread-12035#
[PollStartAppStatusExecution] e4fbc9e0-0224-4a88-a46f-eef717330b07 [2026-08-18T11:46:48.381320] Exit status 137 (STDOUT, PROXY)#
#2026 08 18 11:46:52.173#Z#DEBUG#3e4f6cdc-9afa-11f1-818d-eeee0a9896c2.bookscapm-srv#flowable-async-job-executor-thread-12035#
[PollStartAppStatusExecution] e4fbc9e0-0224-4a88-a46f-eef717330b07 [2026-08-18T11:46:48.456170] Security group rules were updated (STDOUT, CELL)#
#2026 08 18 11:46:52.173#Z#DEBUG#3e4f6cdc-9afa-11f1-818d-eeee0a9896c2.bookscapm-srv#flowable-async-job-executor-thread-12035#
[PollStartAppStatusExecution] e4fbc9e0-0224-4a88-a46f-eef717330b07 [2026-08-18T11:46:48.532755] Cell 684caff8-89cd-492b-be01-b3d0835f1763 successfully created container for instance 3490d1bb-4136-46ac-639a-2b3c (STDOUT, CELL)#
#2026 08 18 11:46:52.173#Z#DEBUG#3e4f6cdc-9afa-11f1-818d-eeee0a9896c2.bookscapm-srv#flowable-async-job-executor-thread-12035#
[PollStartAppStatusExecution] e4fbc9e0-0224-4a88-a46f-eef717330b07 [2026-08-18T11:46:49.188788] Downloading droplet... (STDOUT, CELL)#
#2026 08 18 11:46:52.173#Z#DEBUG#3e4f6cdc-9afa-11f1-818d-eeee0a9896c2.bookscapm-srv#flowable-async-job-executor-thread-12035#
[PollStartAppStatusExecution] e4fbc9e0-0224-4a88-a46f-eef717330b07 [2026-08-18T11:46:49.990861] Cell 77283d80-dfa7-40ba-ba4e-265aef112085 successfully destroyed container for instance 1b989417-7268-4dcc-4476-1aa1 (STDOUT, CELL)#
#2026 08 18 11:47:01.496#Z#DEBUG#3e4f6cdc-9afa-11f1-818d-eeee0a9896c2.bookscapm-srv#flowable-async-job-executor-thread-11331#
[PollStartAppStatusExecution] e4fbc9e0-0224-4a88-a46f-eef717330b07 [2026-08-18T11:46:52.718835] Downloaded droplet (59.9M) (STDOUT, CELL)#
#2026 08 18 11:47:01.496#Z#DEBUG#3e4f6cdc-9afa-11f1-818d-eeee0a9896c2.bookscapm-srv#flowable-async-job-executor-thread-11331#
[PollStartAppStatusExecution] e4fbc9e0-0224-4a88-a46f-eef717330b07 [2026-08-18T11:46:52.718984] Starting health monitoring of container (STDOUT, CELL)#
#2026 08 18 11:47:01.496#Z#DEBUG#3e4f6cdc-9afa-11f1-818d-eeee0a9896c2.bookscapm-srv#flowable-async-job-executor-thread-11331#
[PollStartAppStatusExecution] e4fbc9e0-0224-4a88-a46f-eef717330b07 [2026-08-18T11:46:52.829398] Invoking pre-start scripts. (STDOUT, APP/PROC/WEB)#
#2026 08 18 11:47:01.496#Z#DEBUG#3e4f6cdc-9afa-11f1-818d-eeee0a9896c2.bookscapm-srv#flowable-async-job-executor-thread-11331#
[PollStartAppStatusExecution] e4fbc9e0-0224-4a88-a46f-eef717330b07 [2026-08-18T11:46:53.034718] Invoking start command. (STDOUT, APP/PROC/WEB)#
#2026 08 18 11:47:01.496#Z#DEBUG#3e4f6cdc-9afa-11f1-818d-eeee0a9896c2.bookscapm-srv#flowable-async-job-executor-thread-11331#
[PollStartAppStatusExecution] e4fbc9e0-0224-4a88-a46f-eef717330b07 [2026-08-18T11:46:53.476060] > bookscapm@1.0.0 start (STDOUT, APP/PROC/WEB)#
#2026 08 18 11:47:01.496#Z#DEBUG#3e4f6cdc-9afa-11f1-818d-eeee0a9896c2.bookscapm-srv#flowable-async-job-executor-thread-11331#
[PollStartAppStatusExecution] e4fbc9e0-0224-4a88-a46f-eef717330b07 [2026-08-18T11:46:53.476089] > cds-serve (STDOUT, APP/PROC/WEB)#
#2026 08 18 11:47:01.496#Z#DEBUG#3e4f6cdc-9afa-11f1-818d-eeee0a9896c2.bookscapm-srv#flowable-async-job-executor-thread-11331#
[PollStartAppStatusExecution] e4fbc9e0-0224-4a88-a46f-eef717330b07 [2026-08-18T11:46:53.740646] {"level":"info","logger":"cds","timestamp":"2026-08-18T11:46:53.739Z","layer":"cds","component_type":"application","container_id":"10.32.1.6","component_id":"e4fbc9e0-0224-4a88-a46f-eef717330b07","component_name":"bookscapm-srv","component_instance":0,"source_instance":0,"organization_name":"1fb9e48dtrial","organization_id":"8ca7719c-a1c5-4100-832b-9bfcd0e73c43","space_name":"dev","space_id":"5d8a2d66-1cdf-4f95-ae67-ef9fb5cde8d1","msg":"loaded model from 1 file(s):\n ","type":"log"} (STDOUT, APP/PROC/WEB)#
#2026 08 18 11:47:01.496#Z#DEBUG#3e4f6cdc-9afa-11f1-818d-eeee0a9896c2.bookscapm-srv#flowable-async-job-executor-thread-11331#
[PollStartAppStatusExecution] e4fbc9e0-0224-4a88-a46f-eef717330b07 [2026-08-18T11:46:53.741503] srv/csn.json (STDOUT, APP/PROC/WEB)#
#2026 08 18 11:47:01.496#Z#DEBUG#3e4f6cdc-9afa-11f1-818d-eeee0a9896c2.bookscapm-srv#flowable-async-job-executor-thread-11331#
[PollStartAppStatusExecution] e4fbc9e0-0224-4a88-a46f-eef717330b07 [2026-08-18T11:46:53.942364] {"level":"info","logger":"cds","timestamp":"2026-08-18T11:46:53.941Z","layer":"cds","component_type":"application","container_id":"10.32.1.6","component_id":"e4fbc9e0-0224-4a88-a46f-eef717330b07","component_name":"bookscapm-srv","component_instance":0,"source_instance":0,"organization_name":"1fb9e48dtrial","organization_id":"8ca7719c-a1c5-4100-832b-9bfcd0e73c43","space_name":"dev","space_id":"5d8a2d66-1cdf-4f95-ae67-ef9fb5cde8d1","msg":"connect to db > hana {\n  database_id: 'e76196d1-3d0e-4b63-a58c-bb3e1889cb4b',\n  host: 'e76196d1-3d0e-4b63-a58c-bb3e1889cb4b.hna0.prod-us10.hanacloud.ondemand.com',\n  port: '443',\n  driver: 'com.sap.db.jdbc.Driver',\n  url: 'jdbc:sap://e76196d1-3d0e-4b63-a58c-bb3e1889cb4b.hna0.prod-us10.hanacloud.ondemand.com:443?encrypt=true&validateCertificate=true&currentschema=A73E289B4D5D4307AA998E0AFB8BB7E9',\n  schema: 'A73E289B4D5D4307AA998E0AFB8BB7E9',\n  certificate: '...',\n  hdi_user: 'A73E289B4D5D4307AA998E0AFB8BB7E9_D64E135A32ZFHCC08ZN9BN39G_DT',\n  hdi_password: '...',\n  user: 'A73E289B4D5D4307AA998E0AFB8BB7E9_D64E135A32ZFHCC08ZN9BN39G_RT',\n  password: '...'\n}","type":"log"} (STDOUT, APP/PROC/WEB)#
#2026 08 18 11:47:01.496#Z#DEBUG#3e4f6cdc-9afa-11f1-818d-eeee0a9896c2.bookscapm-srv#flowable-async-job-executor-thread-11331#
[PollStartAppStatusExecution] e4fbc9e0-0224-4a88-a46f-eef717330b07 [2026-08-18T11:46:53.976957] {"level":"info","logger":"cds","timestamp":"2026-08-18T11:46:53.976Z","layer":"cds","component_type":"application","container_id":"10.32.1.6","component_id":"e4fbc9e0-0224-4a88-a46f-eef717330b07","component_name":"bookscapm-srv","component_instance":0,"source_instance":0,"organization_name":"1fb9e48dtrial","organization_id":"8ca7719c-a1c5-4100-832b-9bfcd0e73c43","space_name":"dev","space_id":"5d8a2d66-1cdf-4f95-ae67-ef9fb5cde8d1","msg":"using auth strategy { kind: 'jwt' }","type":"log"} (STDOUT, APP/PROC/WEB)#
#2026 08 18 11:47:01.496#Z#DEBUG#3e4f6cdc-9afa-11f1-818d-eeee0a9896c2.bookscapm-srv#flowable-async-job-executor-thread-11331#
[PollStartAppStatusExecution] e4fbc9e0-0224-4a88-a46f-eef717330b07 [2026-08-18T11:46:53.978867] node:internal/modules/cjs/loader:1476 (STDERR, APP/PROC/WEB)#
#2026 08 18 11:47:01.496#Z#DEBUG#3e4f6cdc-9afa-11f1-818d-eeee0a9896c2.bookscapm-srv#flowable-async-job-executor-thread-11331#
[PollStartAppStatusExecution] e4fbc9e0-0224-4a88-a46f-eef717330b07 [2026-08-18T11:46:53.978895] const err = new Error(message); (STDERR, APP/PROC/WEB)#
#2026 08 18 11:47:01.496#Z#DEBUG#3e4f6cdc-9afa-11f1-818d-eeee0a9896c2.bookscapm-srv#flowable-async-job-executor-thread-11331#
[PollStartAppStatusExecution] e4fbc9e0-0224-4a88-a46f-eef717330b07 [2026-08-18T11:46:53.978908] ^ (STDERR, APP/PROC/WEB)#
#2026 08 18 11:47:01.496#Z#DEBUG#3e4f6cdc-9afa-11f1-818d-eeee0a9896c2.bookscapm-srv#flowable-async-job-executor-thread-11331#
[PollStartAppStatusExecution] e4fbc9e0-0224-4a88-a46f-eef717330b07 [2026-08-18T11:46:53.978913] Error: Cannot find '@sap/xssec'. Make sure to install it with 'npm i @sap/xssec' (STDERR, APP/PROC/WEB)#
#2026 08 18 11:47:01.496#Z#DEBUG#3e4f6cdc-9afa-11f1-818d-eeee0a9896c2.bookscapm-srv#flowable-async-job-executor-thread-11331#
[PollStartAppStatusExecution] e4fbc9e0-0224-4a88-a46f-eef717330b07 [2026-08-18T11:46:53.978916] Cannot find module '@sap/xssec' (STDERR, APP/PROC/WEB)#
#2026 08 18 11:47:01.496#Z#DEBUG#3e4f6cdc-9afa-11f1-818d-eeee0a9896c2.bookscapm-srv#flowable-async-job-executor-thread-11331#
[PollStartAppStatusExecution] e4fbc9e0-0224-4a88-a46f-eef717330b07 [2026-08-18T11:46:53.978919] Require stack: (STDERR, APP/PROC/WEB)#
#2026 08 18 11:47:01.496#Z#DEBUG#3e4f6cdc-9afa-11f1-818d-eeee0a9896c2.bookscapm-srv#flowable-async-job-executor-thread-11331#
[PollStartAppStatusExecution] e4fbc9e0-0224-4a88-a46f-eef717330b07 [2026-08-18T11:46:53.978921] - /home/vcap/app/node_modules/@sap/cds/lib/srv/middlewares/auth/xssec.js (STDERR, APP/PROC/WEB)#
#2026 08 18 11:47:01.496#Z#DEBUG#3e4f6cdc-9afa-11f1-818d-eeee0a9896c2.bookscapm-srv#flowable-async-job-executor-thread-11331#
[PollStartAppStatusExecution] e4fbc9e0-0224-4a88-a46f-eef717330b07 [2026-08-18T11:46:53.978924] - /home/vcap/app/node_modules/@sap/cds/lib/srv/middlewares/auth/jwt-auth.js (STDERR, APP/PROC/WEB)#
#2026 08 18 11:47:01.496#Z#DEBUG#3e4f6cdc-9afa-11f1-818d-eeee0a9896c2.bookscapm-srv#flowable-async-job-executor-thread-11331#
[PollStartAppStatusExecution] e4fbc9e0-0224-4a88-a46f-eef717330b07 [2026-08-18T11:46:53.978927] - /home/vcap/app/node_modules/@sap/cds/lib/srv/middlewares/auth/index.js (STDERR, APP/PROC/WEB)#
#2026 08 18 11:47:01.496#Z#DEBUG#3e4f6cdc-9afa-11f1-818d-eeee0a9896c2.bookscapm-srv#flowable-async-job-executor-thread-11331#
[PollStartAppStatusExecution] e4fbc9e0-0224-4a88-a46f-eef717330b07 [2026-08-18T11:46:53.978930] - /home/vcap/app/node_modules/@sap/cds/lib/srv/middlewares/index.js (STDERR, APP/PROC/WEB)#
#2026 08 18 11:47:01.496#Z#DEBUG#3e4f6cdc-9afa-11f1-818d-eeee0a9896c2.bookscapm-srv#flowable-async-job-executor-thread-11331#
[PollStartAppStatusExecution] e4fbc9e0-0224-4a88-a46f-eef717330b07 [2026-08-18T11:46:53.978933] - /home/vcap/app/node_modules/@sap/cds/lib/index.js (STDERR, APP/PROC/WEB)#
#2026 08 18 11:47:01.496#Z#DEBUG#3e4f6cdc-9afa-11f1-818d-eeee0a9896c2.bookscapm-srv#flowable-async-job-executor-thread-11331#
[PollStartAppStatusExecution] e4fbc9e0-0224-4a88-a46f-eef717330b07 [2026-08-18T11:46:53.978935] - /home/vcap/app/node_modules/@sap/cds/bin/serve.js (STDERR, APP/PROC/WEB)#
#2026 08 18 11:47:01.496#Z#DEBUG#3e4f6cdc-9afa-11f1-818d-eeee0a9896c2.bookscapm-srv#flowable-async-job-executor-thread-11331#
[PollStartAppStatusExecution] e4fbc9e0-0224-4a88-a46f-eef717330b07 [2026-08-18T11:46:53.978942] at Module._resolveFilename (node:internal/modules/cjs/loader:1476:15) (STDERR, APP/PROC/WEB)#
#2026 08 18 11:47:01.496#Z#DEBUG#3e4f6cdc-9afa-11f1-818d-eeee0a9896c2.bookscapm-srv#flowable-async-job-executor-thread-11331#
[PollStartAppStatusExecution] e4fbc9e0-0224-4a88-a46f-eef717330b07 [2026-08-18T11:46:53.978945] at wrapResolveFilename (node:internal/modules/cjs/loader:1049:27) (STDERR, APP/PROC/WEB)#
#2026 08 18 11:47:01.496#Z#DEBUG#3e4f6cdc-9afa-11f1-818d-eeee0a9896c2.bookscapm-srv#flowable-async-job-executor-thread-11331#
[PollStartAppStatusExecution] e4fbc9e0-0224-4a88-a46f-eef717330b07 [2026-08-18T11:46:53.978951] at defaultResolveImplForCJSLoading (node:internal/modules/cjs/loader:1073:10) (STDERR, APP/PROC/WEB)#
#2026 08 18 11:47:01.496#Z#DEBUG#3e4f6cdc-9afa-11f1-818d-eeee0a9896c2.bookscapm-srv#flowable-async-job-executor-thread-11331#
[PollStartAppStatusExecution] e4fbc9e0-0224-4a88-a46f-eef717330b07 [2026-08-18T11:46:53.978953] at resolveForCJSWithHooks (node:internal/modules/cjs/loader:1094:12) (STDERR, APP/PROC/WEB)#
#2026 08 18 11:47:01.496#Z#DEBUG#3e4f6cdc-9afa-11f1-818d-eeee0a9896c2.bookscapm-srv#flowable-async-job-executor-thread-11331#
[PollStartAppStatusExecution] e4fbc9e0-0224-4a88-a46f-eef717330b07 [2026-08-18T11:46:53.978960] at Module._load (node:internal/modules/cjs/loader:1262:25) (STDERR, APP/PROC/WEB)#
#2026 08 18 11:47:01.496#Z#DEBUG#3e4f6cdc-9afa-11f1-818d-eeee0a9896c2.bookscapm-srv#flowable-async-job-executor-thread-11331#
[PollStartAppStatusExecution] e4fbc9e0-0224-4a88-a46f-eef717330b07 [2026-08-18T11:46:53.978962] at wrapModuleLoad (node:internal/modules/cjs/loader:255:19) (STDERR, APP/PROC/WEB)#
#2026 08 18 11:47:01.496#Z#DEBUG#3e4f6cdc-9afa-11f1-818d-eeee0a9896c2.bookscapm-srv#flowable-async-job-executor-thread-11331#
[PollStartAppStatusExecution] e4fbc9e0-0224-4a88-a46f-eef717330b07 [2026-08-18T11:46:53.978964] at Module.require (node:internal/modules/cjs/loader:1576:12) (STDERR, APP/PROC/WEB)#
#2026 08 18 11:47:01.496#Z#DEBUG#3e4f6cdc-9afa-11f1-818d-eeee0a9896c2.bookscapm-srv#flowable-async-job-executor-thread-11331#
[PollStartAppStatusExecution] e4fbc9e0-0224-4a88-a46f-eef717330b07 [2026-08-18T11:46:53.978966] at require (node:internal/modules/helpers:153:16) (STDERR, APP/PROC/WEB)#
#2026 08 18 11:47:01.496#Z#DEBUG#3e4f6cdc-9afa-11f1-818d-eeee0a9896c2.bookscapm-srv#flowable-async-job-executor-thread-11331#
[PollStartAppStatusExecution] e4fbc9e0-0224-4a88-a46f-eef717330b07 [2026-08-18T11:46:53.978970] at Object.<anonymous> (/home/vcap/app/node_modules/@sap/cds/lib/srv/middlewares/auth/xssec.js:2:17) (STDERR, APP/PROC/WEB)#
#2026 08 18 11:47:01.496#Z#DEBUG#3e4f6cdc-9afa-11f1-818d-eeee0a9896c2.bookscapm-srv#flowable-async-job-executor-thread-11331#
[PollStartAppStatusExecution] e4fbc9e0-0224-4a88-a46f-eef717330b07 [2026-08-18T11:46:53.978972] at Module._compile (node:internal/modules/cjs/loader:1830:14) { (STDERR, APP/PROC/WEB)#
#2026 08 18 11:47:01.496#Z#DEBUG#3e4f6cdc-9afa-11f1-818d-eeee0a9896c2.bookscapm-srv#flowable-async-job-executor-thread-11331#
[PollStartAppStatusExecution] e4fbc9e0-0224-4a88-a46f-eef717330b07 [2026-08-18T11:46:53.978974] code: 'MODULE_NOT_FOUND', (STDERR, APP/PROC/WEB)#
#2026 08 18 11:47:01.496#Z#DEBUG#3e4f6cdc-9afa-11f1-818d-eeee0a9896c2.bookscapm-srv#flowable-async-job-executor-thread-11331#
[PollStartAppStatusExecution] e4fbc9e0-0224-4a88-a46f-eef717330b07 [2026-08-18T11:46:53.978977] requireStack: [ (STDERR, APP/PROC/WEB)#
#2026 08 18 11:47:01.496#Z#DEBUG#3e4f6cdc-9afa-11f1-818d-eeee0a9896c2.bookscapm-srv#flowable-async-job-executor-thread-11331#
[PollStartAppStatusExecution] e4fbc9e0-0224-4a88-a46f-eef717330b07 [2026-08-18T11:46:53.978979] '/home/vcap/app/node_modules/@sap/cds/lib/srv/middlewares/auth/xssec.js', (STDERR, APP/PROC/WEB)#
#2026 08 18 11:47:01.496#Z#DEBUG#3e4f6cdc-9afa-11f1-818d-eeee0a9896c2.bookscapm-srv#flowable-async-job-executor-thread-11331#
[PollStartAppStatusExecution] e4fbc9e0-0224-4a88-a46f-eef717330b07 [2026-08-18T11:46:53.978981] '/home/vcap/app/node_modules/@sap/cds/lib/srv/middlewares/auth/jwt-auth.js', (STDERR, APP/PROC/WEB)#
#2026 08 18 11:47:01.496#Z#DEBUG#3e4f6cdc-9afa-11f1-818d-eeee0a9896c2.bookscapm-srv#flowable-async-job-executor-thread-11331#
[PollStartAppStatusExecution] e4fbc9e0-0224-4a88-a46f-eef717330b07 [2026-08-18T11:46:53.978984] '/home/vcap/app/node_modules/@sap/cds/lib/srv/middlewares/auth/index.js', (STDERR, APP/PROC/WEB)#
#2026 08 18 11:47:01.496#Z#DEBUG#3e4f6cdc-9afa-11f1-818d-eeee0a9896c2.bookscapm-srv#flowable-async-job-executor-thread-11331#
[PollStartAppStatusExecution] e4fbc9e0-0224-4a88-a46f-eef717330b07 [2026-08-18T11:46:53.978986] '/home/vcap/app/node_modules/@sap/cds/lib/srv/middlewares/index.js', (STDERR, APP/PROC/WEB)#
#2026 08 18 11:47:01.496#Z#DEBUG#3e4f6cdc-9afa-11f1-818d-eeee0a9896c2.bookscapm-srv#flowable-async-job-executor-thread-11331#
[PollStartAppStatusExecution] e4fbc9e0-0224-4a88-a46f-eef717330b07 [2026-08-18T11:46:53.978988] '/home/vcap/app/node_modules/@sap/cds/lib/index.js', (STDERR, APP/PROC/WEB)#
#2026 08 18 11:47:01.496#Z#DEBUG#3e4f6cdc-9afa-11f1-818d-eeee0a9896c2.bookscapm-srv#flowable-async-job-executor-thread-11331#
[PollStartAppStatusExecution] e4fbc9e0-0224-4a88-a46f-eef717330b07 [2026-08-18T11:46:53.978993] '/home/vcap/app/node_modules/@sap/cds/bin/serve.js' (STDERR, APP/PROC/WEB)#
#2026 08 18 11:47:01.496#Z#DEBUG#3e4f6cdc-9afa-11f1-818d-eeee0a9896c2.bookscapm-srv#flowable-async-job-executor-thread-11331#
[PollStartAppStatusExecution] e4fbc9e0-0224-4a88-a46f-eef717330b07 [2026-08-18T11:46:53.979016] ] (STDERR, APP/PROC/WEB)#
#2026 08 18 11:47:01.496#Z#DEBUG#3e4f6cdc-9afa-11f1-818d-eeee0a9896c2.bookscapm-srv#flowable-async-job-executor-thread-11331#
[PollStartAppStatusExecution] e4fbc9e0-0224-4a88-a46f-eef717330b07 [2026-08-18T11:46:53.979019] } (STDERR, APP/PROC/WEB)#
#2026 08 18 11:47:01.496#Z#DEBUG#3e4f6cdc-9afa-11f1-818d-eeee0a9896c2.bookscapm-srv#flowable-async-job-executor-thread-11331#
[PollStartAppStatusExecution] e4fbc9e0-0224-4a88-a46f-eef717330b07 [2026-08-18T11:46:53.979024] Node.js v24.15.0 (STDERR, APP/PROC/WEB)#
#2026 08 18 11:47:01.496#Z#DEBUG#3e4f6cdc-9afa-11f1-818d-eeee0a9896c2.bookscapm-srv#flowable-async-job-executor-thread-11331#
[PollStartAppStatusExecution] e4fbc9e0-0224-4a88-a46f-eef717330b07 [2026-08-18T11:46:53.994861] npm notice (STDERR, APP/PROC/WEB)#
#2026 08 18 11:47:01.496#Z#DEBUG#3e4f6cdc-9afa-11f1-818d-eeee0a9896c2.bookscapm-srv#flowable-async-job-executor-thread-11331#
[PollStartAppStatusExecution] e4fbc9e0-0224-4a88-a46f-eef717330b07 [2026-08-18T11:46:53.994887] npm notice New major version of npm available! 11.12.1 -> 12.0.2 (STDERR, APP/PROC/WEB)#
#2026 08 18 11:47:01.496#Z#DEBUG#3e4f6cdc-9afa-11f1-818d-eeee0a9896c2.bookscapm-srv#flowable-async-job-executor-thread-11331#
[PollStartAppStatusExecution] e4fbc9e0-0224-4a88-a46f-eef717330b07 [2026-08-18T11:46:53.994891] npm notice Changelog: https://github.com/npm/cli/releases/tag/v12.0.2 (STDERR, APP/PROC/WEB)#
#2026 08 18 11:47:01.496#Z#DEBUG#3e4f6cdc-9afa-11f1-818d-eeee0a9896c2.bookscapm-srv#flowable-async-job-executor-thread-11331#
[PollStartAppStatusExecution] e4fbc9e0-0224-4a88-a46f-eef717330b07 [2026-08-18T11:46:53.994894] npm notice To update run: npm install -g npm@12.0.2 (STDERR, APP/PROC/WEB)#
#2026 08 18 11:47:01.496#Z#DEBUG#3e4f6cdc-9afa-11f1-818d-eeee0a9896c2.bookscapm-srv#flowable-async-job-executor-thread-11331#
[PollStartAppStatusExecution] e4fbc9e0-0224-4a88-a46f-eef717330b07 [2026-08-18T11:46:53.994896] npm notice (STDERR, APP/PROC/WEB)#
#2026 08 18 11:47:01.496#Z#DEBUG#3e4f6cdc-9afa-11f1-818d-eeee0a9896c2.bookscapm-srv#flowable-async-job-executor-thread-11331#
[PollStartAppStatusExecution] e4fbc9e0-0224-4a88-a46f-eef717330b07 [2026-08-18T11:46:54.070571] Exit status 1 (STDOUT, APP/PROC/WEB)#
#2026 08 18 11:47:01.496#Z#DEBUG#3e4f6cdc-9afa-11f1-818d-eeee0a9896c2.bookscapm-srv#flowable-async-job-executor-thread-11331#
[PollStartAppStatusExecution] e4fbc9e0-0224-4a88-a46f-eef717330b07 [2026-08-18T11:47:00.285510] Cell 684caff8-89cd-492b-be01-b3d0835f1763 stopping instance 3490d1bb-4136-46ac-639a-2b3c (STDOUT, CELL)#
#2026 08 18 11:47:01.496#Z#DEBUG#3e4f6cdc-9afa-11f1-818d-eeee0a9896c2.bookscapm-srv#flowable-async-job-executor-thread-11331#
[PollStartAppStatusExecution] e4fbc9e0-0224-4a88-a46f-eef717330b07 [2026-08-18T11:47:00.285555] Cell 684caff8-89cd-492b-be01-b3d0835f1763 destroying container for instance 3490d1bb-4136-46ac-639a-2b3c (STDOUT, CELL)#
#2026 08 18 11:47:01.496#Z#DEBUG#3e4f6cdc-9afa-11f1-818d-eeee0a9896c2.bookscapm-srv#flowable-async-job-executor-thread-11331#
[PollStartAppStatusExecution] e4fbc9e0-0224-4a88-a46f-eef717330b07 [2026-08-18T11:47:00.303914] Process has crashed with type: "web" (STDOUT, API)#
#2026 08 18 11:47:01.496#Z#DEBUG#3e4f6cdc-9afa-11f1-818d-eeee0a9896c2.bookscapm-srv#flowable-async-job-executor-thread-11331#
[PollStartAppStatusExecution] e4fbc9e0-0224-4a88-a46f-eef717330b07 [2026-08-18T11:47:00.317136] App instance exited with guid e4fbc9e0-0224-4a88-a46f-eef717330b07 payload: {"instance"=>"3490d1bb-4136-46ac-639a-2b3c", "index"=>0, "cell_id"=>"684caff8-89cd-492b-be01-b3d0835f1763", "reason"=>"CRASHED", "exit_description"=>"APP/PROC/WEB: Exited with status 1", "crash_count"=>3, "crash_timestamp"=>1787053620282642797, "version"=>"59d49d88-ef46-42fc-82d0-9d8e26dbcdb6"} (STDOUT, API)#
#2026 08 18 11:47:01.496#Z#DEBUG#3e4f6cdc-9afa-11f1-818d-eeee0a9896c2.bookscapm-srv#flowable-async-job-executor-thread-11331#
[PollStartAppStatusExecution] e4fbc9e0-0224-4a88-a46f-eef717330b07 [2026-08-18T11:47:00.461290] Exit status 137 (STDOUT, PROXY)#
#2026 08 18 11:47:11.587#Z#DEBUG#3e4f6cdc-9afa-11f1-818d-eeee0a9896c2.bookscapm-srv#flowable-async-job-executor-thread-13469#
[PollStartAppStatusExecution] e4fbc9e0-0224-4a88-a46f-eef717330b07 [2026-08-18T11:46:52.718835] Downloaded droplet (59.9M) (STDOUT, CELL)#
#2026 08 18 11:47:11.587#Z#DEBUG#3e4f6cdc-9afa-11f1-818d-eeee0a9896c2.bookscapm-srv#flowable-async-job-executor-thread-13469#
[PollStartAppStatusExecution] e4fbc9e0-0224-4a88-a46f-eef717330b07 [2026-08-18T11:46:52.718984] Starting health monitoring of container (STDOUT, CELL)#
#2026 08 18 11:47:11.587#Z#DEBUG#3e4f6cdc-9afa-11f1-818d-eeee0a9896c2.bookscapm-srv#flowable-async-job-executor-thread-13469#
[PollStartAppStatusExecution] e4fbc9e0-0224-4a88-a46f-eef717330b07 [2026-08-18T11:46:52.829398] Invoking pre-start scripts. (STDOUT, APP/PROC/WEB)#
#2026 08 18 11:47:11.587#Z#DEBUG#3e4f6cdc-9afa-11f1-818d-eeee0a9896c2.bookscapm-srv#flowable-async-job-executor-thread-13469#
[PollStartAppStatusExecution] e4fbc9e0-0224-4a88-a46f-eef717330b07 [2026-08-18T11:46:53.034718] Invoking start command. (STDOUT, APP/PROC/WEB)#
#2026 08 18 11:47:11.587#Z#DEBUG#3e4f6cdc-9afa-11f1-818d-eeee0a9896c2.bookscapm-srv#flowable-async-job-executor-thread-13469#
[PollStartAppStatusExecution] e4fbc9e0-0224-4a88-a46f-eef717330b07 [2026-08-18T11:46:53.476060] > bookscapm@1.0.0 start (STDOUT, APP/PROC/WEB)#
#2026 08 18 11:47:11.587#Z#DEBUG#3e4f6cdc-9afa-11f1-818d-eeee0a9896c2.bookscapm-srv#flowable-async-job-executor-thread-13469#
[PollStartAppStatusExecution] e4fbc9e0-0224-4a88-a46f-eef717330b07 [2026-08-18T11:46:53.476089] > cds-serve (STDOUT, APP/PROC/WEB)#
#2026 08 18 11:47:11.587#Z#DEBUG#3e4f6cdc-9afa-11f1-818d-eeee0a9896c2.bookscapm-srv#flowable-async-job-executor-thread-13469#
[PollStartAppStatusExecution] e4fbc9e0-0224-4a88-a46f-eef717330b07 [2026-08-18T11:46:53.740646] {"level":"info","logger":"cds","timestamp":"2026-08-18T11:46:53.739Z","layer":"cds","component_type":"application","container_id":"10.32.1.6","component_id":"e4fbc9e0-0224-4a88-a46f-eef717330b07","component_name":"bookscapm-srv","component_instance":0,"source_instance":0,"organization_name":"1fb9e48dtrial","organization_id":"8ca7719c-a1c5-4100-832b-9bfcd0e73c43","space_name":"dev","space_id":"5d8a2d66-1cdf-4f95-ae67-ef9fb5cde8d1","msg":"loaded model from 1 file(s):\n ","type":"log"} (STDOUT, APP/PROC/WEB)#
#2026 08 18 11:47:11.587#Z#DEBUG#3e4f6cdc-9afa-11f1-818d-eeee0a9896c2.bookscapm-srv#flowable-async-job-executor-thread-13469#
[PollStartAppStatusExecution] e4fbc9e0-0224-4a88-a46f-eef717330b07 [2026-08-18T11:46:53.741503] srv/csn.json (STDOUT, APP/PROC/WEB)#
#2026 08 18 11:47:11.587#Z#DEBUG#3e4f6cdc-9afa-11f1-818d-eeee0a9896c2.bookscapm-srv#flowable-async-job-executor-thread-13469#
[PollStartAppStatusExecution] e4fbc9e0-0224-4a88-a46f-eef717330b07 [2026-08-18T11:46:53.942364] {"level":"info","logger":"cds","timestamp":"2026-08-18T11:46:53.941Z","layer":"cds","component_type":"application","container_id":"10.32.1.6","component_id":"e4fbc9e0-0224-4a88-a46f-eef717330b07","component_name":"bookscapm-srv","component_instance":0,"source_instance":0,"organization_name":"1fb9e48dtrial","organization_id":"8ca7719c-a1c5-4100-832b-9bfcd0e73c43","space_name":"dev","space_id":"5d8a2d66-1cdf-4f95-ae67-ef9fb5cde8d1","msg":"connect to db > hana {\n  database_id: 'e76196d1-3d0e-4b63-a58c-bb3e1889cb4b',\n  host: 'e76196d1-3d0e-4b63-a58c-bb3e1889cb4b.hna0.prod-us10.hanacloud.ondemand.com',\n  port: '443',\n  driver: 'com.sap.db.jdbc.Driver',\n  url: 'jdbc:sap://e76196d1-3d0e-4b63-a58c-bb3e1889cb4b.hna0.prod-us10.hanacloud.ondemand.com:443?encrypt=true&validateCertificate=true&currentschema=A73E289B4D5D4307AA998E0AFB8BB7E9',\n  schema: 'A73E289B4D5D4307AA998E0AFB8BB7E9',\n  certificate: '...',\n  hdi_user: 'A73E289B4D5D4307AA998E0AFB8BB7E9_D64E135A32ZFHCC08ZN9BN39G_DT',\n  hdi_password: '...',\n  user: 'A73E289B4D5D4307AA998E0AFB8BB7E9_D64E135A32ZFHCC08ZN9BN39G_RT',\n  password: '...'\n}","type":"log"} (STDOUT, APP/PROC/WEB)#
#2026 08 18 11:47:11.587#Z#DEBUG#3e4f6cdc-9afa-11f1-818d-eeee0a9896c2.bookscapm-srv#flowable-async-job-executor-thread-13469#
[PollStartAppStatusExecution] e4fbc9e0-0224-4a88-a46f-eef717330b07 [2026-08-18T11:46:53.976957] {"level":"info","logger":"cds","timestamp":"2026-08-18T11:46:53.976Z","layer":"cds","component_type":"application","container_id":"10.32.1.6","component_id":"e4fbc9e0-0224-4a88-a46f-eef717330b07","component_name":"bookscapm-srv","component_instance":0,"source_instance":0,"organization_name":"1fb9e48dtrial","organization_id":"8ca7719c-a1c5-4100-832b-9bfcd0e73c43","space_name":"dev","space_id":"5d8a2d66-1cdf-4f95-ae67-ef9fb5cde8d1","msg":"using auth strategy { kind: 'jwt' }","type":"log"} (STDOUT, APP/PROC/WEB)#
#2026 08 18 11:47:11.587#Z#DEBUG#3e4f6cdc-9afa-11f1-818d-eeee0a9896c2.bookscapm-srv#flowable-async-job-executor-thread-13469#
[PollStartAppStatusExecution] e4fbc9e0-0224-4a88-a46f-eef717330b07 [2026-08-18T11:46:53.978867] node:internal/modules/cjs/loader:1476 (STDERR, APP/PROC/WEB)#
#2026 08 18 11:47:11.587#Z#DEBUG#3e4f6cdc-9afa-11f1-818d-eeee0a9896c2.bookscapm-srv#flowable-async-job-executor-thread-13469#
[PollStartAppStatusExecution] e4fbc9e0-0224-4a88-a46f-eef717330b07 [2026-08-18T11:46:53.978895] const err = new Error(message); (STDERR, APP/PROC/WEB)#
#2026 08 18 11:47:11.587#Z#DEBUG#3e4f6cdc-9afa-11f1-818d-eeee0a9896c2.bookscapm-srv#flowable-async-job-executor-thread-13469#
[PollStartAppStatusExecution] e4fbc9e0-0224-4a88-a46f-eef717330b07 [2026-08-18T11:46:53.978908] ^ (STDERR, APP/PROC/WEB)#
#2026 08 18 11:47:11.587#Z#DEBUG#3e4f6cdc-9afa-11f1-818d-eeee0a9896c2.bookscapm-srv#flowable-async-job-executor-thread-13469#
[PollStartAppStatusExecution] e4fbc9e0-0224-4a88-a46f-eef717330b07 [2026-08-18T11:46:53.978913] Error: Cannot find '@sap/xssec'. Make sure to install it with 'npm i @sap/xssec' (STDERR, APP/PROC/WEB)#
#2026 08 18 11:47:11.587#Z#DEBUG#3e4f6cdc-9afa-11f1-818d-eeee0a9896c2.bookscapm-srv#flowable-async-job-executor-thread-13469#
[PollStartAppStatusExecution] e4fbc9e0-0224-4a88-a46f-eef717330b07 [2026-08-18T11:46:53.978916] Cannot find module '@sap/xssec' (STDERR, APP/PROC/WEB)#
#2026 08 18 11:47:11.587#Z#DEBUG#3e4f6cdc-9afa-11f1-818d-eeee0a9896c2.bookscapm-srv#flowable-async-job-executor-thread-13469#
[PollStartAppStatusExecution] e4fbc9e0-0224-4a88-a46f-eef717330b07 [2026-08-18T11:46:53.978919] Require stack: (STDERR, APP/PROC/WEB)#
#2026 08 18 11:47:11.587#Z#DEBUG#3e4f6cdc-9afa-11f1-818d-eeee0a9896c2.bookscapm-srv#flowable-async-job-executor-thread-13469#
[PollStartAppStatusExecution] e4fbc9e0-0224-4a88-a46f-eef717330b07 [2026-08-18T11:46:53.978921] - /home/vcap/app/node_modules/@sap/cds/lib/srv/middlewares/auth/xssec.js (STDERR, APP/PROC/WEB)#
#2026 08 18 11:47:11.587#Z#DEBUG#3e4f6cdc-9afa-11f1-818d-eeee0a9896c2.bookscapm-srv#flowable-async-job-executor-thread-13469#
[PollStartAppStatusExecution] e4fbc9e0-0224-4a88-a46f-eef717330b07 [2026-08-18T11:46:53.978924] - /home/vcap/app/node_modules/@sap/cds/lib/srv/middlewares/auth/jwt-auth.js (STDERR, APP/PROC/WEB)#
#2026 08 18 11:47:11.587#Z#DEBUG#3e4f6cdc-9afa-11f1-818d-eeee0a9896c2.bookscapm-srv#flowable-async-job-executor-thread-13469#
[PollStartAppStatusExecution] e4fbc9e0-0224-4a88-a46f-eef717330b07 [2026-08-18T11:46:53.978927] - /home/vcap/app/node_modules/@sap/cds/lib/srv/middlewares/auth/index.js (STDERR, APP/PROC/WEB)#
#2026 08 18 11:47:11.587#Z#DEBUG#3e4f6cdc-9afa-11f1-818d-eeee0a9896c2.bookscapm-srv#flowable-async-job-executor-thread-13469#
[PollStartAppStatusExecution] e4fbc9e0-0224-4a88-a46f-eef717330b07 [2026-08-18T11:46:53.978930] - /home/vcap/app/node_modules/@sap/cds/lib/srv/middlewares/index.js (STDERR, APP/PROC/WEB)#
#2026 08 18 11:47:11.587#Z#DEBUG#3e4f6cdc-9afa-11f1-818d-eeee0a9896c2.bookscapm-srv#flowable-async-job-executor-thread-13469#
[PollStartAppStatusExecution] e4fbc9e0-0224-4a88-a46f-eef717330b07 [2026-08-18T11:46:53.978933] - /home/vcap/app/node_modules/@sap/cds/lib/index.js (STDERR, APP/PROC/WEB)#
#2026 08 18 11:47:11.587#Z#DEBUG#3e4f6cdc-9afa-11f1-818d-eeee0a9896c2.bookscapm-srv#flowable-async-job-executor-thread-13469#
[PollStartAppStatusExecution] e4fbc9e0-0224-4a88-a46f-eef717330b07 [2026-08-18T11:46:53.978935] - /home/vcap/app/node_modules/@sap/cds/bin/serve.js (STDERR, APP/PROC/WEB)#
#2026 08 18 11:47:11.587#Z#DEBUG#3e4f6cdc-9afa-11f1-818d-eeee0a9896c2.bookscapm-srv#flowable-async-job-executor-thread-13469#
[PollStartAppStatusExecution] e4fbc9e0-0224-4a88-a46f-eef717330b07 [2026-08-18T11:46:53.978942] at Module._resolveFilename (node:internal/modules/cjs/loader:1476:15) (STDERR, APP/PROC/WEB)#
#2026 08 18 11:47:11.587#Z#DEBUG#3e4f6cdc-9afa-11f1-818d-eeee0a9896c2.bookscapm-srv#flowable-async-job-executor-thread-13469#
[PollStartAppStatusExecution] e4fbc9e0-0224-4a88-a46f-eef717330b07 [2026-08-18T11:46:53.978945] at wrapResolveFilename (node:internal/modules/cjs/loader:1049:27) (STDERR, APP/PROC/WEB)#
#2026 08 18 11:47:11.587#Z#DEBUG#3e4f6cdc-9afa-11f1-818d-eeee0a9896c2.bookscapm-srv#flowable-async-job-executor-thread-13469#
[PollStartAppStatusExecution] e4fbc9e0-0224-4a88-a46f-eef717330b07 [2026-08-18T11:46:53.978951] at defaultResolveImplForCJSLoading (node:internal/modules/cjs/loader:1073:10) (STDERR, APP/PROC/WEB)#
#2026 08 18 11:47:11.587#Z#DEBUG#3e4f6cdc-9afa-11f1-818d-eeee0a9896c2.bookscapm-srv#flowable-async-job-executor-thread-13469#
[PollStartAppStatusExecution] e4fbc9e0-0224-4a88-a46f-eef717330b07 [2026-08-18T11:46:53.978953] at resolveForCJSWithHooks (node:internal/modules/cjs/loader:1094:12) (STDERR, APP/PROC/WEB)#
#2026 08 18 11:47:11.587#Z#DEBUG#3e4f6cdc-9afa-11f1-818d-eeee0a9896c2.bookscapm-srv#flowable-async-job-executor-thread-13469#
[PollStartAppStatusExecution] e4fbc9e0-0224-4a88-a46f-eef717330b07 [2026-08-18T11:46:53.978960] at Module._load (node:internal/modules/cjs/loader:1262:25) (STDERR, APP/PROC/WEB)#
#2026 08 18 11:47:11.587#Z#DEBUG#3e4f6cdc-9afa-11f1-818d-eeee0a9896c2.bookscapm-srv#flowable-async-job-executor-thread-13469#
[PollStartAppStatusExecution] e4fbc9e0-0224-4a88-a46f-eef717330b07 [2026-08-18T11:46:53.978962] at wrapModuleLoad (node:internal/modules/cjs/loader:255:19) (STDERR, APP/PROC/WEB)#
#2026 08 18 11:47:11.587#Z#DEBUG#3e4f6cdc-9afa-11f1-818d-eeee0a9896c2.bookscapm-srv#flowable-async-job-executor-thread-13469#
[PollStartAppStatusExecution] e4fbc9e0-0224-4a88-a46f-eef717330b07 [2026-08-18T11:46:53.978964] at Module.require (node:internal/modules/cjs/loader:1576:12) (STDERR, APP/PROC/WEB)#
#2026 08 18 11:47:11.587#Z#DEBUG#3e4f6cdc-9afa-11f1-818d-eeee0a9896c2.bookscapm-srv#flowable-async-job-executor-thread-13469#
[PollStartAppStatusExecution] e4fbc9e0-0224-4a88-a46f-eef717330b07 [2026-08-18T11:46:53.978966] at require (node:internal/modules/helpers:153:16) (STDERR, APP/PROC/WEB)#
#2026 08 18 11:47:11.587#Z#DEBUG#3e4f6cdc-9afa-11f1-818d-eeee0a9896c2.bookscapm-srv#flowable-async-job-executor-thread-13469#
[PollStartAppStatusExecution] e4fbc9e0-0224-4a88-a46f-eef717330b07 [2026-08-18T11:46:53.978970] at Object.<anonymous> (/home/vcap/app/node_modules/@sap/cds/lib/srv/middlewares/auth/xssec.js:2:17) (STDERR, APP/PROC/WEB)#
#2026 08 18 11:47:11.587#Z#DEBUG#3e4f6cdc-9afa-11f1-818d-eeee0a9896c2.bookscapm-srv#flowable-async-job-executor-thread-13469#
[PollStartAppStatusExecution] e4fbc9e0-0224-4a88-a46f-eef717330b07 [2026-08-18T11:46:53.978972] at Module._compile (node:internal/modules/cjs/loader:1830:14) { (STDERR, APP/PROC/WEB)#
#2026 08 18 11:47:11.587#Z#DEBUG#3e4f6cdc-9afa-11f1-818d-eeee0a9896c2.bookscapm-srv#flowable-async-job-executor-thread-13469#
[PollStartAppStatusExecution] e4fbc9e0-0224-4a88-a46f-eef717330b07 [2026-08-18T11:46:53.978974] code: 'MODULE_NOT_FOUND', (STDERR, APP/PROC/WEB)#
#2026 08 18 11:47:11.587#Z#DEBUG#3e4f6cdc-9afa-11f1-818d-eeee0a9896c2.bookscapm-srv#flowable-async-job-executor-thread-13469#
[PollStartAppStatusExecution] e4fbc9e0-0224-4a88-a46f-eef717330b07 [2026-08-18T11:46:53.978977] requireStack: [ (STDERR, APP/PROC/WEB)#
#2026 08 18 11:47:11.587#Z#DEBUG#3e4f6cdc-9afa-11f1-818d-eeee0a9896c2.bookscapm-srv#flowable-async-job-executor-thread-13469#
[PollStartAppStatusExecution] e4fbc9e0-0224-4a88-a46f-eef717330b07 [2026-08-18T11:46:53.978979] '/home/vcap/app/node_modules/@sap/cds/lib/srv/middlewares/auth/xssec.js', (STDERR, APP/PROC/WEB)#
#2026 08 18 11:47:11.587#Z#DEBUG#3e4f6cdc-9afa-11f1-818d-eeee0a9896c2.bookscapm-srv#flowable-async-job-executor-thread-13469#
[PollStartAppStatusExecution] e4fbc9e0-0224-4a88-a46f-eef717330b07 [2026-08-18T11:46:53.978981] '/home/vcap/app/node_modules/@sap/cds/lib/srv/middlewares/auth/jwt-auth.js', (STDERR, APP/PROC/WEB)#
#2026 08 18 11:47:11.587#Z#DEBUG#3e4f6cdc-9afa-11f1-818d-eeee0a9896c2.bookscapm-srv#flowable-async-job-executor-thread-13469#
[PollStartAppStatusExecution] e4fbc9e0-0224-4a88-a46f-eef717330b07 [2026-08-18T11:46:53.978984] '/home/vcap/app/node_modules/@sap/cds/lib/srv/middlewares/auth/index.js', (STDERR, APP/PROC/WEB)#
#2026 08 18 11:47:11.587#Z#DEBUG#3e4f6cdc-9afa-11f1-818d-eeee0a9896c2.bookscapm-srv#flowable-async-job-executor-thread-13469#
[PollStartAppStatusExecution] e4fbc9e0-0224-4a88-a46f-eef717330b07 [2026-08-18T11:46:53.978986] '/home/vcap/app/node_modules/@sap/cds/lib/srv/middlewares/index.js', (STDERR, APP/PROC/WEB)#
#2026 08 18 11:47:11.587#Z#DEBUG#3e4f6cdc-9afa-11f1-818d-eeee0a9896c2.bookscapm-srv#flowable-async-job-executor-thread-13469#
[PollStartAppStatusExecution] e4fbc9e0-0224-4a88-a46f-eef717330b07 [2026-08-18T11:46:53.978988] '/home/vcap/app/node_modules/@sap/cds/lib/index.js', (STDERR, APP/PROC/WEB)#
#2026 08 18 11:47:11.587#Z#DEBUG#3e4f6cdc-9afa-11f1-818d-eeee0a9896c2.bookscapm-srv#flowable-async-job-executor-thread-13469#
[PollStartAppStatusExecution] e4fbc9e0-0224-4a88-a46f-eef717330b07 [2026-08-18T11:46:53.978993] '/home/vcap/app/node_modules/@sap/cds/bin/serve.js' (STDERR, APP/PROC/WEB)#
#2026 08 18 11:47:11.587#Z#DEBUG#3e4f6cdc-9afa-11f1-818d-eeee0a9896c2.bookscapm-srv#flowable-async-job-executor-thread-13469#
[PollStartAppStatusExecution] e4fbc9e0-0224-4a88-a46f-eef717330b07 [2026-08-18T11:46:53.979016] ] (STDERR, APP/PROC/WEB)#
#2026 08 18 11:47:11.587#Z#DEBUG#3e4f6cdc-9afa-11f1-818d-eeee0a9896c2.bookscapm-srv#flowable-async-job-executor-thread-13469#
[PollStartAppStatusExecution] e4fbc9e0-0224-4a88-a46f-eef717330b07 [2026-08-18T11:46:53.979019] } (STDERR, APP/PROC/WEB)#
#2026 08 18 11:47:11.587#Z#DEBUG#3e4f6cdc-9afa-11f1-818d-eeee0a9896c2.bookscapm-srv#flowable-async-job-executor-thread-13469#
[PollStartAppStatusExecution] e4fbc9e0-0224-4a88-a46f-eef717330b07 [2026-08-18T11:46:53.979024] Node.js v24.15.0 (STDERR, APP/PROC/WEB)#
#2026 08 18 11:47:11.587#Z#DEBUG#3e4f6cdc-9afa-11f1-818d-eeee0a9896c2.bookscapm-srv#flowable-async-job-executor-thread-13469#
[PollStartAppStatusExecution] e4fbc9e0-0224-4a88-a46f-eef717330b07 [2026-08-18T11:46:53.994861] npm notice (STDERR, APP/PROC/WEB)#
#2026 08 18 11:47:11.587#Z#DEBUG#3e4f6cdc-9afa-11f1-818d-eeee0a9896c2.bookscapm-srv#flowable-async-job-executor-thread-13469#
[PollStartAppStatusExecution] e4fbc9e0-0224-4a88-a46f-eef717330b07 [2026-08-18T11:46:53.994887] npm notice New major version of npm available! 11.12.1 -> 12.0.2 (STDERR, APP/PROC/WEB)#
#2026 08 18 11:47:11.587#Z#DEBUG#3e4f6cdc-9afa-11f1-818d-eeee0a9896c2.bookscapm-srv#flowable-async-job-executor-thread-13469#
[PollStartAppStatusExecution] e4fbc9e0-0224-4a88-a46f-eef717330b07 [2026-08-18T11:46:53.994891] npm notice Changelog: https://github.com/npm/cli/releases/tag/v12.0.2 (STDERR, APP/PROC/WEB)#
#2026 08 18 11:47:11.587#Z#DEBUG#3e4f6cdc-9afa-11f1-818d-eeee0a9896c2.bookscapm-srv#flowable-async-job-executor-thread-13469#
[PollStartAppStatusExecution] e4fbc9e0-0224-4a88-a46f-eef717330b07 [2026-08-18T11:46:53.994894] npm notice To update run: npm install -g npm@12.0.2 (STDERR, APP/PROC/WEB)#
#2026 08 18 11:47:11.587#Z#DEBUG#3e4f6cdc-9afa-11f1-818d-eeee0a9896c2.bookscapm-srv#flowable-async-job-executor-thread-13469#
[PollStartAppStatusExecution] e4fbc9e0-0224-4a88-a46f-eef717330b07 [2026-08-18T11:46:53.994896] npm notice (STDERR, APP/PROC/WEB)#
#2026 08 18 11:47:11.587#Z#DEBUG#3e4f6cdc-9afa-11f1-818d-eeee0a9896c2.bookscapm-srv#flowable-async-job-executor-thread-13469#
[PollStartAppStatusExecution] e4fbc9e0-0224-4a88-a46f-eef717330b07 [2026-08-18T11:46:54.070571] Exit status 1 (STDOUT, APP/PROC/WEB)#
#2026 08 18 11:47:11.587#Z#DEBUG#3e4f6cdc-9afa-11f1-818d-eeee0a9896c2.bookscapm-srv#flowable-async-job-executor-thread-13469#
[PollStartAppStatusExecution] e4fbc9e0-0224-4a88-a46f-eef717330b07 [2026-08-18T11:47:00.285510] Cell 684caff8-89cd-492b-be01-b3d0835f1763 stopping instance 3490d1bb-4136-46ac-639a-2b3c (STDOUT, CELL)#
#2026 08 18 11:47:11.587#Z#DEBUG#3e4f6cdc-9afa-11f1-818d-eeee0a9896c2.bookscapm-srv#flowable-async-job-executor-thread-13469#
[PollStartAppStatusExecution] e4fbc9e0-0224-4a88-a46f-eef717330b07 [2026-08-18T11:47:00.285555] Cell 684caff8-89cd-492b-be01-b3d0835f1763 destroying container for instance 3490d1bb-4136-46ac-639a-2b3c (STDOUT, CELL)#
#2026 08 18 11:47:11.587#Z#DEBUG#3e4f6cdc-9afa-11f1-818d-eeee0a9896c2.bookscapm-srv#flowable-async-job-executor-thread-13469#
[PollStartAppStatusExecution] e4fbc9e0-0224-4a88-a46f-eef717330b07 [2026-08-18T11:47:00.303914] Process has crashed with type: "web" (STDOUT, API)#
#2026 08 18 11:47:11.587#Z#DEBUG#3e4f6cdc-9afa-11f1-818d-eeee0a9896c2.bookscapm-srv#flowable-async-job-executor-thread-13469#
[PollStartAppStatusExecution] e4fbc9e0-0224-4a88-a46f-eef717330b07 [2026-08-18T11:47:00.317136] App instance exited with guid e4fbc9e0-0224-4a88-a46f-eef717330b07 payload: {"instance"=>"3490d1bb-4136-46ac-639a-2b3c", "index"=>0, "cell_id"=>"684caff8-89cd-492b-be01-b3d0835f1763", "reason"=>"CRASHED", "exit_description"=>"APP/PROC/WEB: Exited with status 1", "crash_count"=>3, "crash_timestamp"=>1787053620282642797, "version"=>"59d49d88-ef46-42fc-82d0-9d8e26dbcdb6"} (STDOUT, API)#
#2026 08 18 11:47:11.587#Z#DEBUG#3e4f6cdc-9afa-11f1-818d-eeee0a9896c2.bookscapm-srv#flowable-async-job-executor-thread-13469#
[PollStartAppStatusExecution] e4fbc9e0-0224-4a88-a46f-eef717330b07 [2026-08-18T11:47:00.461290] Exit status 137 (STDOUT, PROXY)#
#2026 08 18 11:47:11.587#Z#DEBUG#3e4f6cdc-9afa-11f1-818d-eeee0a9896c2.bookscapm-srv#flowable-async-job-executor-thread-13469#
[PollStartAppStatusExecution] e4fbc9e0-0224-4a88-a46f-eef717330b07 [2026-08-18T11:47:02.332736] Stopping app with guid e4fbc9e0-0224-4a88-a46f-eef717330b07 (STDOUT, API)#
#2026 08 18 11:47:11.587#Z#DEBUG#3e4f6cdc-9afa-11f1-818d-eeee0a9896c2.bookscapm-srv#flowable-async-job-executor-thread-13469#
[PollStartAppStatusExecution] e4fbc9e0-0224-4a88-a46f-eef717330b07 [2026-08-18T11:47:02.343777] Cell 684caff8-89cd-492b-be01-b3d0835f1763 successfully destroyed container for instance 3490d1bb-4136-46ac-639a-2b3c (STDOUT, CELL)#
#2026 08 18 11:47:11.587#Z#DEBUG#3e4f6cdc-9afa-11f1-818d-eeee0a9896c2.bookscapm-srv#flowable-async-job-executor-thread-13469#
[PollStartAppStatusExecution] e4fbc9e0-0224-4a88-a46f-eef717330b07 [2026-08-18T11:47:02.488929] Starting app with guid e4fbc9e0-0224-4a88-a46f-eef717330b07 (STDOUT, API)#
#2026 08 18 11:47:11.587#Z#DEBUG#3e4f6cdc-9afa-11f1-818d-eeee0a9896c2.bookscapm-srv#flowable-async-job-executor-thread-13469#
[PollStartAppStatusExecution] e4fbc9e0-0224-4a88-a46f-eef717330b07 [2026-08-18T11:47:02.782464] Cell 684caff8-89cd-492b-be01-b3d0835f1763 creating container for instance 62665238-b0e5-49c8-5f38-9080 (STDOUT, CELL)#
#2026 08 18 11:47:11.587#Z#DEBUG#3e4f6cdc-9afa-11f1-818d-eeee0a9896c2.bookscapm-srv#flowable-async-job-executor-thread-13469#
[PollStartAppStatusExecution] e4fbc9e0-0224-4a88-a46f-eef717330b07 [2026-08-18T11:47:03.423953] Security group rules were updated (STDOUT, CELL)#
#2026 08 18 11:47:11.587#Z#DEBUG#3e4f6cdc-9afa-11f1-818d-eeee0a9896c2.bookscapm-srv#flowable-async-job-executor-thread-13469#
[PollStartAppStatusExecution] e4fbc9e0-0224-4a88-a46f-eef717330b07 [2026-08-18T11:47:03.507645] Cell 684caff8-89cd-492b-be01-b3d0835f1763 successfully created container for instance 62665238-b0e5-49c8-5f38-9080 (STDOUT, CELL)#
#2026 08 18 11:47:11.587#Z#DEBUG#3e4f6cdc-9afa-11f1-818d-eeee0a9896c2.bookscapm-srv#flowable-async-job-executor-thread-13469#
[PollStartAppStatusExecution] e4fbc9e0-0224-4a88-a46f-eef717330b07 [2026-08-18T11:47:04.048484] Downloading droplet... (STDOUT, CELL)#
#2026 08 18 11:47:11.587#Z#DEBUG#3e4f6cdc-9afa-11f1-818d-eeee0a9896c2.bookscapm-srv#flowable-async-job-executor-thread-13469#
[PollStartAppStatusExecution] e4fbc9e0-0224-4a88-a46f-eef717330b07 [2026-08-18T11:47:07.713659] Downloaded droplet (59.9M) (STDOUT, CELL)#
#2026 08 18 11:47:11.587#Z#DEBUG#3e4f6cdc-9afa-11f1-818d-eeee0a9896c2.bookscapm-srv#flowable-async-job-executor-thread-13469#
[PollStartAppStatusExecution] e4fbc9e0-0224-4a88-a46f-eef717330b07 [2026-08-18T11:47:07.713836] Starting health monitoring of container (STDOUT, CELL)#
#2026 08 18 11:47:11.587#Z#DEBUG#3e4f6cdc-9afa-11f1-818d-eeee0a9896c2.bookscapm-srv#flowable-async-job-executor-thread-13469#
[PollStartAppStatusExecution] e4fbc9e0-0224-4a88-a46f-eef717330b07 [2026-08-18T11:47:07.855440] Invoking pre-start scripts. (STDOUT, APP/PROC/WEB)#
#2026 08 18 11:47:11.587#Z#DEBUG#3e4f6cdc-9afa-11f1-818d-eeee0a9896c2.bookscapm-srv#flowable-async-job-executor-thread-13469#
[PollStartAppStatusExecution] e4fbc9e0-0224-4a88-a46f-eef717330b07 [2026-08-18T11:47:08.080906] Invoking start command. (STDOUT, APP/PROC/WEB)#
#2026 08 18 11:47:11.587#Z#DEBUG#3e4f6cdc-9afa-11f1-818d-eeee0a9896c2.bookscapm-srv#flowable-async-job-executor-thread-13469#
[PollStartAppStatusExecution] e4fbc9e0-0224-4a88-a46f-eef717330b07 [2026-08-18T11:47:08.533153] > bookscapm@1.0.0 start (STDOUT, APP/PROC/WEB)#
#2026 08 18 11:47:11.587#Z#DEBUG#3e4f6cdc-9afa-11f1-818d-eeee0a9896c2.bookscapm-srv#flowable-async-job-executor-thread-13469#
[PollStartAppStatusExecution] e4fbc9e0-0224-4a88-a46f-eef717330b07 [2026-08-18T11:47:08.533186] > cds-serve (STDOUT, APP/PROC/WEB)#
#2026 08 18 11:47:11.587#Z#DEBUG#3e4f6cdc-9afa-11f1-818d-eeee0a9896c2.bookscapm-srv#flowable-async-job-executor-thread-13469#
[PollStartAppStatusExecution] e4fbc9e0-0224-4a88-a46f-eef717330b07 [2026-08-18T11:47:08.822180] {"level":"info","logger":"cds","timestamp":"2026-08-18T11:47:08.820Z","layer":"cds","component_type":"application","container_id":"10.32.1.6","component_id":"e4fbc9e0-0224-4a88-a46f-eef717330b07","component_name":"bookscapm-srv","component_instance":0,"source_instance":0,"organization_name":"1fb9e48dtrial","organization_id":"8ca7719c-a1c5-4100-832b-9bfcd0e73c43","space_name":"dev","space_id":"5d8a2d66-1cdf-4f95-ae67-ef9fb5cde8d1","msg":"loaded model from 1 file(s):\n ","type":"log"} (STDOUT, APP/PROC/WEB)#
#2026 08 18 11:47:11.587#Z#DEBUG#3e4f6cdc-9afa-11f1-818d-eeee0a9896c2.bookscapm-srv#flowable-async-job-executor-thread-13469#
[PollStartAppStatusExecution] e4fbc9e0-0224-4a88-a46f-eef717330b07 [2026-08-18T11:47:08.822828] srv/csn.json (STDOUT, APP/PROC/WEB)#
#2026 08 18 11:47:11.587#Z#DEBUG#3e4f6cdc-9afa-11f1-818d-eeee0a9896c2.bookscapm-srv#flowable-async-job-executor-thread-13469#
[PollStartAppStatusExecution] e4fbc9e0-0224-4a88-a46f-eef717330b07 [2026-08-18T11:47:09.037484] {"level":"info","logger":"cds","timestamp":"2026-08-18T11:47:09.036Z","layer":"cds","component_type":"application","container_id":"10.32.1.6","component_id":"e4fbc9e0-0224-4a88-a46f-eef717330b07","component_name":"bookscapm-srv","component_instance":0,"source_instance":0,"organization_name":"1fb9e48dtrial","organization_id":"8ca7719c-a1c5-4100-832b-9bfcd0e73c43","space_name":"dev","space_id":"5d8a2d66-1cdf-4f95-ae67-ef9fb5cde8d1","msg":"connect to db > hana {\n  database_id: 'e76196d1-3d0e-4b63-a58c-bb3e1889cb4b',\n  host: 'e76196d1-3d0e-4b63-a58c-bb3e1889cb4b.hna0.prod-us10.hanacloud.ondemand.com',\n  port: '443',\n  driver: 'com.sap.db.jdbc.Driver',\n  url: 'jdbc:sap://e76196d1-3d0e-4b63-a58c-bb3e1889cb4b.hna0.prod-us10.hanacloud.ondemand.com:443?encrypt=true&validateCertificate=true&currentschema=A73E289B4D5D4307AA998E0AFB8BB7E9',\n  schema: 'A73E289B4D5D4307AA998E0AFB8BB7E9',\n  certificate: '...',\n  hdi_user: 'A73E289B4D5D4307AA998E0AFB8BB7E9_D64E135A32ZFHCC08ZN9BN39G_DT',\n  hdi_password: '...',\n  user: 'A73E289B4D5D4307AA998E0AFB8BB7E9_D64E135A32ZFHCC08ZN9BN39G_RT',\n  password: '...'\n}","type":"log"} (STDOUT, APP/PROC/WEB)#
#2026 08 18 11:47:11.587#Z#DEBUG#3e4f6cdc-9afa-11f1-818d-eeee0a9896c2.bookscapm-srv#flowable-async-job-executor-thread-13469#
[PollStartAppStatusExecution] e4fbc9e0-0224-4a88-a46f-eef717330b07 [2026-08-18T11:47:09.068720] {"level":"info","logger":"cds","timestamp":"2026-08-18T11:47:09.068Z","layer":"cds","component_type":"application","container_id":"10.32.1.6","component_id":"e4fbc9e0-0224-4a88-a46f-eef717330b07","component_name":"bookscapm-srv","component_instance":0,"source_instance":0,"organization_name":"1fb9e48dtrial","organization_id":"8ca7719c-a1c5-4100-832b-9bfcd0e73c43","space_name":"dev","space_id":"5d8a2d66-1cdf-4f95-ae67-ef9fb5cde8d1","msg":"using auth strategy { kind: 'jwt' }","type":"log"} (STDOUT, APP/PROC/WEB)#
#2026 08 18 11:47:11.587#Z#DEBUG#3e4f6cdc-9afa-11f1-818d-eeee0a9896c2.bookscapm-srv#flowable-async-job-executor-thread-13469#
[PollStartAppStatusExecution] e4fbc9e0-0224-4a88-a46f-eef717330b07 [2026-08-18T11:47:09.070620] node:internal/modules/cjs/loader:1476 (STDERR, APP/PROC/WEB)#
#2026 08 18 11:47:11.587#Z#DEBUG#3e4f6cdc-9afa-11f1-818d-eeee0a9896c2.bookscapm-srv#flowable-async-job-executor-thread-13469#
[PollStartAppStatusExecution] e4fbc9e0-0224-4a88-a46f-eef717330b07 [2026-08-18T11:47:09.070652] const err = new Error(message); (STDERR, APP/PROC/WEB)#
#2026 08 18 11:47:11.587#Z#DEBUG#3e4f6cdc-9afa-11f1-818d-eeee0a9896c2.bookscapm-srv#flowable-async-job-executor-thread-13469#
[PollStartAppStatusExecution] e4fbc9e0-0224-4a88-a46f-eef717330b07 [2026-08-18T11:47:09.070657] ^ (STDERR, APP/PROC/WEB)#
#2026 08 18 11:47:11.587#Z#DEBUG#3e4f6cdc-9afa-11f1-818d-eeee0a9896c2.bookscapm-srv#flowable-async-job-executor-thread-13469#
[PollStartAppStatusExecution] e4fbc9e0-0224-4a88-a46f-eef717330b07 [2026-08-18T11:47:09.070660] Error: Cannot find '@sap/xssec'. Make sure to install it with 'npm i @sap/xssec' (STDERR, APP/PROC/WEB)#
#2026 08 18 11:47:11.587#Z#DEBUG#3e4f6cdc-9afa-11f1-818d-eeee0a9896c2.bookscapm-srv#flowable-async-job-executor-thread-13469#
[PollStartAppStatusExecution] e4fbc9e0-0224-4a88-a46f-eef717330b07 [2026-08-18T11:47:09.070663] Cannot find module '@sap/xssec' (STDERR, APP/PROC/WEB)#
#2026 08 18 11:47:11.587#Z#DEBUG#3e4f6cdc-9afa-11f1-818d-eeee0a9896c2.bookscapm-srv#flowable-async-job-executor-thread-13469#
[PollStartAppStatusExecution] e4fbc9e0-0224-4a88-a46f-eef717330b07 [2026-08-18T11:47:09.070666] Require stack: (STDERR, APP/PROC/WEB)#
#2026 08 18 11:47:11.587#Z#DEBUG#3e4f6cdc-9afa-11f1-818d-eeee0a9896c2.bookscapm-srv#flowable-async-job-executor-thread-13469#
[PollStartAppStatusExecution] e4fbc9e0-0224-4a88-a46f-eef717330b07 [2026-08-18T11:47:09.070669] - /home/vcap/app/node_modules/@sap/cds/lib/srv/middlewares/auth/xssec.js (STDERR, APP/PROC/WEB)#
#2026 08 18 11:47:11.587#Z#DEBUG#3e4f6cdc-9afa-11f1-818d-eeee0a9896c2.bookscapm-srv#flowable-async-job-executor-thread-13469#
[PollStartAppStatusExecution] e4fbc9e0-0224-4a88-a46f-eef717330b07 [2026-08-18T11:47:09.070675] - /home/vcap/app/node_modules/@sap/cds/lib/srv/middlewares/auth/jwt-auth.js (STDERR, APP/PROC/WEB)#
#2026 08 18 11:47:11.587#Z#DEBUG#3e4f6cdc-9afa-11f1-818d-eeee0a9896c2.bookscapm-srv#flowable-async-job-executor-thread-13469#
[PollStartAppStatusExecution] e4fbc9e0-0224-4a88-a46f-eef717330b07 [2026-08-18T11:47:09.070678] - /home/vcap/app/node_modules/@sap/cds/lib/srv/middlewares/auth/index.js (STDERR, APP/PROC/WEB)#
#2026 08 18 11:47:11.587#Z#DEBUG#3e4f6cdc-9afa-11f1-818d-eeee0a9896c2.bookscapm-srv#flowable-async-job-executor-thread-13469#
[PollStartAppStatusExecution] e4fbc9e0-0224-4a88-a46f-eef717330b07 [2026-08-18T11:47:09.070680] - /home/vcap/app/node_modules/@sap/cds/lib/srv/middlewares/index.js (STDERR, APP/PROC/WEB)#
#2026 08 18 11:47:11.587#Z#DEBUG#3e4f6cdc-9afa-11f1-818d-eeee0a9896c2.bookscapm-srv#flowable-async-job-executor-thread-13469#
[PollStartAppStatusExecution] e4fbc9e0-0224-4a88-a46f-eef717330b07 [2026-08-18T11:47:09.070688] - /home/vcap/app/node_modules/@sap/cds/lib/index.js (STDERR, APP/PROC/WEB)#
#2026 08 18 11:47:11.587#Z#DEBUG#3e4f6cdc-9afa-11f1-818d-eeee0a9896c2.bookscapm-srv#flowable-async-job-executor-thread-13469#
[PollStartAppStatusExecution] e4fbc9e0-0224-4a88-a46f-eef717330b07 [2026-08-18T11:47:09.070694] - /home/vcap/app/node_modules/@sap/cds/bin/serve.js (STDERR, APP/PROC/WEB)#
#2026 08 18 11:47:11.587#Z#DEBUG#3e4f6cdc-9afa-11f1-818d-eeee0a9896c2.bookscapm-srv#flowable-async-job-executor-thread-13469#
[PollStartAppStatusExecution] e4fbc9e0-0224-4a88-a46f-eef717330b07 [2026-08-18T11:47:09.070697] at Module._resolveFilename (node:internal/modules/cjs/loader:1476:15) (STDERR, APP/PROC/WEB)#
#2026 08 18 11:47:11.587#Z#DEBUG#3e4f6cdc-9afa-11f1-818d-eeee0a9896c2.bookscapm-srv#flowable-async-job-executor-thread-13469#
[PollStartAppStatusExecution] e4fbc9e0-0224-4a88-a46f-eef717330b07 [2026-08-18T11:47:09.070700] at wrapResolveFilename (node:internal/modules/cjs/loader:1049:27) (STDERR, APP/PROC/WEB)#
#2026 08 18 11:47:11.587#Z#DEBUG#3e4f6cdc-9afa-11f1-818d-eeee0a9896c2.bookscapm-srv#flowable-async-job-executor-thread-13469#
[PollStartAppStatusExecution] e4fbc9e0-0224-4a88-a46f-eef717330b07 [2026-08-18T11:47:09.070704] at defaultResolveImplForCJSLoading (node:internal/modules/cjs/loader:1073:10) (STDERR, APP/PROC/WEB)#
#2026 08 18 11:47:11.587#Z#DEBUG#3e4f6cdc-9afa-11f1-818d-eeee0a9896c2.bookscapm-srv#flowable-async-job-executor-thread-13469#
[PollStartAppStatusExecution] e4fbc9e0-0224-4a88-a46f-eef717330b07 [2026-08-18T11:47:09.070708] at resolveForCJSWithHooks (node:internal/modules/cjs/loader:1094:12) (STDERR, APP/PROC/WEB)#
#2026 08 18 11:47:11.587#Z#DEBUG#3e4f6cdc-9afa-11f1-818d-eeee0a9896c2.bookscapm-srv#flowable-async-job-executor-thread-13469#
[PollStartAppStatusExecution] e4fbc9e0-0224-4a88-a46f-eef717330b07 [2026-08-18T11:47:09.070711] at Module._load (node:internal/modules/cjs/loader:1262:25) (STDERR, APP/PROC/WEB)#
#2026 08 18 11:47:11.587#Z#DEBUG#3e4f6cdc-9afa-11f1-818d-eeee0a9896c2.bookscapm-srv#flowable-async-job-executor-thread-13469#
[PollStartAppStatusExecution] e4fbc9e0-0224-4a88-a46f-eef717330b07 [2026-08-18T11:47:09.070715] at wrapModuleLoad (node:internal/modules/cjs/loader:255:19) (STDERR, APP/PROC/WEB)#
#2026 08 18 11:47:11.587#Z#DEBUG#3e4f6cdc-9afa-11f1-818d-eeee0a9896c2.bookscapm-srv#flowable-async-job-executor-thread-13469#
[PollStartAppStatusExecution] e4fbc9e0-0224-4a88-a46f-eef717330b07 [2026-08-18T11:47:09.070718] at Module.require (node:internal/modules/cjs/loader:1576:12) (STDERR, APP/PROC/WEB)#
#2026 08 18 11:47:11.587#Z#DEBUG#3e4f6cdc-9afa-11f1-818d-eeee0a9896c2.bookscapm-srv#flowable-async-job-executor-thread-13469#
[PollStartAppStatusExecution] e4fbc9e0-0224-4a88-a46f-eef717330b07 [2026-08-18T11:47:09.070722] at require (node:internal/modules/helpers:153:16) (STDERR, APP/PROC/WEB)#
#2026 08 18 11:47:11.587#Z#DEBUG#3e4f6cdc-9afa-11f1-818d-eeee0a9896c2.bookscapm-srv#flowable-async-job-executor-thread-13469#
[PollStartAppStatusExecution] e4fbc9e0-0224-4a88-a46f-eef717330b07 [2026-08-18T11:47:09.070727] at Object.<anonymous> (/home/vcap/app/node_modules/@sap/cds/lib/srv/middlewares/auth/xssec.js:2:17) (STDERR, APP/PROC/WEB)#
#2026 08 18 11:47:11.587#Z#DEBUG#3e4f6cdc-9afa-11f1-818d-eeee0a9896c2.bookscapm-srv#flowable-async-job-executor-thread-13469#
[PollStartAppStatusExecution] e4fbc9e0-0224-4a88-a46f-eef717330b07 [2026-08-18T11:47:09.070730] at Module._compile (node:internal/modules/cjs/loader:1830:14) { (STDERR, APP/PROC/WEB)#
#2026 08 18 11:47:11.587#Z#DEBUG#3e4f6cdc-9afa-11f1-818d-eeee0a9896c2.bookscapm-srv#flowable-async-job-executor-thread-13469#
[PollStartAppStatusExecution] e4fbc9e0-0224-4a88-a46f-eef717330b07 [2026-08-18T11:47:09.070733] code: 'MODULE_NOT_FOUND', (STDERR, APP/PROC/WEB)#
#2026 08 18 11:47:11.587#Z#DEBUG#3e4f6cdc-9afa-11f1-818d-eeee0a9896c2.bookscapm-srv#flowable-async-job-executor-thread-13469#
[PollStartAppStatusExecution] e4fbc9e0-0224-4a88-a46f-eef717330b07 [2026-08-18T11:47:09.070737] requireStack: [ (STDERR, APP/PROC/WEB)#
#2026 08 18 11:47:11.587#Z#DEBUG#3e4f6cdc-9afa-11f1-818d-eeee0a9896c2.bookscapm-srv#flowable-async-job-executor-thread-13469#
[PollStartAppStatusExecution] e4fbc9e0-0224-4a88-a46f-eef717330b07 [2026-08-18T11:47:09.070744] '/home/vcap/app/node_modules/@sap/cds/lib/srv/middlewares/auth/xssec.js', (STDERR, APP/PROC/WEB)#
#2026 08 18 11:47:11.587#Z#DEBUG#3e4f6cdc-9afa-11f1-818d-eeee0a9896c2.bookscapm-srv#flowable-async-job-executor-thread-13469#
[PollStartAppStatusExecution] e4fbc9e0-0224-4a88-a46f-eef717330b07 [2026-08-18T11:47:09.070748] '/home/vcap/app/node_modules/@sap/cds/lib/srv/middlewares/auth/jwt-auth.js', (STDERR, APP/PROC/WEB)#
#2026 08 18 11:47:11.587#Z#DEBUG#3e4f6cdc-9afa-11f1-818d-eeee0a9896c2.bookscapm-srv#flowable-async-job-executor-thread-13469#
[PollStartAppStatusExecution] e4fbc9e0-0224-4a88-a46f-eef717330b07 [2026-08-18T11:47:09.070751] '/home/vcap/app/node_modules/@sap/cds/lib/srv/middlewares/auth/index.js', (STDERR, APP/PROC/WEB)#
#2026 08 18 11:47:11.587#Z#DEBUG#3e4f6cdc-9afa-11f1-818d-eeee0a9896c2.bookscapm-srv#flowable-async-job-executor-thread-13469#
[PollStartAppStatusExecution] e4fbc9e0-0224-4a88-a46f-eef717330b07 [2026-08-18T11:47:09.070758] '/home/vcap/app/node_modules/@sap/cds/lib/srv/middlewares/index.js', (STDERR, APP/PROC/WEB)#
#2026 08 18 11:47:11.587#Z#DEBUG#3e4f6cdc-9afa-11f1-818d-eeee0a9896c2.bookscapm-srv#flowable-async-job-executor-thread-13469#
[PollStartAppStatusExecution] e4fbc9e0-0224-4a88-a46f-eef717330b07 [2026-08-18T11:47:09.070761] '/home/vcap/app/node_modules/@sap/cds/lib/index.js', (STDERR, APP/PROC/WEB)#
#2026 08 18 11:47:11.587#Z#DEBUG#3e4f6cdc-9afa-11f1-818d-eeee0a9896c2.bookscapm-srv#flowable-async-job-executor-thread-13469#
[PollStartAppStatusExecution] e4fbc9e0-0224-4a88-a46f-eef717330b07 [2026-08-18T11:47:09.070764] '/home/vcap/app/node_modules/@sap/cds/bin/serve.js' (STDERR, APP/PROC/WEB)#
#2026 08 18 11:47:11.587#Z#DEBUG#3e4f6cdc-9afa-11f1-818d-eeee0a9896c2.bookscapm-srv#flowable-async-job-executor-thread-13469#
[PollStartAppStatusExecution] e4fbc9e0-0224-4a88-a46f-eef717330b07 [2026-08-18T11:47:09.070766] ] (STDERR, APP/PROC/WEB)#
#2026 08 18 11:47:11.587#Z#DEBUG#3e4f6cdc-9afa-11f1-818d-eeee0a9896c2.bookscapm-srv#flowable-async-job-executor-thread-13469#
[PollStartAppStatusExecution] e4fbc9e0-0224-4a88-a46f-eef717330b07 [2026-08-18T11:47:09.070769] } (STDERR, APP/PROC/WEB)#
#2026 08 18 11:47:11.587#Z#DEBUG#3e4f6cdc-9afa-11f1-818d-eeee0a9896c2.bookscapm-srv#flowable-async-job-executor-thread-13469#
[PollStartAppStatusExecution] e4fbc9e0-0224-4a88-a46f-eef717330b07 [2026-08-18T11:47:09.070771] Node.js v24.15.0 (STDERR, APP/PROC/WEB)#
#2026 08 18 11:47:11.587#Z#DEBUG#3e4f6cdc-9afa-11f1-818d-eeee0a9896c2.bookscapm-srv#flowable-async-job-executor-thread-13469#
[PollStartAppStatusExecution] e4fbc9e0-0224-4a88-a46f-eef717330b07 [2026-08-18T11:47:09.086723] npm notice (STDERR, APP/PROC/WEB)#
#2026 08 18 11:47:11.587#Z#DEBUG#3e4f6cdc-9afa-11f1-818d-eeee0a9896c2.bookscapm-srv#flowable-async-job-executor-thread-13469#
[PollStartAppStatusExecution] e4fbc9e0-0224-4a88-a46f-eef717330b07 [2026-08-18T11:47:09.086754] npm notice New major version of npm available! 11.12.1 -> 12.0.2 (STDERR, APP/PROC/WEB)#
#2026 08 18 11:47:11.587#Z#DEBUG#3e4f6cdc-9afa-11f1-818d-eeee0a9896c2.bookscapm-srv#flowable-async-job-executor-thread-13469#
[PollStartAppStatusExecution] e4fbc9e0-0224-4a88-a46f-eef717330b07 [2026-08-18T11:47:09.086760] npm notice Changelog: https://github.com/npm/cli/releases/tag/v12.0.2 (STDERR, APP/PROC/WEB)#
#2026 08 18 11:47:11.587#Z#DEBUG#3e4f6cdc-9afa-11f1-818d-eeee0a9896c2.bookscapm-srv#flowable-async-job-executor-thread-13469#
[PollStartAppStatusExecution] e4fbc9e0-0224-4a88-a46f-eef717330b07 [2026-08-18T11:47:09.086763] npm notice To update run: npm install -g npm@12.0.2 (STDERR, APP/PROC/WEB)#
#2026 08 18 11:47:11.587#Z#DEBUG#3e4f6cdc-9afa-11f1-818d-eeee0a9896c2.bookscapm-srv#flowable-async-job-executor-thread-13469#
[PollStartAppStatusExecution] e4fbc9e0-0224-4a88-a46f-eef717330b07 [2026-08-18T11:47:09.086765] npm notice (STDERR, APP/PROC/WEB)#
#2026 08 18 11:47:11.587#Z#DEBUG#3e4f6cdc-9afa-11f1-818d-eeee0a9896c2.bookscapm-srv#flowable-async-job-executor-thread-13469#
[PollStartAppStatusExecution] e4fbc9e0-0224-4a88-a46f-eef717330b07 [2026-08-18T11:47:09.158633] Exit status 1 (STDOUT, APP/PROC/WEB)#
#2026 08 18 11:47:21.653#Z#DEBUG#3e4f6cdc-9afa-11f1-818d-eeee0a9896c2.bookscapm-srv#flowable-async-job-executor-thread-13486#
[PollStartAppStatusExecution] e4fbc9e0-0224-4a88-a46f-eef717330b07 [2026-08-18T11:47:17.257503] Cell 684caff8-89cd-492b-be01-b3d0835f1763 stopping instance 62665238-b0e5-49c8-5f38-9080 (STDOUT, CELL)#
#2026 08 18 11:47:21.653#Z#DEBUG#3e4f6cdc-9afa-11f1-818d-eeee0a9896c2.bookscapm-srv#flowable-async-job-executor-thread-13486#
[PollStartAppStatusExecution] e4fbc9e0-0224-4a88-a46f-eef717330b07 [2026-08-18T11:47:17.257543] Cell 684caff8-89cd-492b-be01-b3d0835f1763 destroying container for instance 62665238-b0e5-49c8-5f38-9080 (STDOUT, CELL)#
#2026 08 18 11:47:21.653#Z#DEBUG#3e4f6cdc-9afa-11f1-818d-eeee0a9896c2.bookscapm-srv#flowable-async-job-executor-thread-13486#
[PollStartAppStatusExecution] e4fbc9e0-0224-4a88-a46f-eef717330b07 [2026-08-18T11:47:17.263676] Process has crashed with type: "web" (STDOUT, API)#
#2026 08 18 11:47:21.653#Z#DEBUG#3e4f6cdc-9afa-11f1-818d-eeee0a9896c2.bookscapm-srv#flowable-async-job-executor-thread-13486#
[PollStartAppStatusExecution] e4fbc9e0-0224-4a88-a46f-eef717330b07 [2026-08-18T11:47:17.276760] App instance exited with guid e4fbc9e0-0224-4a88-a46f-eef717330b07 payload: {"instance"=>"62665238-b0e5-49c8-5f38-9080", "index"=>0, "cell_id"=>"684caff8-89cd-492b-be01-b3d0835f1763", "reason"=>"CRASHED", "exit_description"=>"APP/PROC/WEB: Exited with status 1", "crash_count"=>1, "crash_timestamp"=>1787053637242173099, "version"=>"c7ee96cd-a6ce-429f-9b28-6bca8116d544"} (STDOUT, API)#
#2026 08 18 11:47:21.653#Z#DEBUG#3e4f6cdc-9afa-11f1-818d-eeee0a9896c2.bookscapm-srv#flowable-async-job-executor-thread-13486#
[PollStartAppStatusExecution] e4fbc9e0-0224-4a88-a46f-eef717330b07 [2026-08-18T11:47:17.382067] Cell 77283d80-dfa7-40ba-ba4e-265aef112085 creating container for instance e8ed96a2-47a5-4b28-41a8-a5b7 (STDOUT, CELL)#
#2026 08 18 11:47:21.653#Z#DEBUG#3e4f6cdc-9afa-11f1-818d-eeee0a9896c2.bookscapm-srv#flowable-async-job-executor-thread-13486#
[PollStartAppStatusExecution] e4fbc9e0-0224-4a88-a46f-eef717330b07 [2026-08-18T11:47:17.619081] Exit status 137 (STDOUT, PROXY)#
#2026 08 18 11:47:21.653#Z#DEBUG#3e4f6cdc-9afa-11f1-818d-eeee0a9896c2.bookscapm-srv#flowable-async-job-executor-thread-13486#
[PollStartAppStatusExecution] e4fbc9e0-0224-4a88-a46f-eef717330b07 [2026-08-18T11:47:18.100582] Security group rules were updated (STDOUT, CELL)#
#2026 08 18 11:47:21.653#Z#DEBUG#3e4f6cdc-9afa-11f1-818d-eeee0a9896c2.bookscapm-srv#flowable-async-job-executor-thread-13486#
[PollStartAppStatusExecution] e4fbc9e0-0224-4a88-a46f-eef717330b07 [2026-08-18T11:47:18.179250] Cell 77283d80-dfa7-40ba-ba4e-265aef112085 successfully created container for instance e8ed96a2-47a5-4b28-41a8-a5b7 (STDOUT, CELL)#
#2026 08 18 11:47:21.653#Z#DEBUG#3e4f6cdc-9afa-11f1-818d-eeee0a9896c2.bookscapm-srv#flowable-async-job-executor-thread-13486#
[PollStartAppStatusExecution] e4fbc9e0-0224-4a88-a46f-eef717330b07 [2026-08-18T11:47:18.901546] Downloading droplet... (STDOUT, CELL)#
#2026 08 18 11:47:21.653#Z#DEBUG#3e4f6cdc-9afa-11f1-818d-eeee0a9896c2.bookscapm-srv#flowable-async-job-executor-thread-13486#
[PollStartAppStatusExecution] e4fbc9e0-0224-4a88-a46f-eef717330b07 [2026-08-18T11:47:20.114288] Cell 684caff8-89cd-492b-be01-b3d0835f1763 successfully destroyed container for instance 62665238-b0e5-49c8-5f38-9080 (STDOUT, CELL)#
#2026 08 18 11:47:31.800#Z#DEBUG#3e4f6cdc-9afa-11f1-818d-eeee0a9896c2.bookscapm-srv#flowable-async-job-executor-thread-13494#
[PollStartAppStatusExecution] e4fbc9e0-0224-4a88-a46f-eef717330b07 [2026-08-18T11:47:22.520972] Downloaded droplet (59.9M) (STDOUT, CELL)#
#2026 08 18 11:47:31.800#Z#DEBUG#3e4f6cdc-9afa-11f1-818d-eeee0a9896c2.bookscapm-srv#flowable-async-job-executor-thread-13494#
[PollStartAppStatusExecution] e4fbc9e0-0224-4a88-a46f-eef717330b07 [2026-08-18T11:47:22.521113] Starting health monitoring of container (STDOUT, CELL)#
#2026 08 18 11:47:31.800#Z#DEBUG#3e4f6cdc-9afa-11f1-818d-eeee0a9896c2.bookscapm-srv#flowable-async-job-executor-thread-13494#
[PollStartAppStatusExecution] e4fbc9e0-0224-4a88-a46f-eef717330b07 [2026-08-18T11:47:22.654423] Invoking pre-start scripts. (STDOUT, APP/PROC/WEB)#
#2026 08 18 11:47:31.800#Z#DEBUG#3e4f6cdc-9afa-11f1-818d-eeee0a9896c2.bookscapm-srv#flowable-async-job-executor-thread-13494#
[PollStartAppStatusExecution] e4fbc9e0-0224-4a88-a46f-eef717330b07 [2026-08-18T11:47:22.901426] Invoking start command. (STDOUT, APP/PROC/WEB)#
#2026 08 18 11:47:31.800#Z#DEBUG#3e4f6cdc-9afa-11f1-818d-eeee0a9896c2.bookscapm-srv#flowable-async-job-executor-thread-13494#
[PollStartAppStatusExecution] e4fbc9e0-0224-4a88-a46f-eef717330b07 [2026-08-18T11:47:23.362625] > bookscapm@1.0.0 start (STDOUT, APP/PROC/WEB)#
#2026 08 18 11:47:31.800#Z#DEBUG#3e4f6cdc-9afa-11f1-818d-eeee0a9896c2.bookscapm-srv#flowable-async-job-executor-thread-13494#
[PollStartAppStatusExecution] e4fbc9e0-0224-4a88-a46f-eef717330b07 [2026-08-18T11:47:23.362659] > cds-serve (STDOUT, APP/PROC/WEB)#
#2026 08 18 11:47:31.800#Z#DEBUG#3e4f6cdc-9afa-11f1-818d-eeee0a9896c2.bookscapm-srv#flowable-async-job-executor-thread-13494#
[PollStartAppStatusExecution] e4fbc9e0-0224-4a88-a46f-eef717330b07 [2026-08-18T11:47:23.649585] {"level":"info","logger":"cds","timestamp":"2026-08-18T11:47:23.648Z","layer":"cds","component_type":"application","container_id":"10.32.3.6","component_id":"e4fbc9e0-0224-4a88-a46f-eef717330b07","component_name":"bookscapm-srv","component_instance":0,"source_instance":0,"organization_name":"1fb9e48dtrial","organization_id":"8ca7719c-a1c5-4100-832b-9bfcd0e73c43","space_name":"dev","space_id":"5d8a2d66-1cdf-4f95-ae67-ef9fb5cde8d1","msg":"loaded model from 1 file(s):\n ","type":"log"} (STDOUT, APP/PROC/WEB)#
#2026 08 18 11:47:31.800#Z#DEBUG#3e4f6cdc-9afa-11f1-818d-eeee0a9896c2.bookscapm-srv#flowable-async-job-executor-thread-13494#
[PollStartAppStatusExecution] e4fbc9e0-0224-4a88-a46f-eef717330b07 [2026-08-18T11:47:23.650169] srv/csn.json (STDOUT, APP/PROC/WEB)#
#2026 08 18 11:47:31.800#Z#DEBUG#3e4f6cdc-9afa-11f1-818d-eeee0a9896c2.bookscapm-srv#flowable-async-job-executor-thread-13494#
[PollStartAppStatusExecution] e4fbc9e0-0224-4a88-a46f-eef717330b07 [2026-08-18T11:47:23.874399] {"level":"info","logger":"cds","timestamp":"2026-08-18T11:47:23.873Z","layer":"cds","component_type":"application","container_id":"10.32.3.6","component_id":"e4fbc9e0-0224-4a88-a46f-eef717330b07","component_name":"bookscapm-srv","component_instance":0,"source_instance":0,"organization_name":"1fb9e48dtrial","organization_id":"8ca7719c-a1c5-4100-832b-9bfcd0e73c43","space_name":"dev","space_id":"5d8a2d66-1cdf-4f95-ae67-ef9fb5cde8d1","msg":"connect to db > hana {\n  database_id: 'e76196d1-3d0e-4b63-a58c-bb3e1889cb4b',\n  host: 'e76196d1-3d0e-4b63-a58c-bb3e1889cb4b.hna0.prod-us10.hanacloud.ondemand.com',\n  port: '443',\n  driver: 'com.sap.db.jdbc.Driver',\n  url: 'jdbc:sap://e76196d1-3d0e-4b63-a58c-bb3e1889cb4b.hna0.prod-us10.hanacloud.ondemand.com:443?encrypt=true&validateCertificate=true&currentschema=A73E289B4D5D4307AA998E0AFB8BB7E9',\n  schema: 'A73E289B4D5D4307AA998E0AFB8BB7E9',\n  certificate: '...',\n  hdi_user: 'A73E289B4D5D4307AA998E0AFB8BB7E9_D64E135A32ZFHCC08ZN9BN39G_DT',\n  hdi_password: '...',\n  user: 'A73E289B4D5D4307AA998E0AFB8BB7E9_D64E135A32ZFHCC08ZN9BN39G_RT',\n  password: '...'\n}","type":"log"} (STDOUT, APP/PROC/WEB)#
#2026 08 18 11:47:31.800#Z#DEBUG#3e4f6cdc-9afa-11f1-818d-eeee0a9896c2.bookscapm-srv#flowable-async-job-executor-thread-13494#
[PollStartAppStatusExecution] e4fbc9e0-0224-4a88-a46f-eef717330b07 [2026-08-18T11:47:23.906748] node:internal/modules/cjs/loader:1476 (STDERR, APP/PROC/WEB)#
#2026 08 18 11:47:31.800#Z#DEBUG#3e4f6cdc-9afa-11f1-818d-eeee0a9896c2.bookscapm-srv#flowable-async-job-executor-thread-13494#
[PollStartAppStatusExecution] e4fbc9e0-0224-4a88-a46f-eef717330b07 [2026-08-18T11:47:23.906795] const err = new Error(message); (STDERR, APP/PROC/WEB)#
#2026 08 18 11:47:31.800#Z#DEBUG#3e4f6cdc-9afa-11f1-818d-eeee0a9896c2.bookscapm-srv#flowable-async-job-executor-thread-13494#
[PollStartAppStatusExecution] e4fbc9e0-0224-4a88-a46f-eef717330b07 [2026-08-18T11:47:23.906803] ^ (STDERR, APP/PROC/WEB)#
#2026 08 18 11:47:31.800#Z#DEBUG#3e4f6cdc-9afa-11f1-818d-eeee0a9896c2.bookscapm-srv#flowable-async-job-executor-thread-13494#
[PollStartAppStatusExecution] e4fbc9e0-0224-4a88-a46f-eef717330b07 [2026-08-18T11:47:23.906813] Error: Cannot find '@sap/xssec'. Make sure to install it with 'npm i @sap/xssec' (STDERR, APP/PROC/WEB)#
#2026 08 18 11:47:31.800#Z#DEBUG#3e4f6cdc-9afa-11f1-818d-eeee0a9896c2.bookscapm-srv#flowable-async-job-executor-thread-13494#
[PollStartAppStatusExecution] e4fbc9e0-0224-4a88-a46f-eef717330b07 [2026-08-18T11:47:23.906823] Cannot find module '@sap/xssec' (STDERR, APP/PROC/WEB)#
#2026 08 18 11:47:31.800#Z#DEBUG#3e4f6cdc-9afa-11f1-818d-eeee0a9896c2.bookscapm-srv#flowable-async-job-executor-thread-13494#
[PollStartAppStatusExecution] e4fbc9e0-0224-4a88-a46f-eef717330b07 [2026-08-18T11:47:23.906827] Require stack: (STDERR, APP/PROC/WEB)#
#2026 08 18 11:47:31.800#Z#DEBUG#3e4f6cdc-9afa-11f1-818d-eeee0a9896c2.bookscapm-srv#flowable-async-job-executor-thread-13494#
[PollStartAppStatusExecution] e4fbc9e0-0224-4a88-a46f-eef717330b07 [2026-08-18T11:47:23.906832] - /home/vcap/app/node_modules/@sap/cds/lib/srv/middlewares/auth/xssec.js (STDERR, APP/PROC/WEB)#
#2026 08 18 11:47:31.800#Z#DEBUG#3e4f6cdc-9afa-11f1-818d-eeee0a9896c2.bookscapm-srv#flowable-async-job-executor-thread-13494#
[PollStartAppStatusExecution] e4fbc9e0-0224-4a88-a46f-eef717330b07 [2026-08-18T11:47:23.906836] - /home/vcap/app/node_modules/@sap/cds/lib/srv/middlewares/auth/jwt-auth.js (STDERR, APP/PROC/WEB)#
#2026 08 18 11:47:31.800#Z#DEBUG#3e4f6cdc-9afa-11f1-818d-eeee0a9896c2.bookscapm-srv#flowable-async-job-executor-thread-13494#
[PollStartAppStatusExecution] e4fbc9e0-0224-4a88-a46f-eef717330b07 [2026-08-18T11:47:23.906846] - /home/vcap/app/node_modules/@sap/cds/lib/srv/middlewares/auth/index.js (STDERR, APP/PROC/WEB)#
#2026 08 18 11:47:31.800#Z#DEBUG#3e4f6cdc-9afa-11f1-818d-eeee0a9896c2.bookscapm-srv#flowable-async-job-executor-thread-13494#
[PollStartAppStatusExecution] e4fbc9e0-0224-4a88-a46f-eef717330b07 [2026-08-18T11:47:23.906852] - /home/vcap/app/node_modules/@sap/cds/lib/srv/middlewares/index.js (STDERR, APP/PROC/WEB)#
#2026 08 18 11:47:31.800#Z#DEBUG#3e4f6cdc-9afa-11f1-818d-eeee0a9896c2.bookscapm-srv#flowable-async-job-executor-thread-13494#
[PollStartAppStatusExecution] e4fbc9e0-0224-4a88-a46f-eef717330b07 [2026-08-18T11:47:23.906860] - /home/vcap/app/node_modules/@sap/cds/lib/index.js (STDERR, APP/PROC/WEB)#
#2026 08 18 11:47:31.800#Z#DEBUG#3e4f6cdc-9afa-11f1-818d-eeee0a9896c2.bookscapm-srv#flowable-async-job-executor-thread-13494#
[PollStartAppStatusExecution] e4fbc9e0-0224-4a88-a46f-eef717330b07 [2026-08-18T11:47:23.906863] - /home/vcap/app/node_modules/@sap/cds/bin/serve.js (STDERR, APP/PROC/WEB)#
#2026 08 18 11:47:31.800#Z#DEBUG#3e4f6cdc-9afa-11f1-818d-eeee0a9896c2.bookscapm-srv#flowable-async-job-executor-thread-13494#
[PollStartAppStatusExecution] e4fbc9e0-0224-4a88-a46f-eef717330b07 [2026-08-18T11:47:23.906867] at Module._resolveFilename (node:internal/modules/cjs/loader:1476:15) (STDERR, APP/PROC/WEB)#
#2026 08 18 11:47:31.800#Z#DEBUG#3e4f6cdc-9afa-11f1-818d-eeee0a9896c2.bookscapm-srv#flowable-async-job-executor-thread-13494#
[PollStartAppStatusExecution] e4fbc9e0-0224-4a88-a46f-eef717330b07 [2026-08-18T11:47:23.906871] at wrapResolveFilename (node:internal/modules/cjs/loader:1049:27) (STDERR, APP/PROC/WEB)#
#2026 08 18 11:47:31.800#Z#DEBUG#3e4f6cdc-9afa-11f1-818d-eeee0a9896c2.bookscapm-srv#flowable-async-job-executor-thread-13494#
[PollStartAppStatusExecution] e4fbc9e0-0224-4a88-a46f-eef717330b07 [2026-08-18T11:47:23.906878] at defaultResolveImplForCJSLoading (node:internal/modules/cjs/loader:1073:10) (STDERR, APP/PROC/WEB)#
#2026 08 18 11:47:31.800#Z#DEBUG#3e4f6cdc-9afa-11f1-818d-eeee0a9896c2.bookscapm-srv#flowable-async-job-executor-thread-13494#
[PollStartAppStatusExecution] e4fbc9e0-0224-4a88-a46f-eef717330b07 [2026-08-18T11:47:23.906880] {"level":"info","logger":"cds","timestamp":"2026-08-18T11:47:23.904Z","layer":"cds","component_type":"application","container_id":"10.32.3.6","component_id":"e4fbc9e0-0224-4a88-a46f-eef717330b07","component_name":"bookscapm-srv","component_instance":0,"source_instance":0,"organization_name":"1fb9e48dtrial","organization_id":"8ca7719c-a1c5-4100-832b-9bfcd0e73c43","space_name":"dev","space_id":"5d8a2d66-1cdf-4f95-ae67-ef9fb5cde8d1","msg":"using auth strategy { kind: 'jwt' }","type":"log"} (STDOUT, APP/PROC/WEB)#
#2026 08 18 11:47:31.800#Z#DEBUG#3e4f6cdc-9afa-11f1-818d-eeee0a9896c2.bookscapm-srv#flowable-async-job-executor-thread-13494#
[PollStartAppStatusExecution] e4fbc9e0-0224-4a88-a46f-eef717330b07 [2026-08-18T11:47:23.906883] at resolveForCJSWithHooks (node:internal/modules/cjs/loader:1094:12) (STDERR, APP/PROC/WEB)#
#2026 08 18 11:47:31.800#Z#DEBUG#3e4f6cdc-9afa-11f1-818d-eeee0a9896c2.bookscapm-srv#flowable-async-job-executor-thread-13494#
[PollStartAppStatusExecution] e4fbc9e0-0224-4a88-a46f-eef717330b07 [2026-08-18T11:47:23.906887] at Module._load (node:internal/modules/cjs/loader:1262:25) (STDERR, APP/PROC/WEB)#
#2026 08 18 11:47:31.800#Z#DEBUG#3e4f6cdc-9afa-11f1-818d-eeee0a9896c2.bookscapm-srv#flowable-async-job-executor-thread-13494#
[PollStartAppStatusExecution] e4fbc9e0-0224-4a88-a46f-eef717330b07 [2026-08-18T11:47:23.906892] at wrapModuleLoad (node:internal/modules/cjs/loader:255:19) (STDERR, APP/PROC/WEB)#
#2026 08 18 11:47:31.800#Z#DEBUG#3e4f6cdc-9afa-11f1-818d-eeee0a9896c2.bookscapm-srv#flowable-async-job-executor-thread-13494#
[PollStartAppStatusExecution] e4fbc9e0-0224-4a88-a46f-eef717330b07 [2026-08-18T11:47:23.906896] at Module.require (node:internal/modules/cjs/loader:1576:12) (STDERR, APP/PROC/WEB)#
#2026 08 18 11:47:31.800#Z#DEBUG#3e4f6cdc-9afa-11f1-818d-eeee0a9896c2.bookscapm-srv#flowable-async-job-executor-thread-13494#
[PollStartAppStatusExecution] e4fbc9e0-0224-4a88-a46f-eef717330b07 [2026-08-18T11:47:23.906903] at require (node:internal/modules/helpers:153:16) (STDERR, APP/PROC/WEB)#
#2026 08 18 11:47:31.800#Z#DEBUG#3e4f6cdc-9afa-11f1-818d-eeee0a9896c2.bookscapm-srv#flowable-async-job-executor-thread-13494#
[PollStartAppStatusExecution] e4fbc9e0-0224-4a88-a46f-eef717330b07 [2026-08-18T11:47:23.906912] at Object.<anonymous> (/home/vcap/app/node_modules/@sap/cds/lib/srv/middlewares/auth/xssec.js:2:17) (STDERR, APP/PROC/WEB)#
#2026 08 18 11:47:31.800#Z#DEBUG#3e4f6cdc-9afa-11f1-818d-eeee0a9896c2.bookscapm-srv#flowable-async-job-executor-thread-13494#
[PollStartAppStatusExecution] e4fbc9e0-0224-4a88-a46f-eef717330b07 [2026-08-18T11:47:23.906916] at Module._compile (node:internal/modules/cjs/loader:1830:14) { (STDERR, APP/PROC/WEB)#
#2026 08 18 11:47:31.800#Z#DEBUG#3e4f6cdc-9afa-11f1-818d-eeee0a9896c2.bookscapm-srv#flowable-async-job-executor-thread-13494#
[PollStartAppStatusExecution] e4fbc9e0-0224-4a88-a46f-eef717330b07 [2026-08-18T11:47:23.906920] code: 'MODULE_NOT_FOUND', (STDERR, APP/PROC/WEB)#
#2026 08 18 11:47:31.800#Z#DEBUG#3e4f6cdc-9afa-11f1-818d-eeee0a9896c2.bookscapm-srv#flowable-async-job-executor-thread-13494#
[PollStartAppStatusExecution] e4fbc9e0-0224-4a88-a46f-eef717330b07 [2026-08-18T11:47:23.906923] requireStack: [ (STDERR, APP/PROC/WEB)#
#2026 08 18 11:47:31.800#Z#DEBUG#3e4f6cdc-9afa-11f1-818d-eeee0a9896c2.bookscapm-srv#flowable-async-job-executor-thread-13494#
[PollStartAppStatusExecution] e4fbc9e0-0224-4a88-a46f-eef717330b07 [2026-08-18T11:47:23.906927] '/home/vcap/app/node_modules/@sap/cds/lib/srv/middlewares/auth/xssec.js', (STDERR, APP/PROC/WEB)#
#2026 08 18 11:47:31.800#Z#DEBUG#3e4f6cdc-9afa-11f1-818d-eeee0a9896c2.bookscapm-srv#flowable-async-job-executor-thread-13494#
[PollStartAppStatusExecution] e4fbc9e0-0224-4a88-a46f-eef717330b07 [2026-08-18T11:47:23.906930] '/home/vcap/app/node_modules/@sap/cds/lib/srv/middlewares/auth/jwt-auth.js', (STDERR, APP/PROC/WEB)#
#2026 08 18 11:47:31.800#Z#DEBUG#3e4f6cdc-9afa-11f1-818d-eeee0a9896c2.bookscapm-srv#flowable-async-job-executor-thread-13494#
[PollStartAppStatusExecution] e4fbc9e0-0224-4a88-a46f-eef717330b07 [2026-08-18T11:47:23.906934] '/home/vcap/app/node_modules/@sap/cds/lib/srv/middlewares/auth/index.js', (STDERR, APP/PROC/WEB)#
#2026 08 18 11:47:31.800#Z#DEBUG#3e4f6cdc-9afa-11f1-818d-eeee0a9896c2.bookscapm-srv#flowable-async-job-executor-thread-13494#
[PollStartAppStatusExecution] e4fbc9e0-0224-4a88-a46f-eef717330b07 [2026-08-18T11:47:23.906938] '/home/vcap/app/node_modules/@sap/cds/lib/srv/middlewares/index.js', (STDERR, APP/PROC/WEB)#
#2026 08 18 11:47:31.800#Z#DEBUG#3e4f6cdc-9afa-11f1-818d-eeee0a9896c2.bookscapm-srv#flowable-async-job-executor-thread-13494#
[PollStartAppStatusExecution] e4fbc9e0-0224-4a88-a46f-eef717330b07 [2026-08-18T11:47:23.906942] '/home/vcap/app/node_modules/@sap/cds/lib/index.js', (STDERR, APP/PROC/WEB)#
#2026 08 18 11:47:31.800#Z#DEBUG#3e4f6cdc-9afa-11f1-818d-eeee0a9896c2.bookscapm-srv#flowable-async-job-executor-thread-13494#
[PollStartAppStatusExecution] e4fbc9e0-0224-4a88-a46f-eef717330b07 [2026-08-18T11:47:23.906946] '/home/vcap/app/node_modules/@sap/cds/bin/serve.js' (STDERR, APP/PROC/WEB)#
#2026 08 18 11:47:31.800#Z#DEBUG#3e4f6cdc-9afa-11f1-818d-eeee0a9896c2.bookscapm-srv#flowable-async-job-executor-thread-13494#
[PollStartAppStatusExecution] e4fbc9e0-0224-4a88-a46f-eef717330b07 [2026-08-18T11:47:23.906949] ] (STDERR, APP/PROC/WEB)#
#2026 08 18 11:47:31.800#Z#DEBUG#3e4f6cdc-9afa-11f1-818d-eeee0a9896c2.bookscapm-srv#flowable-async-job-executor-thread-13494#
[PollStartAppStatusExecution] e4fbc9e0-0224-4a88-a46f-eef717330b07 [2026-08-18T11:47:23.906952] } (STDERR, APP/PROC/WEB)#
#2026 08 18 11:47:31.800#Z#DEBUG#3e4f6cdc-9afa-11f1-818d-eeee0a9896c2.bookscapm-srv#flowable-async-job-executor-thread-13494#
[PollStartAppStatusExecution] e4fbc9e0-0224-4a88-a46f-eef717330b07 [2026-08-18T11:47:23.906956] Node.js v24.15.0 (STDERR, APP/PROC/WEB)#
#2026 08 18 11:47:31.800#Z#DEBUG#3e4f6cdc-9afa-11f1-818d-eeee0a9896c2.bookscapm-srv#flowable-async-job-executor-thread-13494#
[PollStartAppStatusExecution] e4fbc9e0-0224-4a88-a46f-eef717330b07 [2026-08-18T11:47:23.926056] npm notice (STDERR, APP/PROC/WEB)#
#2026 08 18 11:47:31.800#Z#DEBUG#3e4f6cdc-9afa-11f1-818d-eeee0a9896c2.bookscapm-srv#flowable-async-job-executor-thread-13494#
[PollStartAppStatusExecution] e4fbc9e0-0224-4a88-a46f-eef717330b07 [2026-08-18T11:47:23.926084] npm notice New major version of npm available! 11.12.1 -> 12.0.2 (STDERR, APP/PROC/WEB)#
#2026 08 18 11:47:31.800#Z#DEBUG#3e4f6cdc-9afa-11f1-818d-eeee0a9896c2.bookscapm-srv#flowable-async-job-executor-thread-13494#
[PollStartAppStatusExecution] e4fbc9e0-0224-4a88-a46f-eef717330b07 [2026-08-18T11:47:23.926101] npm notice Changelog: https://github.com/npm/cli/releases/tag/v12.0.2 (STDERR, APP/PROC/WEB)#
#2026 08 18 11:47:31.800#Z#DEBUG#3e4f6cdc-9afa-11f1-818d-eeee0a9896c2.bookscapm-srv#flowable-async-job-executor-thread-13494#
[PollStartAppStatusExecution] e4fbc9e0-0224-4a88-a46f-eef717330b07 [2026-08-18T11:47:23.926104] npm notice To update run: npm install -g npm@12.0.2 (STDERR, APP/PROC/WEB)#
#2026 08 18 11:47:31.800#Z#DEBUG#3e4f6cdc-9afa-11f1-818d-eeee0a9896c2.bookscapm-srv#flowable-async-job-executor-thread-13494#
[PollStartAppStatusExecution] e4fbc9e0-0224-4a88-a46f-eef717330b07 [2026-08-18T11:47:23.926107] npm notice (STDERR, APP/PROC/WEB)#
#2026 08 18 11:47:31.800#Z#DEBUG#3e4f6cdc-9afa-11f1-818d-eeee0a9896c2.bookscapm-srv#flowable-async-job-executor-thread-13494#
[PollStartAppStatusExecution] e4fbc9e0-0224-4a88-a46f-eef717330b07 [2026-08-18T11:47:24.000933] Exit status 1 (STDOUT, APP/PROC/WEB)#
#2026 08 18 11:47:31.800#Z#DEBUG#3e4f6cdc-9afa-11f1-818d-eeee0a9896c2.bookscapm-srv#flowable-async-job-executor-thread-13494#
[PollStartAppStatusExecution] e4fbc9e0-0224-4a88-a46f-eef717330b07 [2026-08-18T11:47:29.937172] Cell 77283d80-dfa7-40ba-ba4e-265aef112085 stopping instance e8ed96a2-47a5-4b28-41a8-a5b7 (STDOUT, CELL)#
#2026 08 18 11:47:31.800#Z#DEBUG#3e4f6cdc-9afa-11f1-818d-eeee0a9896c2.bookscapm-srv#flowable-async-job-executor-thread-13494#
[PollStartAppStatusExecution] e4fbc9e0-0224-4a88-a46f-eef717330b07 [2026-08-18T11:47:29.937267] Cell 77283d80-dfa7-40ba-ba4e-265aef112085 destroying container for instance e8ed96a2-47a5-4b28-41a8-a5b7 (STDOUT, CELL)#
#2026 08 18 11:47:31.800#Z#DEBUG#3e4f6cdc-9afa-11f1-818d-eeee0a9896c2.bookscapm-srv#flowable-async-job-executor-thread-13494#
[PollStartAppStatusExecution] e4fbc9e0-0224-4a88-a46f-eef717330b07 [2026-08-18T11:47:29.942324] Process has crashed with type: "web" (STDOUT, API)#
#2026 08 18 11:47:31.800#Z#DEBUG#3e4f6cdc-9afa-11f1-818d-eeee0a9896c2.bookscapm-srv#flowable-async-job-executor-thread-13494#
[PollStartAppStatusExecution] e4fbc9e0-0224-4a88-a46f-eef717330b07 [2026-08-18T11:47:29.955555] App instance exited with guid e4fbc9e0-0224-4a88-a46f-eef717330b07 payload: {"instance"=>"e8ed96a2-47a5-4b28-41a8-a5b7", "index"=>0, "cell_id"=>"77283d80-dfa7-40ba-ba4e-265aef112085", "reason"=>"CRASHED", "exit_description"=>"APP/PROC/WEB: Exited with status 1", "crash_count"=>2, "crash_timestamp"=>1787053649919803465, "version"=>"c7ee96cd-a6ce-429f-9b28-6bca8116d544"} (STDOUT, API)#
#2026 08 18 11:47:31.800#Z#DEBUG#3e4f6cdc-9afa-11f1-818d-eeee0a9896c2.bookscapm-srv#flowable-async-job-executor-thread-13494#
[PollStartAppStatusExecution] e4fbc9e0-0224-4a88-a46f-eef717330b07 [2026-08-18T11:47:30.161074] Cell c839c7b1-088e-41af-b9b7-66256aacd457 creating container for instance 9072a40a-86a9-4fd1-49de-ae9c (STDOUT, CELL)#
#2026 08 18 11:47:31.800#Z#DEBUG#3e4f6cdc-9afa-11f1-818d-eeee0a9896c2.bookscapm-srv#flowable-async-job-executor-thread-13494#
[PollStartAppStatusExecution] e4fbc9e0-0224-4a88-a46f-eef717330b07 [2026-08-18T11:47:30.286634] Exit status 137 (STDOUT, PROXY)#
#2026 08 18 11:47:31.800#Z#DEBUG#3e4f6cdc-9afa-11f1-818d-eeee0a9896c2.bookscapm-srv#flowable-async-job-executor-thread-13494#
[PollStartAppStatusExecution] e4fbc9e0-0224-4a88-a46f-eef717330b07 [2026-08-18T11:47:30.860408] Security group rules were updated (STDOUT, CELL)#
#2026 08 18 11:47:31.800#Z#DEBUG#3e4f6cdc-9afa-11f1-818d-eeee0a9896c2.bookscapm-srv#flowable-async-job-executor-thread-13494#
[PollStartAppStatusExecution] e4fbc9e0-0224-4a88-a46f-eef717330b07 [2026-08-18T11:47:30.956985] Cell c839c7b1-088e-41af-b9b7-66256aacd457 successfully created container for instance 9072a40a-86a9-4fd1-49de-ae9c (STDOUT, CELL)#
#2026 08 18 11:47:31.800#Z#DEBUG#3e4f6cdc-9afa-11f1-818d-eeee0a9896c2.bookscapm-srv#flowable-async-job-executor-thread-13494#
[PollStartAppStatusExecution] e4fbc9e0-0224-4a88-a46f-eef717330b07 [2026-08-18T11:47:31.374074] Downloading droplet... (STDOUT, CELL)#
#2026 08 18 11:47:41.868#Z#DEBUG#3e4f6cdc-9afa-11f1-818d-eeee0a9896c2.bookscapm-srv#flowable-async-job-executor-thread-13501#
[PollStartAppStatusExecution] e4fbc9e0-0224-4a88-a46f-eef717330b07 [2026-08-18T11:47:32.560725] Cell 77283d80-dfa7-40ba-ba4e-265aef112085 successfully destroyed container for instance e8ed96a2-47a5-4b28-41a8-a5b7 (STDOUT, CELL)#
#2026 08 18 11:47:41.868#Z#DEBUG#3e4f6cdc-9afa-11f1-818d-eeee0a9896c2.bookscapm-srv#flowable-async-job-executor-thread-13501#
[PollStartAppStatusExecution] e4fbc9e0-0224-4a88-a46f-eef717330b07 [2026-08-18T11:47:35.072415] Downloaded droplet (59.9M) (STDOUT, CELL)#
#2026 08 18 11:47:41.868#Z#DEBUG#3e4f6cdc-9afa-11f1-818d-eeee0a9896c2.bookscapm-srv#flowable-async-job-executor-thread-13501#
[PollStartAppStatusExecution] e4fbc9e0-0224-4a88-a46f-eef717330b07 [2026-08-18T11:47:35.072572] Starting health monitoring of container (STDOUT, CELL)#
#2026 08 18 11:47:41.868#Z#DEBUG#3e4f6cdc-9afa-11f1-818d-eeee0a9896c2.bookscapm-srv#flowable-async-job-executor-thread-13501#
[PollStartAppStatusExecution] e4fbc9e0-0224-4a88-a46f-eef717330b07 [2026-08-18T11:47:35.194249] Invoking pre-start scripts. (STDOUT, APP/PROC/WEB)#
#2026 08 18 11:47:41.868#Z#DEBUG#3e4f6cdc-9afa-11f1-818d-eeee0a9896c2.bookscapm-srv#flowable-async-job-executor-thread-13501#
[PollStartAppStatusExecution] e4fbc9e0-0224-4a88-a46f-eef717330b07 [2026-08-18T11:47:35.409710] Invoking start command. (STDOUT, APP/PROC/WEB)#
#2026 08 18 11:47:41.868#Z#DEBUG#3e4f6cdc-9afa-11f1-818d-eeee0a9896c2.bookscapm-srv#flowable-async-job-executor-thread-13501#
[PollStartAppStatusExecution] e4fbc9e0-0224-4a88-a46f-eef717330b07 [2026-08-18T11:47:35.823554] > bookscapm@1.0.0 start (STDOUT, APP/PROC/WEB)#
#2026 08 18 11:47:41.868#Z#DEBUG#3e4f6cdc-9afa-11f1-818d-eeee0a9896c2.bookscapm-srv#flowable-async-job-executor-thread-13501#
[PollStartAppStatusExecution] e4fbc9e0-0224-4a88-a46f-eef717330b07 [2026-08-18T11:47:35.823585] > cds-serve (STDOUT, APP/PROC/WEB)#
#2026 08 18 11:47:41.868#Z#DEBUG#3e4f6cdc-9afa-11f1-818d-eeee0a9896c2.bookscapm-srv#flowable-async-job-executor-thread-13501#
[PollStartAppStatusExecution] e4fbc9e0-0224-4a88-a46f-eef717330b07 [2026-08-18T11:47:36.093611] {"level":"info","logger":"cds","timestamp":"2026-08-18T11:47:36.092Z","layer":"cds","component_type":"application","container_id":"10.32.2.6","component_id":"e4fbc9e0-0224-4a88-a46f-eef717330b07","component_name":"bookscapm-srv","component_instance":0,"source_instance":0,"organization_name":"1fb9e48dtrial","organization_id":"8ca7719c-a1c5-4100-832b-9bfcd0e73c43","space_name":"dev","space_id":"5d8a2d66-1cdf-4f95-ae67-ef9fb5cde8d1","msg":"loaded model from 1 file(s):\n ","type":"log"} (STDOUT, APP/PROC/WEB)#
#2026 08 18 11:47:41.868#Z#DEBUG#3e4f6cdc-9afa-11f1-818d-eeee0a9896c2.bookscapm-srv#flowable-async-job-executor-thread-13501#
[PollStartAppStatusExecution] e4fbc9e0-0224-4a88-a46f-eef717330b07 [2026-08-18T11:47:36.094113] srv/csn.json (STDOUT, APP/PROC/WEB)#
#2026 08 18 11:47:41.868#Z#DEBUG#3e4f6cdc-9afa-11f1-818d-eeee0a9896c2.bookscapm-srv#flowable-async-job-executor-thread-13501#
[PollStartAppStatusExecution] e4fbc9e0-0224-4a88-a46f-eef717330b07 [2026-08-18T11:47:36.294256] {"level":"info","logger":"cds","timestamp":"2026-08-18T11:47:36.293Z","layer":"cds","component_type":"application","container_id":"10.32.2.6","component_id":"e4fbc9e0-0224-4a88-a46f-eef717330b07","component_name":"bookscapm-srv","component_instance":0,"source_instance":0,"organization_name":"1fb9e48dtrial","organization_id":"8ca7719c-a1c5-4100-832b-9bfcd0e73c43","space_name":"dev","space_id":"5d8a2d66-1cdf-4f95-ae67-ef9fb5cde8d1","msg":"connect to db > hana {\n  database_id: 'e76196d1-3d0e-4b63-a58c-bb3e1889cb4b',\n  host: 'e76196d1-3d0e-4b63-a58c-bb3e1889cb4b.hna0.prod-us10.hanacloud.ondemand.com',\n  port: '443',\n  driver: 'com.sap.db.jdbc.Driver',\n  url: 'jdbc:sap://e76196d1-3d0e-4b63-a58c-bb3e1889cb4b.hna0.prod-us10.hanacloud.ondemand.com:443?encrypt=true&validateCertificate=true&currentschema=A73E289B4D5D4307AA998E0AFB8BB7E9',\n  schema: 'A73E289B4D5D4307AA998E0AFB8BB7E9',\n  certificate: '...',\n  hdi_user: 'A73E289B4D5D4307AA998E0AFB8BB7E9_D64E135A32ZFHCC08ZN9BN39G_DT',\n  hdi_password: '...',\n  user: 'A73E289B4D5D4307AA998E0AFB8BB7E9_D64E135A32ZFHCC08ZN9BN39G_RT',\n  password: '...'\n}","type":"log"} (STDOUT, APP/PROC/WEB)#
#2026 08 18 11:47:41.868#Z#DEBUG#3e4f6cdc-9afa-11f1-818d-eeee0a9896c2.bookscapm-srv#flowable-async-job-executor-thread-13501#
[PollStartAppStatusExecution] e4fbc9e0-0224-4a88-a46f-eef717330b07 [2026-08-18T11:47:36.324815] {"level":"info","logger":"cds","timestamp":"2026-08-18T11:47:36.324Z","layer":"cds","component_type":"application","container_id":"10.32.2.6","component_id":"e4fbc9e0-0224-4a88-a46f-eef717330b07","component_name":"bookscapm-srv","component_instance":0,"source_instance":0,"organization_name":"1fb9e48dtrial","organization_id":"8ca7719c-a1c5-4100-832b-9bfcd0e73c43","space_name":"dev","space_id":"5d8a2d66-1cdf-4f95-ae67-ef9fb5cde8d1","msg":"using auth strategy { kind: 'jwt' }","type":"log"} (STDOUT, APP/PROC/WEB)#
#2026 08 18 11:47:41.868#Z#DEBUG#3e4f6cdc-9afa-11f1-818d-eeee0a9896c2.bookscapm-srv#flowable-async-job-executor-thread-13501#
[PollStartAppStatusExecution] e4fbc9e0-0224-4a88-a46f-eef717330b07 [2026-08-18T11:47:36.326742] node:internal/modules/cjs/loader:1476 (STDERR, APP/PROC/WEB)#
#2026 08 18 11:47:41.868#Z#DEBUG#3e4f6cdc-9afa-11f1-818d-eeee0a9896c2.bookscapm-srv#flowable-async-job-executor-thread-13501#
[PollStartAppStatusExecution] e4fbc9e0-0224-4a88-a46f-eef717330b07 [2026-08-18T11:47:36.326774] const err = new Error(message); (STDERR, APP/PROC/WEB)#
#2026 08 18 11:47:41.868#Z#DEBUG#3e4f6cdc-9afa-11f1-818d-eeee0a9896c2.bookscapm-srv#flowable-async-job-executor-thread-13501#
[PollStartAppStatusExecution] e4fbc9e0-0224-4a88-a46f-eef717330b07 [2026-08-18T11:47:36.326778] ^ (STDERR, APP/PROC/WEB)#
#2026 08 18 11:47:41.868#Z#DEBUG#3e4f6cdc-9afa-11f1-818d-eeee0a9896c2.bookscapm-srv#flowable-async-job-executor-thread-13501#
[PollStartAppStatusExecution] e4fbc9e0-0224-4a88-a46f-eef717330b07 [2026-08-18T11:47:36.326784] Error: Cannot find '@sap/xssec'. Make sure to install it with 'npm i @sap/xssec' (STDERR, APP/PROC/WEB)#
#2026 08 18 11:47:41.868#Z#DEBUG#3e4f6cdc-9afa-11f1-818d-eeee0a9896c2.bookscapm-srv#flowable-async-job-executor-thread-13501#
[PollStartAppStatusExecution] e4fbc9e0-0224-4a88-a46f-eef717330b07 [2026-08-18T11:47:36.326788] Cannot find module '@sap/xssec' (STDERR, APP/PROC/WEB)#
#2026 08 18 11:47:41.868#Z#DEBUG#3e4f6cdc-9afa-11f1-818d-eeee0a9896c2.bookscapm-srv#flowable-async-job-executor-thread-13501#
[PollStartAppStatusExecution] e4fbc9e0-0224-4a88-a46f-eef717330b07 [2026-08-18T11:47:36.326790] Require stack: (STDERR, APP/PROC/WEB)#
#2026 08 18 11:47:41.868#Z#DEBUG#3e4f6cdc-9afa-11f1-818d-eeee0a9896c2.bookscapm-srv#flowable-async-job-executor-thread-13501#
[PollStartAppStatusExecution] e4fbc9e0-0224-4a88-a46f-eef717330b07 [2026-08-18T11:47:36.326794] - /home/vcap/app/node_modules/@sap/cds/lib/srv/middlewares/auth/xssec.js (STDERR, APP/PROC/WEB)#
#2026 08 18 11:47:41.868#Z#DEBUG#3e4f6cdc-9afa-11f1-818d-eeee0a9896c2.bookscapm-srv#flowable-async-job-executor-thread-13501#
[PollStartAppStatusExecution] e4fbc9e0-0224-4a88-a46f-eef717330b07 [2026-08-18T11:47:36.326796] - /home/vcap/app/node_modules/@sap/cds/lib/srv/middlewares/auth/jwt-auth.js (STDERR, APP/PROC/WEB)#
#2026 08 18 11:47:41.868#Z#DEBUG#3e4f6cdc-9afa-11f1-818d-eeee0a9896c2.bookscapm-srv#flowable-async-job-executor-thread-13501#
[PollStartAppStatusExecution] e4fbc9e0-0224-4a88-a46f-eef717330b07 [2026-08-18T11:47:36.326805] - /home/vcap/app/node_modules/@sap/cds/lib/srv/middlewares/auth/index.js (STDERR, APP/PROC/WEB)#
#2026 08 18 11:47:41.868#Z#DEBUG#3e4f6cdc-9afa-11f1-818d-eeee0a9896c2.bookscapm-srv#flowable-async-job-executor-thread-13501#
[PollStartAppStatusExecution] e4fbc9e0-0224-4a88-a46f-eef717330b07 [2026-08-18T11:47:36.326807] - /home/vcap/app/node_modules/@sap/cds/lib/srv/middlewares/index.js (STDERR, APP/PROC/WEB)#
#2026 08 18 11:47:41.868#Z#DEBUG#3e4f6cdc-9afa-11f1-818d-eeee0a9896c2.bookscapm-srv#flowable-async-job-executor-thread-13501#
[PollStartAppStatusExecution] e4fbc9e0-0224-4a88-a46f-eef717330b07 [2026-08-18T11:47:36.326811] - /home/vcap/app/node_modules/@sap/cds/lib/index.js (STDERR, APP/PROC/WEB)#
#2026 08 18 11:47:41.868#Z#DEBUG#3e4f6cdc-9afa-11f1-818d-eeee0a9896c2.bookscapm-srv#flowable-async-job-executor-thread-13501#
[PollStartAppStatusExecution] e4fbc9e0-0224-4a88-a46f-eef717330b07 [2026-08-18T11:47:36.326813] - /home/vcap/app/node_modules/@sap/cds/bin/serve.js (STDERR, APP/PROC/WEB)#
#2026 08 18 11:47:41.868#Z#DEBUG#3e4f6cdc-9afa-11f1-818d-eeee0a9896c2.bookscapm-srv#flowable-async-job-executor-thread-13501#
[PollStartAppStatusExecution] e4fbc9e0-0224-4a88-a46f-eef717330b07 [2026-08-18T11:47:36.326816] at Module._resolveFilename (node:internal/modules/cjs/loader:1476:15) (STDERR, APP/PROC/WEB)#
#2026 08 18 11:47:41.868#Z#DEBUG#3e4f6cdc-9afa-11f1-818d-eeee0a9896c2.bookscapm-srv#flowable-async-job-executor-thread-13501#
[PollStartAppStatusExecution] e4fbc9e0-0224-4a88-a46f-eef717330b07 [2026-08-18T11:47:36.326823] at wrapResolveFilename (node:internal/modules/cjs/loader:1049:27) (STDERR, APP/PROC/WEB)#
#2026 08 18 11:47:41.868#Z#DEBUG#3e4f6cdc-9afa-11f1-818d-eeee0a9896c2.bookscapm-srv#flowable-async-job-executor-thread-13501#
[PollStartAppStatusExecution] e4fbc9e0-0224-4a88-a46f-eef717330b07 [2026-08-18T11:47:36.326827] at defaultResolveImplForCJSLoading (node:internal/modules/cjs/loader:1073:10) (STDERR, APP/PROC/WEB)#
#2026 08 18 11:47:41.868#Z#DEBUG#3e4f6cdc-9afa-11f1-818d-eeee0a9896c2.bookscapm-srv#flowable-async-job-executor-thread-13501#
[PollStartAppStatusExecution] e4fbc9e0-0224-4a88-a46f-eef717330b07 [2026-08-18T11:47:36.326830] at resolveForCJSWithHooks (node:internal/modules/cjs/loader:1094:12) (STDERR, APP/PROC/WEB)#
#2026 08 18 11:47:41.868#Z#DEBUG#3e4f6cdc-9afa-11f1-818d-eeee0a9896c2.bookscapm-srv#flowable-async-job-executor-thread-13501#
[PollStartAppStatusExecution] e4fbc9e0-0224-4a88-a46f-eef717330b07 [2026-08-18T11:47:36.326832] at Module._load (node:internal/modules/cjs/loader:1262:25) (STDERR, APP/PROC/WEB)#
#2026 08 18 11:47:41.868#Z#DEBUG#3e4f6cdc-9afa-11f1-818d-eeee0a9896c2.bookscapm-srv#flowable-async-job-executor-thread-13501#
[PollStartAppStatusExecution] e4fbc9e0-0224-4a88-a46f-eef717330b07 [2026-08-18T11:47:36.326835] at wrapModuleLoad (node:internal/modules/cjs/loader:255:19) (STDERR, APP/PROC/WEB)#
#2026 08 18 11:47:41.868#Z#DEBUG#3e4f6cdc-9afa-11f1-818d-eeee0a9896c2.bookscapm-srv#flowable-async-job-executor-thread-13501#
[PollStartAppStatusExecution] e4fbc9e0-0224-4a88-a46f-eef717330b07 [2026-08-18T11:47:36.326837] at Module.require (node:internal/modules/cjs/loader:1576:12) (STDERR, APP/PROC/WEB)#
#2026 08 18 11:47:41.868#Z#DEBUG#3e4f6cdc-9afa-11f1-818d-eeee0a9896c2.bookscapm-srv#flowable-async-job-executor-thread-13501#
[PollStartAppStatusExecution] e4fbc9e0-0224-4a88-a46f-eef717330b07 [2026-08-18T11:47:36.326840] at require (node:internal/modules/helpers:153:16) (STDERR, APP/PROC/WEB)#
#2026 08 18 11:47:41.868#Z#DEBUG#3e4f6cdc-9afa-11f1-818d-eeee0a9896c2.bookscapm-srv#flowable-async-job-executor-thread-13501#
[PollStartAppStatusExecution] e4fbc9e0-0224-4a88-a46f-eef717330b07 [2026-08-18T11:47:36.326843] at Object.<anonymous> (/home/vcap/app/node_modules/@sap/cds/lib/srv/middlewares/auth/xssec.js:2:17) (STDERR, APP/PROC/WEB)#
#2026 08 18 11:47:41.868#Z#DEBUG#3e4f6cdc-9afa-11f1-818d-eeee0a9896c2.bookscapm-srv#flowable-async-job-executor-thread-13501#
[PollStartAppStatusExecution] e4fbc9e0-0224-4a88-a46f-eef717330b07 [2026-08-18T11:47:36.326845] at Module._compile (node:internal/modules/cjs/loader:1830:14) { (STDERR, APP/PROC/WEB)#
#2026 08 18 11:47:41.868#Z#DEBUG#3e4f6cdc-9afa-11f1-818d-eeee0a9896c2.bookscapm-srv#flowable-async-job-executor-thread-13501#
[PollStartAppStatusExecution] e4fbc9e0-0224-4a88-a46f-eef717330b07 [2026-08-18T11:47:36.326849] code: 'MODULE_NOT_FOUND', (STDERR, APP/PROC/WEB)#
#2026 08 18 11:47:41.868#Z#DEBUG#3e4f6cdc-9afa-11f1-818d-eeee0a9896c2.bookscapm-srv#flowable-async-job-executor-thread-13501#
[PollStartAppStatusExecution] e4fbc9e0-0224-4a88-a46f-eef717330b07 [2026-08-18T11:47:36.326852] requireStack: [ (STDERR, APP/PROC/WEB)#
#2026 08 18 11:47:41.868#Z#DEBUG#3e4f6cdc-9afa-11f1-818d-eeee0a9896c2.bookscapm-srv#flowable-async-job-executor-thread-13501#
[PollStartAppStatusExecution] e4fbc9e0-0224-4a88-a46f-eef717330b07 [2026-08-18T11:47:36.326855] '/home/vcap/app/node_modules/@sap/cds/lib/srv/middlewares/auth/xssec.js', (STDERR, APP/PROC/WEB)#
#2026 08 18 11:47:41.868#Z#DEBUG#3e4f6cdc-9afa-11f1-818d-eeee0a9896c2.bookscapm-srv#flowable-async-job-executor-thread-13501#
[PollStartAppStatusExecution] e4fbc9e0-0224-4a88-a46f-eef717330b07 [2026-08-18T11:47:36.326857] '/home/vcap/app/node_modules/@sap/cds/lib/srv/middlewares/auth/jwt-auth.js', (STDERR, APP/PROC/WEB)#
#2026 08 18 11:47:41.868#Z#DEBUG#3e4f6cdc-9afa-11f1-818d-eeee0a9896c2.bookscapm-srv#flowable-async-job-executor-thread-13501#
[PollStartAppStatusExecution] e4fbc9e0-0224-4a88-a46f-eef717330b07 [2026-08-18T11:47:36.326859] '/home/vcap/app/node_modules/@sap/cds/lib/srv/middlewares/auth/index.js', (STDERR, APP/PROC/WEB)#
#2026 08 18 11:47:41.868#Z#DEBUG#3e4f6cdc-9afa-11f1-818d-eeee0a9896c2.bookscapm-srv#flowable-async-job-executor-thread-13501#
[PollStartAppStatusExecution] e4fbc9e0-0224-4a88-a46f-eef717330b07 [2026-08-18T11:47:36.326864] '/home/vcap/app/node_modules/@sap/cds/lib/srv/middlewares/index.js', (STDERR, APP/PROC/WEB)#
#2026 08 18 11:47:41.868#Z#DEBUG#3e4f6cdc-9afa-11f1-818d-eeee0a9896c2.bookscapm-srv#flowable-async-job-executor-thread-13501#
[PollStartAppStatusExecution] e4fbc9e0-0224-4a88-a46f-eef717330b07 [2026-08-18T11:47:36.326866] '/home/vcap/app/node_modules/@sap/cds/lib/index.js', (STDERR, APP/PROC/WEB)#
#2026 08 18 11:47:41.868#Z#DEBUG#3e4f6cdc-9afa-11f1-818d-eeee0a9896c2.bookscapm-srv#flowable-async-job-executor-thread-13501#
[PollStartAppStatusExecution] e4fbc9e0-0224-4a88-a46f-eef717330b07 [2026-08-18T11:47:36.326869] '/home/vcap/app/node_modules/@sap/cds/bin/serve.js' (STDERR, APP/PROC/WEB)#
#2026 08 18 11:47:41.868#Z#DEBUG#3e4f6cdc-9afa-11f1-818d-eeee0a9896c2.bookscapm-srv#flowable-async-job-executor-thread-13501#
[PollStartAppStatusExecution] e4fbc9e0-0224-4a88-a46f-eef717330b07 [2026-08-18T11:47:36.326872] ] (STDERR, APP/PROC/WEB)#
#2026 08 18 11:47:41.868#Z#DEBUG#3e4f6cdc-9afa-11f1-818d-eeee0a9896c2.bookscapm-srv#flowable-async-job-executor-thread-13501#
[PollStartAppStatusExecution] e4fbc9e0-0224-4a88-a46f-eef717330b07 [2026-08-18T11:47:36.326874] } (STDERR, APP/PROC/WEB)#
#2026 08 18 11:47:41.868#Z#DEBUG#3e4f6cdc-9afa-11f1-818d-eeee0a9896c2.bookscapm-srv#flowable-async-job-executor-thread-13501#
[PollStartAppStatusExecution] e4fbc9e0-0224-4a88-a46f-eef717330b07 [2026-08-18T11:47:36.326877] Node.js v24.15.0 (STDERR, APP/PROC/WEB)#
#2026 08 18 11:47:41.868#Z#DEBUG#3e4f6cdc-9afa-11f1-818d-eeee0a9896c2.bookscapm-srv#flowable-async-job-executor-thread-13501#
[PollStartAppStatusExecution] e4fbc9e0-0224-4a88-a46f-eef717330b07 [2026-08-18T11:47:36.342727] npm notice (STDERR, APP/PROC/WEB)#
#2026 08 18 11:47:41.868#Z#DEBUG#3e4f6cdc-9afa-11f1-818d-eeee0a9896c2.bookscapm-srv#flowable-async-job-executor-thread-13501#
[PollStartAppStatusExecution] e4fbc9e0-0224-4a88-a46f-eef717330b07 [2026-08-18T11:47:36.342754] npm notice New major version of npm available! 11.12.1 -> 12.0.2 (STDERR, APP/PROC/WEB)#
#2026 08 18 11:47:41.868#Z#DEBUG#3e4f6cdc-9afa-11f1-818d-eeee0a9896c2.bookscapm-srv#flowable-async-job-executor-thread-13501#
[PollStartAppStatusExecution] e4fbc9e0-0224-4a88-a46f-eef717330b07 [2026-08-18T11:47:36.342759] npm notice Changelog: https://github.com/npm/cli/releases/tag/v12.0.2 (STDERR, APP/PROC/WEB)#
#2026 08 18 11:47:41.868#Z#DEBUG#3e4f6cdc-9afa-11f1-818d-eeee0a9896c2.bookscapm-srv#flowable-async-job-executor-thread-13501#
[PollStartAppStatusExecution] e4fbc9e0-0224-4a88-a46f-eef717330b07 [2026-08-18T11:47:36.342770] npm notice To update run: npm install -g npm@12.0.2 (STDERR, APP/PROC/WEB)#
#2026 08 18 11:47:41.868#Z#DEBUG#3e4f6cdc-9afa-11f1-818d-eeee0a9896c2.bookscapm-srv#flowable-async-job-executor-thread-13501#
[PollStartAppStatusExecution] e4fbc9e0-0224-4a88-a46f-eef717330b07 [2026-08-18T11:47:36.342772] npm notice (STDERR, APP/PROC/WEB)#
#2026 08 18 11:47:41.868#Z#DEBUG#3e4f6cdc-9afa-11f1-818d-eeee0a9896c2.bookscapm-srv#flowable-async-job-executor-thread-13501#
[PollStartAppStatusExecution] e4fbc9e0-0224-4a88-a46f-eef717330b07 [2026-08-18T11:47:36.421729] Exit status 1 (STDOUT, APP/PROC/WEB)#
#2026 08 18 11:47:51.942#Z#DEBUG#3e4f6cdc-9afa-11f1-818d-eeee0a9896c2.bookscapm-srv#flowable-async-job-executor-thread-13512#
[PollStartAppStatusExecution] e4fbc9e0-0224-4a88-a46f-eef717330b07 [2026-08-18T11:47:41.958842] Cell c839c7b1-088e-41af-b9b7-66256aacd457 stopping instance 9072a40a-86a9-4fd1-49de-ae9c (STDOUT, CELL)#
#2026 08 18 11:47:51.942#Z#DEBUG#3e4f6cdc-9afa-11f1-818d-eeee0a9896c2.bookscapm-srv#flowable-async-job-executor-thread-13512#
[PollStartAppStatusExecution] e4fbc9e0-0224-4a88-a46f-eef717330b07 [2026-08-18T11:47:41.958885] Cell c839c7b1-088e-41af-b9b7-66256aacd457 destroying container for instance 9072a40a-86a9-4fd1-49de-ae9c (STDOUT, CELL)#
#2026 08 18 11:47:51.942#Z#DEBUG#3e4f6cdc-9afa-11f1-818d-eeee0a9896c2.bookscapm-srv#flowable-async-job-executor-thread-13512#
[PollStartAppStatusExecution] e4fbc9e0-0224-4a88-a46f-eef717330b07 [2026-08-18T11:47:41.976962] Process has crashed with type: "web" (STDOUT, API)#
#2026 08 18 11:47:51.942#Z#DEBUG#3e4f6cdc-9afa-11f1-818d-eeee0a9896c2.bookscapm-srv#flowable-async-job-executor-thread-13512#
[PollStartAppStatusExecution] e4fbc9e0-0224-4a88-a46f-eef717330b07 [2026-08-18T11:47:41.988556] App instance exited with guid e4fbc9e0-0224-4a88-a46f-eef717330b07 payload: {"instance"=>"9072a40a-86a9-4fd1-49de-ae9c", "index"=>0, "cell_id"=>"c839c7b1-088e-41af-b9b7-66256aacd457", "reason"=>"CRASHED", "exit_description"=>"APP/PROC/WEB: Exited with status 1", "crash_count"=>3, "crash_timestamp"=>1787053661955885168, "version"=>"c7ee96cd-a6ce-429f-9b28-6bca8116d544"} (STDOUT, API)#
#2026 08 18 11:47:51.942#Z#DEBUG#3e4f6cdc-9afa-11f1-818d-eeee0a9896c2.bookscapm-srv#flowable-async-job-executor-thread-13512#
[PollStartAppStatusExecution] e4fbc9e0-0224-4a88-a46f-eef717330b07 [2026-08-18T11:47:42.149777] Exit status 137 (STDOUT, PROXY)#
#2026 08 18 11:47:51.942#Z#DEBUG#3e4f6cdc-9afa-11f1-818d-eeee0a9896c2.bookscapm-srv#flowable-async-job-executor-thread-13512#
[PollStartAppStatusExecution] e4fbc9e0-0224-4a88-a46f-eef717330b07 [2026-08-18T11:47:44.137490] Cell c839c7b1-088e-41af-b9b7-66256aacd457 successfully destroyed container for instance 9072a40a-86a9-4fd1-49de-ae9c (STDOUT, CELL)#
#2026 08 18 11:48:02.151#Z#DEBUG#3e4f6cdc-9afa-11f1-818d-eeee0a9896c2.bookscapm-srv#flowable-async-job-executor-thread-13521#
[PollStartAppStatusExecution] e4fbc9e0-0224-4a88-a46f-eef717330b07 [2026-08-18T11:47:41.958842] Cell c839c7b1-088e-41af-b9b7-66256aacd457 stopping instance 9072a40a-86a9-4fd1-49de-ae9c (STDOUT, CELL)#
#2026 08 18 11:48:02.151#Z#DEBUG#3e4f6cdc-9afa-11f1-818d-eeee0a9896c2.bookscapm-srv#flowable-async-job-executor-thread-13521#
[PollStartAppStatusExecution] e4fbc9e0-0224-4a88-a46f-eef717330b07 [2026-08-18T11:47:41.958885] Cell c839c7b1-088e-41af-b9b7-66256aacd457 destroying container for instance 9072a40a-86a9-4fd1-49de-ae9c (STDOUT, CELL)#
#2026 08 18 11:48:02.151#Z#DEBUG#3e4f6cdc-9afa-11f1-818d-eeee0a9896c2.bookscapm-srv#flowable-async-job-executor-thread-13521#
[PollStartAppStatusExecution] e4fbc9e0-0224-4a88-a46f-eef717330b07 [2026-08-18T11:47:41.976962] Process has crashed with type: "web" (STDOUT, API)#
#2026 08 18 11:48:02.151#Z#DEBUG#3e4f6cdc-9afa-11f1-818d-eeee0a9896c2.bookscapm-srv#flowable-async-job-executor-thread-13521#
[PollStartAppStatusExecution] e4fbc9e0-0224-4a88-a46f-eef717330b07 [2026-08-18T11:47:41.988556] App instance exited with guid e4fbc9e0-0224-4a88-a46f-eef717330b07 payload: {"instance"=>"9072a40a-86a9-4fd1-49de-ae9c", "index"=>0, "cell_id"=>"c839c7b1-088e-41af-b9b7-66256aacd457", "reason"=>"CRASHED", "exit_description"=>"APP/PROC/WEB: Exited with status 1", "crash_count"=>3, "crash_timestamp"=>1787053661955885168, "version"=>"c7ee96cd-a6ce-429f-9b28-6bca8116d544"} (STDOUT, API)#
#2026 08 18 11:48:02.151#Z#DEBUG#3e4f6cdc-9afa-11f1-818d-eeee0a9896c2.bookscapm-srv#flowable-async-job-executor-thread-13521#
[PollStartAppStatusExecution] e4fbc9e0-0224-4a88-a46f-eef717330b07 [2026-08-18T11:47:42.149777] Exit status 137 (STDOUT, PROXY)#
#2026 08 18 11:48:02.151#Z#DEBUG#3e4f6cdc-9afa-11f1-818d-eeee0a9896c2.bookscapm-srv#flowable-async-job-executor-thread-13521#
[PollStartAppStatusExecution] e4fbc9e0-0224-4a88-a46f-eef717330b07 [2026-08-18T11:47:44.137490] Cell c839c7b1-088e-41af-b9b7-66256aacd457 successfully destroyed container for instance 9072a40a-86a9-4fd1-49de-ae9c (STDOUT, CELL)#
#2026 08 18 11:48:02.151#Z#DEBUG#3e4f6cdc-9afa-11f1-818d-eeee0a9896c2.bookscapm-srv#flowable-async-job-executor-thread-13521#
[PollStartAppStatusExecution] e4fbc9e0-0224-4a88-a46f-eef717330b07 [2026-08-18T11:47:54.029164] Stopping app with guid e4fbc9e0-0224-4a88-a46f-eef717330b07 (STDOUT, API)#
#2026 08 18 11:48:02.151#Z#DEBUG#3e4f6cdc-9afa-11f1-818d-eeee0a9896c2.bookscapm-srv#flowable-async-job-executor-thread-13521#
[PollStartAppStatusExecution] e4fbc9e0-0224-4a88-a46f-eef717330b07 [2026-08-18T11:47:54.171524] Starting app with guid e4fbc9e0-0224-4a88-a46f-eef717330b07 (STDOUT, API)#
#2026 08 18 11:48:02.151#Z#DEBUG#3e4f6cdc-9afa-11f1-818d-eeee0a9896c2.bookscapm-srv#flowable-async-job-executor-thread-13521#
[PollStartAppStatusExecution] e4fbc9e0-0224-4a88-a46f-eef717330b07 [2026-08-18T11:47:54.409798] Cell d1cc041a-d5a1-41d6-b9f6-6cda736ce3f0 creating container for instance 880a7b15-17d3-4e34-6000-8d69 (STDOUT, CELL)#
#2026 08 18 11:48:02.151#Z#DEBUG#3e4f6cdc-9afa-11f1-818d-eeee0a9896c2.bookscapm-srv#flowable-async-job-executor-thread-13521#
[PollStartAppStatusExecution] e4fbc9e0-0224-4a88-a46f-eef717330b07 [2026-08-18T11:47:55.235424] Security group rules were updated (STDOUT, CELL)#
#2026 08 18 11:48:02.151#Z#DEBUG#3e4f6cdc-9afa-11f1-818d-eeee0a9896c2.bookscapm-srv#flowable-async-job-executor-thread-13521#
[PollStartAppStatusExecution] e4fbc9e0-0224-4a88-a46f-eef717330b07 [2026-08-18T11:47:55.332563] Cell d1cc041a-d5a1-41d6-b9f6-6cda736ce3f0 successfully created container for instance 880a7b15-17d3-4e34-6000-8d69 (STDOUT, CELL)#
#2026 08 18 11:48:02.151#Z#DEBUG#3e4f6cdc-9afa-11f1-818d-eeee0a9896c2.bookscapm-srv#flowable-async-job-executor-thread-13521#
[PollStartAppStatusExecution] e4fbc9e0-0224-4a88-a46f-eef717330b07 [2026-08-18T11:47:56.023143] Downloading droplet... (STDOUT, CELL)#
#2026 08 18 11:48:02.151#Z#DEBUG#3e4f6cdc-9afa-11f1-818d-eeee0a9896c2.bookscapm-srv#flowable-async-job-executor-thread-13521#
[PollStartAppStatusExecution] e4fbc9e0-0224-4a88-a46f-eef717330b07 [2026-08-18T11:48:00.066261] Downloaded droplet (59.9M) (STDOUT, CELL)#
#2026 08 18 11:48:02.151#Z#DEBUG#3e4f6cdc-9afa-11f1-818d-eeee0a9896c2.bookscapm-srv#flowable-async-job-executor-thread-13521#
[PollStartAppStatusExecution] e4fbc9e0-0224-4a88-a46f-eef717330b07 [2026-08-18T11:48:00.066461] Starting health monitoring of container (STDOUT, CELL)#
#2026 08 18 11:48:02.151#Z#DEBUG#3e4f6cdc-9afa-11f1-818d-eeee0a9896c2.bookscapm-srv#flowable-async-job-executor-thread-13521#
[PollStartAppStatusExecution] e4fbc9e0-0224-4a88-a46f-eef717330b07 [2026-08-18T11:48:00.212403] Invoking pre-start scripts. (STDOUT, APP/PROC/WEB)#
#2026 08 18 11:48:02.151#Z#DEBUG#3e4f6cdc-9afa-11f1-818d-eeee0a9896c2.bookscapm-srv#flowable-async-job-executor-thread-13521#
[PollStartAppStatusExecution] e4fbc9e0-0224-4a88-a46f-eef717330b07 [2026-08-18T11:48:00.426533] Invoking start command. (STDOUT, APP/PROC/WEB)#
#2026 08 18 11:48:02.151#Z#DEBUG#3e4f6cdc-9afa-11f1-818d-eeee0a9896c2.bookscapm-srv#flowable-async-job-executor-thread-13521#
[PollStartAppStatusExecution] e4fbc9e0-0224-4a88-a46f-eef717330b07 [2026-08-18T11:48:00.933431] > bookscapm@1.0.0 start (STDOUT, APP/PROC/WEB)#
#2026 08 18 11:48:02.151#Z#DEBUG#3e4f6cdc-9afa-11f1-818d-eeee0a9896c2.bookscapm-srv#flowable-async-job-executor-thread-13521#
[PollStartAppStatusExecution] e4fbc9e0-0224-4a88-a46f-eef717330b07 [2026-08-18T11:48:00.933463] > cds-serve (STDOUT, APP/PROC/WEB)#
#2026 08 18 11:48:02.151#Z#DEBUG#3e4f6cdc-9afa-11f1-818d-eeee0a9896c2.bookscapm-srv#flowable-async-job-executor-thread-13521#
[PollStartAppStatusExecution] e4fbc9e0-0224-4a88-a46f-eef717330b07 [2026-08-18T11:48:01.220484] {"level":"info","logger":"cds","timestamp":"2026-08-18T11:48:01.218Z","layer":"cds","component_type":"application","container_id":"10.32.1.5","component_id":"e4fbc9e0-0224-4a88-a46f-eef717330b07","component_name":"bookscapm-srv","component_instance":0,"source_instance":0,"organization_name":"1fb9e48dtrial","organization_id":"8ca7719c-a1c5-4100-832b-9bfcd0e73c43","space_name":"dev","space_id":"5d8a2d66-1cdf-4f95-ae67-ef9fb5cde8d1","msg":"loaded model from 1 file(s):\n ","type":"log"} (STDOUT, APP/PROC/WEB)#
#2026 08 18 11:48:02.151#Z#DEBUG#3e4f6cdc-9afa-11f1-818d-eeee0a9896c2.bookscapm-srv#flowable-async-job-executor-thread-13521#
[PollStartAppStatusExecution] e4fbc9e0-0224-4a88-a46f-eef717330b07 [2026-08-18T11:48:01.220961] srv/csn.json (STDOUT, APP/PROC/WEB)#
#2026 08 18 11:48:02.151#Z#DEBUG#3e4f6cdc-9afa-11f1-818d-eeee0a9896c2.bookscapm-srv#flowable-async-job-executor-thread-13521#
[PollStartAppStatusExecution] e4fbc9e0-0224-4a88-a46f-eef717330b07 [2026-08-18T11:48:01.427883] {"level":"info","logger":"cds","timestamp":"2026-08-18T11:48:01.427Z","layer":"cds","component_type":"application","container_id":"10.32.1.5","component_id":"e4fbc9e0-0224-4a88-a46f-eef717330b07","component_name":"bookscapm-srv","component_instance":0,"source_instance":0,"organization_name":"1fb9e48dtrial","organization_id":"8ca7719c-a1c5-4100-832b-9bfcd0e73c43","space_name":"dev","space_id":"5d8a2d66-1cdf-4f95-ae67-ef9fb5cde8d1","msg":"connect to db > hana {\n  database_id: 'e76196d1-3d0e-4b63-a58c-bb3e1889cb4b',\n  host: 'e76196d1-3d0e-4b63-a58c-bb3e1889cb4b.hna0.prod-us10.hanacloud.ondemand.com',\n  port: '443',\n  driver: 'com.sap.db.jdbc.Driver',\n  url: 'jdbc:sap://e76196d1-3d0e-4b63-a58c-bb3e1889cb4b.hna0.prod-us10.hanacloud.ondemand.com:443?encrypt=true&validateCertificate=true&currentschema=A73E289B4D5D4307AA998E0AFB8BB7E9',\n  schema: 'A73E289B4D5D4307AA998E0AFB8BB7E9',\n  certificate: '...',\n  hdi_user: 'A73E289B4D5D4307AA998E0AFB8BB7E9_D64E135A32ZFHCC08ZN9BN39G_DT',\n  hdi_password: '...',\n  user: 'A73E289B4D5D4307AA998E0AFB8BB7E9_D64E135A32ZFHCC08ZN9BN39G_RT',\n  password: '...'\n}","type":"log"} (STDOUT, APP/PROC/WEB)#
#2026 08 18 11:48:02.151#Z#DEBUG#3e4f6cdc-9afa-11f1-818d-eeee0a9896c2.bookscapm-srv#flowable-async-job-executor-thread-13521#
[PollStartAppStatusExecution] e4fbc9e0-0224-4a88-a46f-eef717330b07 [2026-08-18T11:48:01.458810] {"level":"info","logger":"cds","timestamp":"2026-08-18T11:48:01.458Z","layer":"cds","component_type":"application","container_id":"10.32.1.5","component_id":"e4fbc9e0-0224-4a88-a46f-eef717330b07","component_name":"bookscapm-srv","component_instance":0,"source_instance":0,"organization_name":"1fb9e48dtrial","organization_id":"8ca7719c-a1c5-4100-832b-9bfcd0e73c43","space_name":"dev","space_id":"5d8a2d66-1cdf-4f95-ae67-ef9fb5cde8d1","msg":"using auth strategy { kind: 'jwt' }","type":"log"} (STDOUT, APP/PROC/WEB)#
#2026 08 18 11:48:02.151#Z#DEBUG#3e4f6cdc-9afa-11f1-818d-eeee0a9896c2.bookscapm-srv#flowable-async-job-executor-thread-13521#
[PollStartAppStatusExecution] e4fbc9e0-0224-4a88-a46f-eef717330b07 [2026-08-18T11:48:01.460781] node:internal/modules/cjs/loader:1476 (STDERR, APP/PROC/WEB)#
#2026 08 18 11:48:02.151#Z#DEBUG#3e4f6cdc-9afa-11f1-818d-eeee0a9896c2.bookscapm-srv#flowable-async-job-executor-thread-13521#
[PollStartAppStatusExecution] e4fbc9e0-0224-4a88-a46f-eef717330b07 [2026-08-18T11:48:01.460836] const err = new Error(message); (STDERR, APP/PROC/WEB)#
#2026 08 18 11:48:02.151#Z#DEBUG#3e4f6cdc-9afa-11f1-818d-eeee0a9896c2.bookscapm-srv#flowable-async-job-executor-thread-13521#
[PollStartAppStatusExecution] e4fbc9e0-0224-4a88-a46f-eef717330b07 [2026-08-18T11:48:01.460841] ^ (STDERR, APP/PROC/WEB)#
#2026 08 18 11:48:02.151#Z#DEBUG#3e4f6cdc-9afa-11f1-818d-eeee0a9896c2.bookscapm-srv#flowable-async-job-executor-thread-13521#
[PollStartAppStatusExecution] e4fbc9e0-0224-4a88-a46f-eef717330b07 [2026-08-18T11:48:01.460846] Error: Cannot find '@sap/xssec'. Make sure to install it with 'npm i @sap/xssec' (STDERR, APP/PROC/WEB)#
#2026 08 18 11:48:02.151#Z#DEBUG#3e4f6cdc-9afa-11f1-818d-eeee0a9896c2.bookscapm-srv#flowable-async-job-executor-thread-13521#
[PollStartAppStatusExecution] e4fbc9e0-0224-4a88-a46f-eef717330b07 [2026-08-18T11:48:01.460849] Cannot find module '@sap/xssec' (STDERR, APP/PROC/WEB)#
#2026 08 18 11:48:02.151#Z#DEBUG#3e4f6cdc-9afa-11f1-818d-eeee0a9896c2.bookscapm-srv#flowable-async-job-executor-thread-13521#
[PollStartAppStatusExecution] e4fbc9e0-0224-4a88-a46f-eef717330b07 [2026-08-18T11:48:01.460851] Require stack: (STDERR, APP/PROC/WEB)#
#2026 08 18 11:48:02.151#Z#DEBUG#3e4f6cdc-9afa-11f1-818d-eeee0a9896c2.bookscapm-srv#flowable-async-job-executor-thread-13521#
[PollStartAppStatusExecution] e4fbc9e0-0224-4a88-a46f-eef717330b07 [2026-08-18T11:48:01.460858] - /home/vcap/app/node_modules/@sap/cds/lib/srv/middlewares/auth/xssec.js (STDERR, APP/PROC/WEB)#
#2026 08 18 11:48:02.151#Z#DEBUG#3e4f6cdc-9afa-11f1-818d-eeee0a9896c2.bookscapm-srv#flowable-async-job-executor-thread-13521#
[PollStartAppStatusExecution] e4fbc9e0-0224-4a88-a46f-eef717330b07 [2026-08-18T11:48:01.460861] - /home/vcap/app/node_modules/@sap/cds/lib/srv/middlewares/auth/jwt-auth.js (STDERR, APP/PROC/WEB)#
#2026 08 18 11:48:02.151#Z#DEBUG#3e4f6cdc-9afa-11f1-818d-eeee0a9896c2.bookscapm-srv#flowable-async-job-executor-thread-13521#
[PollStartAppStatusExecution] e4fbc9e0-0224-4a88-a46f-eef717330b07 [2026-08-18T11:48:01.460864] - /home/vcap/app/node_modules/@sap/cds/lib/srv/middlewares/auth/index.js (STDERR, APP/PROC/WEB)#
#2026 08 18 11:48:02.151#Z#DEBUG#3e4f6cdc-9afa-11f1-818d-eeee0a9896c2.bookscapm-srv#flowable-async-job-executor-thread-13521#
[PollStartAppStatusExecution] e4fbc9e0-0224-4a88-a46f-eef717330b07 [2026-08-18T11:48:01.460867] - /home/vcap/app/node_modules/@sap/cds/lib/srv/middlewares/index.js (STDERR, APP/PROC/WEB)#
#2026 08 18 11:48:02.151#Z#DEBUG#3e4f6cdc-9afa-11f1-818d-eeee0a9896c2.bookscapm-srv#flowable-async-job-executor-thread-13521#
[PollStartAppStatusExecution] e4fbc9e0-0224-4a88-a46f-eef717330b07 [2026-08-18T11:48:01.460870] - /home/vcap/app/node_modules/@sap/cds/lib/index.js (STDERR, APP/PROC/WEB)#
#2026 08 18 11:48:02.151#Z#DEBUG#3e4f6cdc-9afa-11f1-818d-eeee0a9896c2.bookscapm-srv#flowable-async-job-executor-thread-13521#
[PollStartAppStatusExecution] e4fbc9e0-0224-4a88-a46f-eef717330b07 [2026-08-18T11:48:01.460873] - /home/vcap/app/node_modules/@sap/cds/bin/serve.js (STDERR, APP/PROC/WEB)#
#2026 08 18 11:48:02.151#Z#DEBUG#3e4f6cdc-9afa-11f1-818d-eeee0a9896c2.bookscapm-srv#flowable-async-job-executor-thread-13521#
[PollStartAppStatusExecution] e4fbc9e0-0224-4a88-a46f-eef717330b07 [2026-08-18T11:48:01.460877] at Module._resolveFilename (node:internal/modules/cjs/loader:1476:15) (STDERR, APP/PROC/WEB)#
#2026 08 18 11:48:02.151#Z#DEBUG#3e4f6cdc-9afa-11f1-818d-eeee0a9896c2.bookscapm-srv#flowable-async-job-executor-thread-13521#
[PollStartAppStatusExecution] e4fbc9e0-0224-4a88-a46f-eef717330b07 [2026-08-18T11:48:01.460880] at wrapResolveFilename (node:internal/modules/cjs/loader:1049:27) (STDERR, APP/PROC/WEB)#
#2026 08 18 11:48:02.151#Z#DEBUG#3e4f6cdc-9afa-11f1-818d-eeee0a9896c2.bookscapm-srv#flowable-async-job-executor-thread-13521#
[PollStartAppStatusExecution] e4fbc9e0-0224-4a88-a46f-eef717330b07 [2026-08-18T11:48:01.460969] at defaultResolveImplForCJSLoading (node:internal/modules/cjs/loader:1073:10) (STDERR, APP/PROC/WEB)#
#2026 08 18 11:48:02.151#Z#DEBUG#3e4f6cdc-9afa-11f1-818d-eeee0a9896c2.bookscapm-srv#flowable-async-job-executor-thread-13521#
[PollStartAppStatusExecution] e4fbc9e0-0224-4a88-a46f-eef717330b07 [2026-08-18T11:48:01.460973] at resolveForCJSWithHooks (node:internal/modules/cjs/loader:1094:12) (STDERR, APP/PROC/WEB)#
#2026 08 18 11:48:02.151#Z#DEBUG#3e4f6cdc-9afa-11f1-818d-eeee0a9896c2.bookscapm-srv#flowable-async-job-executor-thread-13521#
[PollStartAppStatusExecution] e4fbc9e0-0224-4a88-a46f-eef717330b07 [2026-08-18T11:48:01.460976] at Module._load (node:internal/modules/cjs/loader:1262:25) (STDERR, APP/PROC/WEB)#
#2026 08 18 11:48:02.151#Z#DEBUG#3e4f6cdc-9afa-11f1-818d-eeee0a9896c2.bookscapm-srv#flowable-async-job-executor-thread-13521#
[PollStartAppStatusExecution] e4fbc9e0-0224-4a88-a46f-eef717330b07 [2026-08-18T11:48:01.460979] at wrapModuleLoad (node:internal/modules/cjs/loader:255:19) (STDERR, APP/PROC/WEB)#
#2026 08 18 11:48:02.151#Z#DEBUG#3e4f6cdc-9afa-11f1-818d-eeee0a9896c2.bookscapm-srv#flowable-async-job-executor-thread-13521#
[PollStartAppStatusExecution] e4fbc9e0-0224-4a88-a46f-eef717330b07 [2026-08-18T11:48:01.460985] at Module.require (node:internal/modules/cjs/loader:1576:12) (STDERR, APP/PROC/WEB)#
#2026 08 18 11:48:02.151#Z#DEBUG#3e4f6cdc-9afa-11f1-818d-eeee0a9896c2.bookscapm-srv#flowable-async-job-executor-thread-13521#
[PollStartAppStatusExecution] e4fbc9e0-0224-4a88-a46f-eef717330b07 [2026-08-18T11:48:01.460988] at require (node:internal/modules/helpers:153:16) (STDERR, APP/PROC/WEB)#
#2026 08 18 11:48:02.151#Z#DEBUG#3e4f6cdc-9afa-11f1-818d-eeee0a9896c2.bookscapm-srv#flowable-async-job-executor-thread-13521#
[PollStartAppStatusExecution] e4fbc9e0-0224-4a88-a46f-eef717330b07 [2026-08-18T11:48:01.460994] at Object.<anonymous> (/home/vcap/app/node_modules/@sap/cds/lib/srv/middlewares/auth/xssec.js:2:17) (STDERR, APP/PROC/WEB)#
#2026 08 18 11:48:02.151#Z#DEBUG#3e4f6cdc-9afa-11f1-818d-eeee0a9896c2.bookscapm-srv#flowable-async-job-executor-thread-13521#
[PollStartAppStatusExecution] e4fbc9e0-0224-4a88-a46f-eef717330b07 [2026-08-18T11:48:01.460997] at Module._compile (node:internal/modules/cjs/loader:1830:14) { (STDERR, APP/PROC/WEB)#
#2026 08 18 11:48:02.151#Z#DEBUG#3e4f6cdc-9afa-11f1-818d-eeee0a9896c2.bookscapm-srv#flowable-async-job-executor-thread-13521#
[PollStartAppStatusExecution] e4fbc9e0-0224-4a88-a46f-eef717330b07 [2026-08-18T11:48:01.461] code: 'MODULE_NOT_FOUND', (STDERR, APP/PROC/WEB)#
#2026 08 18 11:48:02.151#Z#DEBUG#3e4f6cdc-9afa-11f1-818d-eeee0a9896c2.bookscapm-srv#flowable-async-job-executor-thread-13521#
[PollStartAppStatusExecution] e4fbc9e0-0224-4a88-a46f-eef717330b07 [2026-08-18T11:48:01.461039] requireStack: [ (STDERR, APP/PROC/WEB)#
#2026 08 18 11:48:02.151#Z#DEBUG#3e4f6cdc-9afa-11f1-818d-eeee0a9896c2.bookscapm-srv#flowable-async-job-executor-thread-13521#
[PollStartAppStatusExecution] e4fbc9e0-0224-4a88-a46f-eef717330b07 [2026-08-18T11:48:01.461044] '/home/vcap/app/node_modules/@sap/cds/lib/srv/middlewares/auth/xssec.js', (STDERR, APP/PROC/WEB)#
#2026 08 18 11:48:02.151#Z#DEBUG#3e4f6cdc-9afa-11f1-818d-eeee0a9896c2.bookscapm-srv#flowable-async-job-executor-thread-13521#
[PollStartAppStatusExecution] e4fbc9e0-0224-4a88-a46f-eef717330b07 [2026-08-18T11:48:01.461048] '/home/vcap/app/node_modules/@sap/cds/lib/srv/middlewares/auth/jwt-auth.js', (STDERR, APP/PROC/WEB)#
#2026 08 18 11:48:02.151#Z#DEBUG#3e4f6cdc-9afa-11f1-818d-eeee0a9896c2.bookscapm-srv#flowable-async-job-executor-thread-13521#
[PollStartAppStatusExecution] e4fbc9e0-0224-4a88-a46f-eef717330b07 [2026-08-18T11:48:01.461051] '/home/vcap/app/node_modules/@sap/cds/lib/srv/middlewares/auth/index.js', (STDERR, APP/PROC/WEB)#
#2026 08 18 11:48:02.151#Z#DEBUG#3e4f6cdc-9afa-11f1-818d-eeee0a9896c2.bookscapm-srv#flowable-async-job-executor-thread-13521#
[PollStartAppStatusExecution] e4fbc9e0-0224-4a88-a46f-eef717330b07 [2026-08-18T11:48:01.461054] '/home/vcap/app/node_modules/@sap/cds/lib/srv/middlewares/index.js', (STDERR, APP/PROC/WEB)#
#2026 08 18 11:48:02.151#Z#DEBUG#3e4f6cdc-9afa-11f1-818d-eeee0a9896c2.bookscapm-srv#flowable-async-job-executor-thread-13521#
[PollStartAppStatusExecution] e4fbc9e0-0224-4a88-a46f-eef717330b07 [2026-08-18T11:48:01.461056] '/home/vcap/app/node_modules/@sap/cds/lib/index.js', (STDERR, APP/PROC/WEB)#
#2026 08 18 11:48:02.151#Z#DEBUG#3e4f6cdc-9afa-11f1-818d-eeee0a9896c2.bookscapm-srv#flowable-async-job-executor-thread-13521#
[PollStartAppStatusExecution] e4fbc9e0-0224-4a88-a46f-eef717330b07 [2026-08-18T11:48:01.461062] '/home/vcap/app/node_modules/@sap/cds/bin/serve.js' (STDERR, APP/PROC/WEB)#
#2026 08 18 11:48:02.151#Z#DEBUG#3e4f6cdc-9afa-11f1-818d-eeee0a9896c2.bookscapm-srv#flowable-async-job-executor-thread-13521#
[PollStartAppStatusExecution] e4fbc9e0-0224-4a88-a46f-eef717330b07 [2026-08-18T11:48:01.461065] ] (STDERR, APP/PROC/WEB)#
#2026 08 18 11:48:02.151#Z#DEBUG#3e4f6cdc-9afa-11f1-818d-eeee0a9896c2.bookscapm-srv#flowable-async-job-executor-thread-13521#
[PollStartAppStatusExecution] e4fbc9e0-0224-4a88-a46f-eef717330b07 [2026-08-18T11:48:01.461068] } (STDERR, APP/PROC/WEB)#
#2026 08 18 11:48:02.151#Z#DEBUG#3e4f6cdc-9afa-11f1-818d-eeee0a9896c2.bookscapm-srv#flowable-async-job-executor-thread-13521#
[PollStartAppStatusExecution] e4fbc9e0-0224-4a88-a46f-eef717330b07 [2026-08-18T11:48:01.461071] Node.js v24.15.0 (STDERR, APP/PROC/WEB)#
#2026 08 18 11:48:02.151#Z#DEBUG#3e4f6cdc-9afa-11f1-818d-eeee0a9896c2.bookscapm-srv#flowable-async-job-executor-thread-13521#
[PollStartAppStatusExecution] e4fbc9e0-0224-4a88-a46f-eef717330b07 [2026-08-18T11:48:01.480264] npm notice (STDERR, APP/PROC/WEB)#
#2026 08 18 11:48:02.151#Z#DEBUG#3e4f6cdc-9afa-11f1-818d-eeee0a9896c2.bookscapm-srv#flowable-async-job-executor-thread-13521#
[PollStartAppStatusExecution] e4fbc9e0-0224-4a88-a46f-eef717330b07 [2026-08-18T11:48:01.480323] npm notice New major version of npm available! 11.12.1 -> 12.0.2 (STDERR, APP/PROC/WEB)#
#2026 08 18 11:48:02.151#Z#DEBUG#3e4f6cdc-9afa-11f1-818d-eeee0a9896c2.bookscapm-srv#flowable-async-job-executor-thread-13521#
[PollStartAppStatusExecution] e4fbc9e0-0224-4a88-a46f-eef717330b07 [2026-08-18T11:48:01.480331] npm notice Changelog: https://github.com/npm/cli/releases/tag/v12.0.2 (STDERR, APP/PROC/WEB)#
#2026 08 18 11:48:02.151#Z#DEBUG#3e4f6cdc-9afa-11f1-818d-eeee0a9896c2.bookscapm-srv#flowable-async-job-executor-thread-13521#
[PollStartAppStatusExecution] e4fbc9e0-0224-4a88-a46f-eef717330b07 [2026-08-18T11:48:01.480335] npm notice To update run: npm install -g npm@12.0.2 (STDERR, APP/PROC/WEB)#
#2026 08 18 11:48:02.151#Z#DEBUG#3e4f6cdc-9afa-11f1-818d-eeee0a9896c2.bookscapm-srv#flowable-async-job-executor-thread-13521#
[PollStartAppStatusExecution] e4fbc9e0-0224-4a88-a46f-eef717330b07 [2026-08-18T11:48:01.480337] npm notice (STDERR, APP/PROC/WEB)#
#2026 08 18 11:48:02.151#Z#DEBUG#3e4f6cdc-9afa-11f1-818d-eeee0a9896c2.bookscapm-srv#flowable-async-job-executor-thread-13521#
[PollStartAppStatusExecution] e4fbc9e0-0224-4a88-a46f-eef717330b07 [2026-08-18T11:48:01.565843] Exit status 1 (STDOUT, APP/PROC/WEB)#
#2026 08 18 11:48:12.246#Z#DEBUG#3e4f6cdc-9afa-11f1-818d-eeee0a9896c2.bookscapm-srv#flowable-async-job-executor-thread-12085#
[PollStartAppStatusExecution] e4fbc9e0-0224-4a88-a46f-eef717330b07 [2026-08-18T11:48:07.569918] Cell d1cc041a-d5a1-41d6-b9f6-6cda736ce3f0 stopping instance 880a7b15-17d3-4e34-6000-8d69 (STDOUT, CELL)#
#2026 08 18 11:48:12.246#Z#DEBUG#3e4f6cdc-9afa-11f1-818d-eeee0a9896c2.bookscapm-srv#flowable-async-job-executor-thread-12085#
[PollStartAppStatusExecution] e4fbc9e0-0224-4a88-a46f-eef717330b07 [2026-08-18T11:48:07.569966] Cell d1cc041a-d5a1-41d6-b9f6-6cda736ce3f0 destroying container for instance 880a7b15-17d3-4e34-6000-8d69 (STDOUT, CELL)#
#2026 08 18 11:48:12.246#Z#DEBUG#3e4f6cdc-9afa-11f1-818d-eeee0a9896c2.bookscapm-srv#flowable-async-job-executor-thread-12085#
[PollStartAppStatusExecution] e4fbc9e0-0224-4a88-a46f-eef717330b07 [2026-08-18T11:48:07.581313] Process has crashed with type: "web" (STDOUT, API)#
#2026 08 18 11:48:12.246#Z#DEBUG#3e4f6cdc-9afa-11f1-818d-eeee0a9896c2.bookscapm-srv#flowable-async-job-executor-thread-12085#
[PollStartAppStatusExecution] e4fbc9e0-0224-4a88-a46f-eef717330b07 [2026-08-18T11:48:07.597439] App instance exited with guid e4fbc9e0-0224-4a88-a46f-eef717330b07 payload: {"instance"=>"880a7b15-17d3-4e34-6000-8d69", "index"=>0, "cell_id"=>"d1cc041a-d5a1-41d6-b9f6-6cda736ce3f0", "reason"=>"CRASHED", "exit_description"=>"APP/PROC/WEB: Exited with status 1", "crash_count"=>1, "crash_timestamp"=>1787053687554278881, "version"=>"f95bf560-7ea7-4f23-bd21-520e2695f678"} (STDOUT, API)#
#2026 08 18 11:48:12.246#Z#DEBUG#3e4f6cdc-9afa-11f1-818d-eeee0a9896c2.bookscapm-srv#flowable-async-job-executor-thread-12085#
[PollStartAppStatusExecution] e4fbc9e0-0224-4a88-a46f-eef717330b07 [2026-08-18T11:48:07.701795] Cell 77283d80-dfa7-40ba-ba4e-265aef112085 creating container for instance 7dbe8569-3672-41bd-7237-b213 (STDOUT, CELL)#
#2026 08 18 11:48:12.246#Z#DEBUG#3e4f6cdc-9afa-11f1-818d-eeee0a9896c2.bookscapm-srv#flowable-async-job-executor-thread-12085#
[PollStartAppStatusExecution] e4fbc9e0-0224-4a88-a46f-eef717330b07 [2026-08-18T11:48:07.819650] Exit status 137 (STDOUT, PROXY)#
#2026 08 18 11:48:12.246#Z#DEBUG#3e4f6cdc-9afa-11f1-818d-eeee0a9896c2.bookscapm-srv#flowable-async-job-executor-thread-12085#
[PollStartAppStatusExecution] e4fbc9e0-0224-4a88-a46f-eef717330b07 [2026-08-18T11:48:08.384927] Security group rules were updated (STDOUT, CELL)#
#2026 08 18 11:48:12.246#Z#DEBUG#3e4f6cdc-9afa-11f1-818d-eeee0a9896c2.bookscapm-srv#flowable-async-job-executor-thread-12085#
[PollStartAppStatusExecution] e4fbc9e0-0224-4a88-a46f-eef717330b07 [2026-08-18T11:48:08.477169] Cell 77283d80-dfa7-40ba-ba4e-265aef112085 successfully created container for instance 7dbe8569-3672-41bd-7237-b213 (STDOUT, CELL)#
#2026 08 18 11:48:12.246#Z#DEBUG#3e4f6cdc-9afa-11f1-818d-eeee0a9896c2.bookscapm-srv#flowable-async-job-executor-thread-12085#
[PollStartAppStatusExecution] e4fbc9e0-0224-4a88-a46f-eef717330b07 [2026-08-18T11:48:09.172819] Downloading droplet... (STDOUT, CELL)#
#2026 08 18 11:48:12.246#Z#DEBUG#3e4f6cdc-9afa-11f1-818d-eeee0a9896c2.bookscapm-srv#flowable-async-job-executor-thread-12085#
[PollStartAppStatusExecution] e4fbc9e0-0224-4a88-a46f-eef717330b07 [2026-08-18T11:48:10.015044] Cell d1cc041a-d5a1-41d6-b9f6-6cda736ce3f0 successfully destroyed container for instance 880a7b15-17d3-4e34-6000-8d69 (STDOUT, CELL)#
#2026 08 18 11:48:22.550#Z#DEBUG#3e4f6cdc-9afa-11f1-818d-eeee0a9896c2.bookscapm-srv#flowable-async-job-executor-thread-13528#
[PollStartAppStatusExecution] e4fbc9e0-0224-4a88-a46f-eef717330b07 [2026-08-18T11:48:12.688400] Downloaded droplet (59.9M) (STDOUT, CELL)#
#2026 08 18 11:48:22.550#Z#DEBUG#3e4f6cdc-9afa-11f1-818d-eeee0a9896c2.bookscapm-srv#flowable-async-job-executor-thread-13528#
[PollStartAppStatusExecution] e4fbc9e0-0224-4a88-a46f-eef717330b07 [2026-08-18T11:48:12.688602] Starting health monitoring of container (STDOUT, CELL)#
#2026 08 18 11:48:22.550#Z#DEBUG#3e4f6cdc-9afa-11f1-818d-eeee0a9896c2.bookscapm-srv#flowable-async-job-executor-thread-13528#
[PollStartAppStatusExecution] e4fbc9e0-0224-4a88-a46f-eef717330b07 [2026-08-18T11:48:12.815510] Invoking pre-start scripts. (STDOUT, APP/PROC/WEB)#
#2026 08 18 11:48:22.550#Z#DEBUG#3e4f6cdc-9afa-11f1-818d-eeee0a9896c2.bookscapm-srv#flowable-async-job-executor-thread-13528#
[PollStartAppStatusExecution] e4fbc9e0-0224-4a88-a46f-eef717330b07 [2026-08-18T11:48:13.046112] Invoking start command. (STDOUT, APP/PROC/WEB)#
#2026 08 18 11:48:22.550#Z#DEBUG#3e4f6cdc-9afa-11f1-818d-eeee0a9896c2.bookscapm-srv#flowable-async-job-executor-thread-13528#
[PollStartAppStatusExecution] e4fbc9e0-0224-4a88-a46f-eef717330b07 [2026-08-18T11:48:13.518039] > bookscapm@1.0.0 start (STDOUT, APP/PROC/WEB)#
#2026 08 18 11:48:22.550#Z#DEBUG#3e4f6cdc-9afa-11f1-818d-eeee0a9896c2.bookscapm-srv#flowable-async-job-executor-thread-13528#
[PollStartAppStatusExecution] e4fbc9e0-0224-4a88-a46f-eef717330b07 [2026-08-18T11:48:13.518058] > cds-serve (STDOUT, APP/PROC/WEB)#
#2026 08 18 11:48:22.550#Z#DEBUG#3e4f6cdc-9afa-11f1-818d-eeee0a9896c2.bookscapm-srv#flowable-async-job-executor-thread-13528#
[PollStartAppStatusExecution] e4fbc9e0-0224-4a88-a46f-eef717330b07 [2026-08-18T11:48:13.836730] {"level":"info","logger":"cds","timestamp":"2026-08-18T11:48:13.835Z","layer":"cds","component_type":"application","container_id":"10.32.3.6","component_id":"e4fbc9e0-0224-4a88-a46f-eef717330b07","component_name":"bookscapm-srv","component_instance":0,"source_instance":0,"organization_name":"1fb9e48dtrial","organization_id":"8ca7719c-a1c5-4100-832b-9bfcd0e73c43","space_name":"dev","space_id":"5d8a2d66-1cdf-4f95-ae67-ef9fb5cde8d1","msg":"loaded model from 1 file(s):\n ","type":"log"} (STDOUT, APP/PROC/WEB)#
#2026 08 18 11:48:22.550#Z#DEBUG#3e4f6cdc-9afa-11f1-818d-eeee0a9896c2.bookscapm-srv#flowable-async-job-executor-thread-13528#
[PollStartAppStatusExecution] e4fbc9e0-0224-4a88-a46f-eef717330b07 [2026-08-18T11:48:13.837228] srv/csn.json (STDOUT, APP/PROC/WEB)#
#2026 08 18 11:48:22.550#Z#DEBUG#3e4f6cdc-9afa-11f1-818d-eeee0a9896c2.bookscapm-srv#flowable-async-job-executor-thread-13528#
[PollStartAppStatusExecution] e4fbc9e0-0224-4a88-a46f-eef717330b07 [2026-08-18T11:48:14.041102] {"level":"info","logger":"cds","timestamp":"2026-08-18T11:48:14.040Z","layer":"cds","component_type":"application","container_id":"10.32.3.6","component_id":"e4fbc9e0-0224-4a88-a46f-eef717330b07","component_name":"bookscapm-srv","component_instance":0,"source_instance":0,"organization_name":"1fb9e48dtrial","organization_id":"8ca7719c-a1c5-4100-832b-9bfcd0e73c43","space_name":"dev","space_id":"5d8a2d66-1cdf-4f95-ae67-ef9fb5cde8d1","msg":"connect to db > hana {\n  database_id: 'e76196d1-3d0e-4b63-a58c-bb3e1889cb4b',\n  host: 'e76196d1-3d0e-4b63-a58c-bb3e1889cb4b.hna0.prod-us10.hanacloud.ondemand.com',\n  port: '443',\n  driver: 'com.sap.db.jdbc.Driver',\n  url: 'jdbc:sap://e76196d1-3d0e-4b63-a58c-bb3e1889cb4b.hna0.prod-us10.hanacloud.ondemand.com:443?encrypt=true&validateCertificate=true&currentschema=A73E289B4D5D4307AA998E0AFB8BB7E9',\n  schema: 'A73E289B4D5D4307AA998E0AFB8BB7E9',\n  certificate: '...',\n  hdi_user: 'A73E289B4D5D4307AA998E0AFB8BB7E9_D64E135A32ZFHCC08ZN9BN39G_DT',\n  hdi_password: '...',\n  user: 'A73E289B4D5D4307AA998E0AFB8BB7E9_D64E135A32ZFHCC08ZN9BN39G_RT',\n  password: '...'\n}","type":"log"} (STDOUT, APP/PROC/WEB)#
#2026 08 18 11:48:22.550#Z#DEBUG#3e4f6cdc-9afa-11f1-818d-eeee0a9896c2.bookscapm-srv#flowable-async-job-executor-thread-13528#
[PollStartAppStatusExecution] e4fbc9e0-0224-4a88-a46f-eef717330b07 [2026-08-18T11:48:14.073684] {"level":"info","logger":"cds","timestamp":"2026-08-18T11:48:14.072Z","layer":"cds","component_type":"application","container_id":"10.32.3.6","component_id":"e4fbc9e0-0224-4a88-a46f-eef717330b07","component_name":"bookscapm-srv","component_instance":0,"source_instance":0,"organization_name":"1fb9e48dtrial","organization_id":"8ca7719c-a1c5-4100-832b-9bfcd0e73c43","space_name":"dev","space_id":"5d8a2d66-1cdf-4f95-ae67-ef9fb5cde8d1","msg":"using auth strategy { kind: 'jwt' }","type":"log"} (STDOUT, APP/PROC/WEB)#
#2026 08 18 11:48:22.550#Z#DEBUG#3e4f6cdc-9afa-11f1-818d-eeee0a9896c2.bookscapm-srv#flowable-async-job-executor-thread-13528#
[PollStartAppStatusExecution] e4fbc9e0-0224-4a88-a46f-eef717330b07 [2026-08-18T11:48:14.076246] node:internal/modules/cjs/loader:1476 (STDERR, APP/PROC/WEB)#
#2026 08 18 11:48:22.550#Z#DEBUG#3e4f6cdc-9afa-11f1-818d-eeee0a9896c2.bookscapm-srv#flowable-async-job-executor-thread-13528#
[PollStartAppStatusExecution] e4fbc9e0-0224-4a88-a46f-eef717330b07 [2026-08-18T11:48:14.076280] const err = new Error(message); (STDERR, APP/PROC/WEB)#
#2026 08 18 11:48:22.550#Z#DEBUG#3e4f6cdc-9afa-11f1-818d-eeee0a9896c2.bookscapm-srv#flowable-async-job-executor-thread-13528#
[PollStartAppStatusExecution] e4fbc9e0-0224-4a88-a46f-eef717330b07 [2026-08-18T11:48:14.076285] ^ (STDERR, APP/PROC/WEB)#
#2026 08 18 11:48:22.550#Z#DEBUG#3e4f6cdc-9afa-11f1-818d-eeee0a9896c2.bookscapm-srv#flowable-async-job-executor-thread-13528#
[PollStartAppStatusExecution] e4fbc9e0-0224-4a88-a46f-eef717330b07 [2026-08-18T11:48:14.076291] Error: Cannot find '@sap/xssec'. Make sure to install it with 'npm i @sap/xssec' (STDERR, APP/PROC/WEB)#
#2026 08 18 11:48:22.550#Z#DEBUG#3e4f6cdc-9afa-11f1-818d-eeee0a9896c2.bookscapm-srv#flowable-async-job-executor-thread-13528#
[PollStartAppStatusExecution] e4fbc9e0-0224-4a88-a46f-eef717330b07 [2026-08-18T11:48:14.076298] Cannot find module '@sap/xssec' (STDERR, APP/PROC/WEB)#
#2026 08 18 11:48:22.550#Z#DEBUG#3e4f6cdc-9afa-11f1-818d-eeee0a9896c2.bookscapm-srv#flowable-async-job-executor-thread-13528#
[PollStartAppStatusExecution] e4fbc9e0-0224-4a88-a46f-eef717330b07 [2026-08-18T11:48:14.076301] Require stack: (STDERR, APP/PROC/WEB)#
#2026 08 18 11:48:22.550#Z#DEBUG#3e4f6cdc-9afa-11f1-818d-eeee0a9896c2.bookscapm-srv#flowable-async-job-executor-thread-13528#
[PollStartAppStatusExecution] e4fbc9e0-0224-4a88-a46f-eef717330b07 [2026-08-18T11:48:14.076303] - /home/vcap/app/node_modules/@sap/cds/lib/srv/middlewares/auth/xssec.js (STDERR, APP/PROC/WEB)#
#2026 08 18 11:48:22.550#Z#DEBUG#3e4f6cdc-9afa-11f1-818d-eeee0a9896c2.bookscapm-srv#flowable-async-job-executor-thread-13528#
[PollStartAppStatusExecution] e4fbc9e0-0224-4a88-a46f-eef717330b07 [2026-08-18T11:48:14.076306] - /home/vcap/app/node_modules/@sap/cds/lib/srv/middlewares/auth/jwt-auth.js (STDERR, APP/PROC/WEB)#
#2026 08 18 11:48:22.550#Z#DEBUG#3e4f6cdc-9afa-11f1-818d-eeee0a9896c2.bookscapm-srv#flowable-async-job-executor-thread-13528#
[PollStartAppStatusExecution] e4fbc9e0-0224-4a88-a46f-eef717330b07 [2026-08-18T11:48:14.076308] - /home/vcap/app/node_modules/@sap/cds/lib/srv/middlewares/auth/index.js (STDERR, APP/PROC/WEB)#
#2026 08 18 11:48:22.550#Z#DEBUG#3e4f6cdc-9afa-11f1-818d-eeee0a9896c2.bookscapm-srv#flowable-async-job-executor-thread-13528#
[PollStartAppStatusExecution] e4fbc9e0-0224-4a88-a46f-eef717330b07 [2026-08-18T11:48:14.076311] - /home/vcap/app/node_modules/@sap/cds/lib/srv/middlewares/index.js (STDERR, APP/PROC/WEB)#
#2026 08 18 11:48:22.550#Z#DEBUG#3e4f6cdc-9afa-11f1-818d-eeee0a9896c2.bookscapm-srv#flowable-async-job-executor-thread-13528#
[PollStartAppStatusExecution] e4fbc9e0-0224-4a88-a46f-eef717330b07 [2026-08-18T11:48:14.076315] - /home/vcap/app/node_modules/@sap/cds/lib/index.js (STDERR, APP/PROC/WEB)#
#2026 08 18 11:48:22.550#Z#DEBUG#3e4f6cdc-9afa-11f1-818d-eeee0a9896c2.bookscapm-srv#flowable-async-job-executor-thread-13528#
[PollStartAppStatusExecution] e4fbc9e0-0224-4a88-a46f-eef717330b07 [2026-08-18T11:48:14.076317] - /home/vcap/app/node_modules/@sap/cds/bin/serve.js (STDERR, APP/PROC/WEB)#
#2026 08 18 11:48:22.550#Z#DEBUG#3e4f6cdc-9afa-11f1-818d-eeee0a9896c2.bookscapm-srv#flowable-async-job-executor-thread-13528#
[PollStartAppStatusExecution] e4fbc9e0-0224-4a88-a46f-eef717330b07 [2026-08-18T11:48:14.076320] at Module._resolveFilename (node:internal/modules/cjs/loader:1476:15) (STDERR, APP/PROC/WEB)#
#2026 08 18 11:48:22.550#Z#DEBUG#3e4f6cdc-9afa-11f1-818d-eeee0a9896c2.bookscapm-srv#flowable-async-job-executor-thread-13528#
[PollStartAppStatusExecution] e4fbc9e0-0224-4a88-a46f-eef717330b07 [2026-08-18T11:48:14.076325] at wrapResolveFilename (node:internal/modules/cjs/loader:1049:27) (STDERR, APP/PROC/WEB)#
#2026 08 18 11:48:22.550#Z#DEBUG#3e4f6cdc-9afa-11f1-818d-eeee0a9896c2.bookscapm-srv#flowable-async-job-executor-thread-13528#
[PollStartAppStatusExecution] e4fbc9e0-0224-4a88-a46f-eef717330b07 [2026-08-18T11:48:14.076330] at defaultResolveImplForCJSLoading (node:internal/modules/cjs/loader:1073:10) (STDERR, APP/PROC/WEB)#
#2026 08 18 11:48:22.550#Z#DEBUG#3e4f6cdc-9afa-11f1-818d-eeee0a9896c2.bookscapm-srv#flowable-async-job-executor-thread-13528#
[PollStartAppStatusExecution] e4fbc9e0-0224-4a88-a46f-eef717330b07 [2026-08-18T11:48:14.076337] at resolveForCJSWithHooks (node:internal/modules/cjs/loader:1094:12) (STDERR, APP/PROC/WEB)#
#2026 08 18 11:48:22.550#Z#DEBUG#3e4f6cdc-9afa-11f1-818d-eeee0a9896c2.bookscapm-srv#flowable-async-job-executor-thread-13528#
[PollStartAppStatusExecution] e4fbc9e0-0224-4a88-a46f-eef717330b07 [2026-08-18T11:48:14.076339] at Module._load (node:internal/modules/cjs/loader:1262:25) (STDERR, APP/PROC/WEB)#
#2026 08 18 11:48:22.550#Z#DEBUG#3e4f6cdc-9afa-11f1-818d-eeee0a9896c2.bookscapm-srv#flowable-async-job-executor-thread-13528#
[PollStartAppStatusExecution] e4fbc9e0-0224-4a88-a46f-eef717330b07 [2026-08-18T11:48:14.076342] at wrapModuleLoad (node:internal/modules/cjs/loader:255:19) (STDERR, APP/PROC/WEB)#
#2026 08 18 11:48:22.550#Z#DEBUG#3e4f6cdc-9afa-11f1-818d-eeee0a9896c2.bookscapm-srv#flowable-async-job-executor-thread-13528#
[PollStartAppStatusExecution] e4fbc9e0-0224-4a88-a46f-eef717330b07 [2026-08-18T11:48:14.076344] at Module.require (node:internal/modules/cjs/loader:1576:12) (STDERR, APP/PROC/WEB)#
#2026 08 18 11:48:22.550#Z#DEBUG#3e4f6cdc-9afa-11f1-818d-eeee0a9896c2.bookscapm-srv#flowable-async-job-executor-thread-13528#
[PollStartAppStatusExecution] e4fbc9e0-0224-4a88-a46f-eef717330b07 [2026-08-18T11:48:14.076346] at require (node:internal/modules/helpers:153:16) (STDERR, APP/PROC/WEB)#
#2026 08 18 11:48:22.550#Z#DEBUG#3e4f6cdc-9afa-11f1-818d-eeee0a9896c2.bookscapm-srv#flowable-async-job-executor-thread-13528#
[PollStartAppStatusExecution] e4fbc9e0-0224-4a88-a46f-eef717330b07 [2026-08-18T11:48:14.076350] at Object.<anonymous> (/home/vcap/app/node_modules/@sap/cds/lib/srv/middlewares/auth/xssec.js:2:17) (STDERR, APP/PROC/WEB)#
#2026 08 18 11:48:22.551#Z#DEBUG#3e4f6cdc-9afa-11f1-818d-eeee0a9896c2.bookscapm-srv#flowable-async-job-executor-thread-13528#
[PollStartAppStatusExecution] e4fbc9e0-0224-4a88-a46f-eef717330b07 [2026-08-18T11:48:14.076352] at Module._compile (node:internal/modules/cjs/loader:1830:14) { (STDERR, APP/PROC/WEB)#
#2026 08 18 11:48:22.551#Z#DEBUG#3e4f6cdc-9afa-11f1-818d-eeee0a9896c2.bookscapm-srv#flowable-async-job-executor-thread-13528#
[PollStartAppStatusExecution] e4fbc9e0-0224-4a88-a46f-eef717330b07 [2026-08-18T11:48:14.076354] code: 'MODULE_NOT_FOUND', (STDERR, APP/PROC/WEB)#
#2026 08 18 11:48:22.551#Z#DEBUG#3e4f6cdc-9afa-11f1-818d-eeee0a9896c2.bookscapm-srv#flowable-async-job-executor-thread-13528#
[PollStartAppStatusExecution] e4fbc9e0-0224-4a88-a46f-eef717330b07 [2026-08-18T11:48:14.076358] requireStack: [ (STDERR, APP/PROC/WEB)#
#2026 08 18 11:48:22.551#Z#DEBUG#3e4f6cdc-9afa-11f1-818d-eeee0a9896c2.bookscapm-srv#flowable-async-job-executor-thread-13528#
[PollStartAppStatusExecution] e4fbc9e0-0224-4a88-a46f-eef717330b07 [2026-08-18T11:48:14.076360] '/home/vcap/app/node_modules/@sap/cds/lib/srv/middlewares/auth/xssec.js', (STDERR, APP/PROC/WEB)#
#2026 08 18 11:48:22.551#Z#DEBUG#3e4f6cdc-9afa-11f1-818d-eeee0a9896c2.bookscapm-srv#flowable-async-job-executor-thread-13528#
[PollStartAppStatusExecution] e4fbc9e0-0224-4a88-a46f-eef717330b07 [2026-08-18T11:48:14.076362] '/home/vcap/app/node_modules/@sap/cds/lib/srv/middlewares/auth/jwt-auth.js', (STDERR, APP/PROC/WEB)#
#2026 08 18 11:48:22.551#Z#DEBUG#3e4f6cdc-9afa-11f1-818d-eeee0a9896c2.bookscapm-srv#flowable-async-job-executor-thread-13528#
[PollStartAppStatusExecution] e4fbc9e0-0224-4a88-a46f-eef717330b07 [2026-08-18T11:48:14.076364] '/home/vcap/app/node_modules/@sap/cds/lib/srv/middlewares/auth/index.js', (STDERR, APP/PROC/WEB)#
#2026 08 18 11:48:22.551#Z#DEBUG#3e4f6cdc-9afa-11f1-818d-eeee0a9896c2.bookscapm-srv#flowable-async-job-executor-thread-13528#
[PollStartAppStatusExecution] e4fbc9e0-0224-4a88-a46f-eef717330b07 [2026-08-18T11:48:14.076367] '/home/vcap/app/node_modules/@sap/cds/lib/srv/middlewares/index.js', (STDERR, APP/PROC/WEB)#
#2026 08 18 11:48:22.551#Z#DEBUG#3e4f6cdc-9afa-11f1-818d-eeee0a9896c2.bookscapm-srv#flowable-async-job-executor-thread-13528#
[PollStartAppStatusExecution] e4fbc9e0-0224-4a88-a46f-eef717330b07 [2026-08-18T11:48:14.076369] '/home/vcap/app/node_modules/@sap/cds/lib/index.js', (STDERR, APP/PROC/WEB)#
#2026 08 18 11:48:22.551#Z#DEBUG#3e4f6cdc-9afa-11f1-818d-eeee0a9896c2.bookscapm-srv#flowable-async-job-executor-thread-13528#
[PollStartAppStatusExecution] e4fbc9e0-0224-4a88-a46f-eef717330b07 [2026-08-18T11:48:14.076408] '/home/vcap/app/node_modules/@sap/cds/bin/serve.js' (STDERR, APP/PROC/WEB)#
#2026 08 18 11:48:22.551#Z#DEBUG#3e4f6cdc-9afa-11f1-818d-eeee0a9896c2.bookscapm-srv#flowable-async-job-executor-thread-13528#
[PollStartAppStatusExecution] e4fbc9e0-0224-4a88-a46f-eef717330b07 [2026-08-18T11:48:14.076410] ] (STDERR, APP/PROC/WEB)#
#2026 08 18 11:48:22.551#Z#DEBUG#3e4f6cdc-9afa-11f1-818d-eeee0a9896c2.bookscapm-srv#flowable-async-job-executor-thread-13528#
[PollStartAppStatusExecution] e4fbc9e0-0224-4a88-a46f-eef717330b07 [2026-08-18T11:48:14.076412] } (STDERR, APP/PROC/WEB)#
#2026 08 18 11:48:22.551#Z#DEBUG#3e4f6cdc-9afa-11f1-818d-eeee0a9896c2.bookscapm-srv#flowable-async-job-executor-thread-13528#
[PollStartAppStatusExecution] e4fbc9e0-0224-4a88-a46f-eef717330b07 [2026-08-18T11:48:14.076526] Node.js v24.15.0 (STDERR, APP/PROC/WEB)#
#2026 08 18 11:48:22.551#Z#DEBUG#3e4f6cdc-9afa-11f1-818d-eeee0a9896c2.bookscapm-srv#flowable-async-job-executor-thread-13528#
[PollStartAppStatusExecution] e4fbc9e0-0224-4a88-a46f-eef717330b07 [2026-08-18T11:48:14.094959] npm notice (STDERR, APP/PROC/WEB)#
#2026 08 18 11:48:22.551#Z#DEBUG#3e4f6cdc-9afa-11f1-818d-eeee0a9896c2.bookscapm-srv#flowable-async-job-executor-thread-13528#
[PollStartAppStatusExecution] e4fbc9e0-0224-4a88-a46f-eef717330b07 [2026-08-18T11:48:14.094993] npm notice New major version of npm available! 11.12.1 -> 12.0.2 (STDERR, APP/PROC/WEB)#
#2026 08 18 11:48:22.551#Z#DEBUG#3e4f6cdc-9afa-11f1-818d-eeee0a9896c2.bookscapm-srv#flowable-async-job-executor-thread-13528#
[PollStartAppStatusExecution] e4fbc9e0-0224-4a88-a46f-eef717330b07 [2026-08-18T11:48:14.095001] npm notice Changelog: https://github.com/npm/cli/releases/tag/v12.0.2 (STDERR, APP/PROC/WEB)#
#2026 08 18 11:48:22.551#Z#DEBUG#3e4f6cdc-9afa-11f1-818d-eeee0a9896c2.bookscapm-srv#flowable-async-job-executor-thread-13528#
[PollStartAppStatusExecution] e4fbc9e0-0224-4a88-a46f-eef717330b07 [2026-08-18T11:48:14.095004] npm notice To update run: npm install -g npm@12.0.2 (STDERR, APP/PROC/WEB)#
#2026 08 18 11:48:22.551#Z#DEBUG#3e4f6cdc-9afa-11f1-818d-eeee0a9896c2.bookscapm-srv#flowable-async-job-executor-thread-13528#
[PollStartAppStatusExecution] e4fbc9e0-0224-4a88-a46f-eef717330b07 [2026-08-18T11:48:14.095007] npm notice (STDERR, APP/PROC/WEB)#
#2026 08 18 11:48:22.551#Z#DEBUG#3e4f6cdc-9afa-11f1-818d-eeee0a9896c2.bookscapm-srv#flowable-async-job-executor-thread-13528#
[PollStartAppStatusExecution] e4fbc9e0-0224-4a88-a46f-eef717330b07 [2026-08-18T11:48:14.174439] Exit status 1 (STDOUT, APP/PROC/WEB)#
#2026 08 18 11:48:22.551#Z#DEBUG#3e4f6cdc-9afa-11f1-818d-eeee0a9896c2.bookscapm-srv#flowable-async-job-executor-thread-13528#
[PollStartAppStatusExecution] e4fbc9e0-0224-4a88-a46f-eef717330b07 [2026-08-18T11:48:21.195560] Cell 77283d80-dfa7-40ba-ba4e-265aef112085 stopping instance 7dbe8569-3672-41bd-7237-b213 (STDOUT, CELL)#
#2026 08 18 11:48:22.551#Z#DEBUG#3e4f6cdc-9afa-11f1-818d-eeee0a9896c2.bookscapm-srv#flowable-async-job-executor-thread-13528#
[PollStartAppStatusExecution] e4fbc9e0-0224-4a88-a46f-eef717330b07 [2026-08-18T11:48:21.195602] Cell 77283d80-dfa7-40ba-ba4e-265aef112085 destroying container for instance 7dbe8569-3672-41bd-7237-b213 (STDOUT, CELL)#
#2026 08 18 11:48:22.551#Z#DEBUG#3e4f6cdc-9afa-11f1-818d-eeee0a9896c2.bookscapm-srv#flowable-async-job-executor-thread-13528#
[PollStartAppStatusExecution] e4fbc9e0-0224-4a88-a46f-eef717330b07 [2026-08-18T11:48:21.201544] Process has crashed with type: "web" (STDOUT, API)#
#2026 08 18 11:48:22.551#Z#DEBUG#3e4f6cdc-9afa-11f1-818d-eeee0a9896c2.bookscapm-srv#flowable-async-job-executor-thread-13528#
[PollStartAppStatusExecution] e4fbc9e0-0224-4a88-a46f-eef717330b07 [2026-08-18T11:48:21.214088] App instance exited with guid e4fbc9e0-0224-4a88-a46f-eef717330b07 payload: {"instance"=>"7dbe8569-3672-41bd-7237-b213", "index"=>0, "cell_id"=>"77283d80-dfa7-40ba-ba4e-265aef112085", "reason"=>"CRASHED", "exit_description"=>"APP/PROC/WEB: Exited with status 1", "crash_count"=>2, "crash_timestamp"=>1787053701179549494, "version"=>"f95bf560-7ea7-4f23-bd21-520e2695f678"} (STDOUT, API)#
#2026 08 18 11:48:22.551#Z#DEBUG#3e4f6cdc-9afa-11f1-818d-eeee0a9896c2.bookscapm-srv#flowable-async-job-executor-thread-13528#
[PollStartAppStatusExecution] e4fbc9e0-0224-4a88-a46f-eef717330b07 [2026-08-18T11:48:21.385003] Exit status 137 (STDOUT, PROXY)#
#2026 08 18 11:48:22.551#Z#DEBUG#3e4f6cdc-9afa-11f1-818d-eeee0a9896c2.bookscapm-srv#flowable-async-job-executor-thread-13528#
[PollStartAppStatusExecution] e4fbc9e0-0224-4a88-a46f-eef717330b07 [2026-08-18T11:48:21.439020] Cell c839c7b1-088e-41af-b9b7-66256aacd457 creating container for instance 3014c872-b6bf-48fc-5675-17a3 (STDOUT, CELL)#
#2026 08 18 11:48:22.551#Z#DEBUG#3e4f6cdc-9afa-11f1-818d-eeee0a9896c2.bookscapm-srv#flowable-async-job-executor-thread-13528#
[PollStartAppStatusExecution] e4fbc9e0-0224-4a88-a46f-eef717330b07 [2026-08-18T11:48:22.119713] Security group rules were updated (STDOUT, CELL)#
#2026 08 18 11:48:22.551#Z#DEBUG#3e4f6cdc-9afa-11f1-818d-eeee0a9896c2.bookscapm-srv#flowable-async-job-executor-thread-13528#
[PollStartAppStatusExecution] e4fbc9e0-0224-4a88-a46f-eef717330b07 [2026-08-18T11:48:22.203700] Cell c839c7b1-088e-41af-b9b7-66256aacd457 successfully created container for instance 3014c872-b6bf-48fc-5675-17a3 (STDOUT, CELL)#
#2026 08 18 11:48:32.500#Z#DEBUG#3e4f6cdc-9afa-11f1-818d-eeee0a9896c2.bookscapm-srv#flowable-async-job-executor-thread-13540#
[PollStartAppStatusExecution] e4fbc9e0-0224-4a88-a46f-eef717330b07 [2026-08-18T11:48:23.298053] Cell 77283d80-dfa7-40ba-ba4e-265aef112085 successfully destroyed container for instance 7dbe8569-3672-41bd-7237-b213 (STDOUT, CELL)#
#2026 08 18 11:48:32.500#Z#DEBUG#3e4f6cdc-9afa-11f1-818d-eeee0a9896c2.bookscapm-srv#flowable-async-job-executor-thread-13540#
[PollStartAppStatusExecution] e4fbc9e0-0224-4a88-a46f-eef717330b07 [2026-08-18T11:48:23.479788] Downloading droplet... (STDOUT, CELL)#
#2026 08 18 11:48:32.500#Z#DEBUG#3e4f6cdc-9afa-11f1-818d-eeee0a9896c2.bookscapm-srv#flowable-async-job-executor-thread-13540#
[PollStartAppStatusExecution] e4fbc9e0-0224-4a88-a46f-eef717330b07 [2026-08-18T11:48:26.892573] Downloaded droplet (59.9M) (STDOUT, CELL)#
#2026 08 18 11:48:32.500#Z#DEBUG#3e4f6cdc-9afa-11f1-818d-eeee0a9896c2.bookscapm-srv#flowable-async-job-executor-thread-13540#
[PollStartAppStatusExecution] e4fbc9e0-0224-4a88-a46f-eef717330b07 [2026-08-18T11:48:26.892735] Starting health monitoring of container (STDOUT, CELL)#
#2026 08 18 11:48:32.500#Z#DEBUG#3e4f6cdc-9afa-11f1-818d-eeee0a9896c2.bookscapm-srv#flowable-async-job-executor-thread-13540#
[PollStartAppStatusExecution] e4fbc9e0-0224-4a88-a46f-eef717330b07 [2026-08-18T11:48:27.017842] Invoking pre-start scripts. (STDOUT, APP/PROC/WEB)#
#2026 08 18 11:48:32.500#Z#DEBUG#3e4f6cdc-9afa-11f1-818d-eeee0a9896c2.bookscapm-srv#flowable-async-job-executor-thread-13540#
[PollStartAppStatusExecution] e4fbc9e0-0224-4a88-a46f-eef717330b07 [2026-08-18T11:48:27.243123] Invoking start command. (STDOUT, APP/PROC/WEB)#
#2026 08 18 11:48:32.500#Z#DEBUG#3e4f6cdc-9afa-11f1-818d-eeee0a9896c2.bookscapm-srv#flowable-async-job-executor-thread-13540#
[PollStartAppStatusExecution] e4fbc9e0-0224-4a88-a46f-eef717330b07 [2026-08-18T11:48:27.686464] > bookscapm@1.0.0 start (STDOUT, APP/PROC/WEB)#
#2026 08 18 11:48:32.500#Z#DEBUG#3e4f6cdc-9afa-11f1-818d-eeee0a9896c2.bookscapm-srv#flowable-async-job-executor-thread-13540#
[PollStartAppStatusExecution] e4fbc9e0-0224-4a88-a46f-eef717330b07 [2026-08-18T11:48:27.686501] > cds-serve (STDOUT, APP/PROC/WEB)#
#2026 08 18 11:48:32.500#Z#DEBUG#3e4f6cdc-9afa-11f1-818d-eeee0a9896c2.bookscapm-srv#flowable-async-job-executor-thread-13540#
[PollStartAppStatusExecution] e4fbc9e0-0224-4a88-a46f-eef717330b07 [2026-08-18T11:48:27.967997] {"level":"info","logger":"cds","timestamp":"2026-08-18T11:48:27.966Z","layer":"cds","component_type":"application","container_id":"10.32.2.6","component_id":"e4fbc9e0-0224-4a88-a46f-eef717330b07","component_name":"bookscapm-srv","component_instance":0,"source_instance":0,"organization_name":"1fb9e48dtrial","organization_id":"8ca7719c-a1c5-4100-832b-9bfcd0e73c43","space_name":"dev","space_id":"5d8a2d66-1cdf-4f95-ae67-ef9fb5cde8d1","msg":"loaded model from 1 file(s):\n ","type":"log"} (STDOUT, APP/PROC/WEB)#
#2026 08 18 11:48:32.500#Z#DEBUG#3e4f6cdc-9afa-11f1-818d-eeee0a9896c2.bookscapm-srv#flowable-async-job-executor-thread-13540#
[PollStartAppStatusExecution] e4fbc9e0-0224-4a88-a46f-eef717330b07 [2026-08-18T11:48:27.968546] srv/csn.json (STDOUT, APP/PROC/WEB)#
#2026 08 18 11:48:32.500#Z#DEBUG#3e4f6cdc-9afa-11f1-818d-eeee0a9896c2.bookscapm-srv#flowable-async-job-executor-thread-13540#
[PollStartAppStatusExecution] e4fbc9e0-0224-4a88-a46f-eef717330b07 [2026-08-18T11:48:28.170300] {"level":"info","logger":"cds","timestamp":"2026-08-18T11:48:28.169Z","layer":"cds","component_type":"application","container_id":"10.32.2.6","component_id":"e4fbc9e0-0224-4a88-a46f-eef717330b07","component_name":"bookscapm-srv","component_instance":0,"source_instance":0,"organization_name":"1fb9e48dtrial","organization_id":"8ca7719c-a1c5-4100-832b-9bfcd0e73c43","space_name":"dev","space_id":"5d8a2d66-1cdf-4f95-ae67-ef9fb5cde8d1","msg":"connect to db > hana {\n  database_id: 'e76196d1-3d0e-4b63-a58c-bb3e1889cb4b',\n  host: 'e76196d1-3d0e-4b63-a58c-bb3e1889cb4b.hna0.prod-us10.hanacloud.ondemand.com',\n  port: '443',\n  driver: 'com.sap.db.jdbc.Driver',\n  url: 'jdbc:sap://e76196d1-3d0e-4b63-a58c-bb3e1889cb4b.hna0.prod-us10.hanacloud.ondemand.com:443?encrypt=true&validateCertificate=true&currentschema=A73E289B4D5D4307AA998E0AFB8BB7E9',\n  schema: 'A73E289B4D5D4307AA998E0AFB8BB7E9',\n  certificate: '...',\n  hdi_user: 'A73E289B4D5D4307AA998E0AFB8BB7E9_D64E135A32ZFHCC08ZN9BN39G_DT',\n  hdi_password: '...',\n  user: 'A73E289B4D5D4307AA998E0AFB8BB7E9_D64E135A32ZFHCC08ZN9BN39G_RT',\n  password: '...'\n}","type":"log"} (STDOUT, APP/PROC/WEB)#
#2026 08 18 11:48:32.500#Z#DEBUG#3e4f6cdc-9afa-11f1-818d-eeee0a9896c2.bookscapm-srv#flowable-async-job-executor-thread-13540#
[PollStartAppStatusExecution] e4fbc9e0-0224-4a88-a46f-eef717330b07 [2026-08-18T11:48:28.200019] {"level":"info","logger":"cds","timestamp":"2026-08-18T11:48:28.199Z","layer":"cds","component_type":"application","container_id":"10.32.2.6","component_id":"e4fbc9e0-0224-4a88-a46f-eef717330b07","component_name":"bookscapm-srv","component_instance":0,"source_instance":0,"organization_name":"1fb9e48dtrial","organization_id":"8ca7719c-a1c5-4100-832b-9bfcd0e73c43","space_name":"dev","space_id":"5d8a2d66-1cdf-4f95-ae67-ef9fb5cde8d1","msg":"using auth strategy { kind: 'jwt' }","type":"log"} (STDOUT, APP/PROC/WEB)#
#2026 08 18 11:48:32.500#Z#DEBUG#3e4f6cdc-9afa-11f1-818d-eeee0a9896c2.bookscapm-srv#flowable-async-job-executor-thread-13540#
[PollStartAppStatusExecution] e4fbc9e0-0224-4a88-a46f-eef717330b07 [2026-08-18T11:48:28.203900] node:internal/modules/cjs/loader:1476 (STDERR, APP/PROC/WEB)#
#2026 08 18 11:48:32.500#Z#DEBUG#3e4f6cdc-9afa-11f1-818d-eeee0a9896c2.bookscapm-srv#flowable-async-job-executor-thread-13540#
[PollStartAppStatusExecution] e4fbc9e0-0224-4a88-a46f-eef717330b07 [2026-08-18T11:48:28.203921] const err = new Error(message); (STDERR, APP/PROC/WEB)#
#2026 08 18 11:48:32.500#Z#DEBUG#3e4f6cdc-9afa-11f1-818d-eeee0a9896c2.bookscapm-srv#flowable-async-job-executor-thread-13540#
[PollStartAppStatusExecution] e4fbc9e0-0224-4a88-a46f-eef717330b07 [2026-08-18T11:48:28.203925] ^ (STDERR, APP/PROC/WEB)#
#2026 08 18 11:48:32.500#Z#DEBUG#3e4f6cdc-9afa-11f1-818d-eeee0a9896c2.bookscapm-srv#flowable-async-job-executor-thread-13540#
[PollStartAppStatusExecution] e4fbc9e0-0224-4a88-a46f-eef717330b07 [2026-08-18T11:48:28.203930] Error: Cannot find '@sap/xssec'. Make sure to install it with 'npm i @sap/xssec' (STDERR, APP/PROC/WEB)#
#2026 08 18 11:48:32.500#Z#DEBUG#3e4f6cdc-9afa-11f1-818d-eeee0a9896c2.bookscapm-srv#flowable-async-job-executor-thread-13540#
[PollStartAppStatusExecution] e4fbc9e0-0224-4a88-a46f-eef717330b07 [2026-08-18T11:48:28.203935] Cannot find module '@sap/xssec' (STDERR, APP/PROC/WEB)#
#2026 08 18 11:48:32.500#Z#DEBUG#3e4f6cdc-9afa-11f1-818d-eeee0a9896c2.bookscapm-srv#flowable-async-job-executor-thread-13540#
[PollStartAppStatusExecution] e4fbc9e0-0224-4a88-a46f-eef717330b07 [2026-08-18T11:48:28.203937] Require stack: (STDERR, APP/PROC/WEB)#
#2026 08 18 11:48:32.500#Z#DEBUG#3e4f6cdc-9afa-11f1-818d-eeee0a9896c2.bookscapm-srv#flowable-async-job-executor-thread-13540#
[PollStartAppStatusExecution] e4fbc9e0-0224-4a88-a46f-eef717330b07 [2026-08-18T11:48:28.203940] - /home/vcap/app/node_modules/@sap/cds/lib/srv/middlewares/auth/xssec.js (STDERR, APP/PROC/WEB)#
#2026 08 18 11:48:32.500#Z#DEBUG#3e4f6cdc-9afa-11f1-818d-eeee0a9896c2.bookscapm-srv#flowable-async-job-executor-thread-13540#
[PollStartAppStatusExecution] e4fbc9e0-0224-4a88-a46f-eef717330b07 [2026-08-18T11:48:28.203942] - /home/vcap/app/node_modules/@sap/cds/lib/srv/middlewares/auth/jwt-auth.js (STDERR, APP/PROC/WEB)#
#2026 08 18 11:48:32.500#Z#DEBUG#3e4f6cdc-9afa-11f1-818d-eeee0a9896c2.bookscapm-srv#flowable-async-job-executor-thread-13540#
[PollStartAppStatusExecution] e4fbc9e0-0224-4a88-a46f-eef717330b07 [2026-08-18T11:48:28.203945] - /home/vcap/app/node_modules/@sap/cds/lib/srv/middlewares/auth/index.js (STDERR, APP/PROC/WEB)#
#2026 08 18 11:48:32.500#Z#DEBUG#3e4f6cdc-9afa-11f1-818d-eeee0a9896c2.bookscapm-srv#flowable-async-job-executor-thread-13540#
[PollStartAppStatusExecution] e4fbc9e0-0224-4a88-a46f-eef717330b07 [2026-08-18T11:48:28.203947] - /home/vcap/app/node_modules/@sap/cds/lib/srv/middlewares/index.js (STDERR, APP/PROC/WEB)#
#2026 08 18 11:48:32.500#Z#DEBUG#3e4f6cdc-9afa-11f1-818d-eeee0a9896c2.bookscapm-srv#flowable-async-job-executor-thread-13540#
[PollStartAppStatusExecution] e4fbc9e0-0224-4a88-a46f-eef717330b07 [2026-08-18T11:48:28.203949] - /home/vcap/app/node_modules/@sap/cds/lib/index.js (STDERR, APP/PROC/WEB)#
#2026 08 18 11:48:32.500#Z#DEBUG#3e4f6cdc-9afa-11f1-818d-eeee0a9896c2.bookscapm-srv#flowable-async-job-executor-thread-13540#
[PollStartAppStatusExecution] e4fbc9e0-0224-4a88-a46f-eef717330b07 [2026-08-18T11:48:28.203951] - /home/vcap/app/node_modules/@sap/cds/bin/serve.js (STDERR, APP/PROC/WEB)#
#2026 08 18 11:48:32.500#Z#DEBUG#3e4f6cdc-9afa-11f1-818d-eeee0a9896c2.bookscapm-srv#flowable-async-job-executor-thread-13540#
[PollStartAppStatusExecution] e4fbc9e0-0224-4a88-a46f-eef717330b07 [2026-08-18T11:48:28.203957] at Module._resolveFilename (node:internal/modules/cjs/loader:1476:15) (STDERR, APP/PROC/WEB)#
#2026 08 18 11:48:32.500#Z#DEBUG#3e4f6cdc-9afa-11f1-818d-eeee0a9896c2.bookscapm-srv#flowable-async-job-executor-thread-13540#
[PollStartAppStatusExecution] e4fbc9e0-0224-4a88-a46f-eef717330b07 [2026-08-18T11:48:28.203958] at wrapResolveFilename (node:internal/modules/cjs/loader:1049:27) (STDERR, APP/PROC/WEB)#
#2026 08 18 11:48:32.500#Z#DEBUG#3e4f6cdc-9afa-11f1-818d-eeee0a9896c2.bookscapm-srv#flowable-async-job-executor-thread-13540#
[PollStartAppStatusExecution] e4fbc9e0-0224-4a88-a46f-eef717330b07 [2026-08-18T11:48:28.203963] at defaultResolveImplForCJSLoading (node:internal/modules/cjs/loader:1073:10) (STDERR, APP/PROC/WEB)#
#2026 08 18 11:48:32.500#Z#DEBUG#3e4f6cdc-9afa-11f1-818d-eeee0a9896c2.bookscapm-srv#flowable-async-job-executor-thread-13540#
[PollStartAppStatusExecution] e4fbc9e0-0224-4a88-a46f-eef717330b07 [2026-08-18T11:48:28.203965] at resolveForCJSWithHooks (node:internal/modules/cjs/loader:1094:12) (STDERR, APP/PROC/WEB)#
#2026 08 18 11:48:32.500#Z#DEBUG#3e4f6cdc-9afa-11f1-818d-eeee0a9896c2.bookscapm-srv#flowable-async-job-executor-thread-13540#
[PollStartAppStatusExecution] e4fbc9e0-0224-4a88-a46f-eef717330b07 [2026-08-18T11:48:28.203967] at Module._load (node:internal/modules/cjs/loader:1262:25) (STDERR, APP/PROC/WEB)#
#2026 08 18 11:48:32.500#Z#DEBUG#3e4f6cdc-9afa-11f1-818d-eeee0a9896c2.bookscapm-srv#flowable-async-job-executor-thread-13540#
[PollStartAppStatusExecution] e4fbc9e0-0224-4a88-a46f-eef717330b07 [2026-08-18T11:48:28.203969] at wrapModuleLoad (node:internal/modules/cjs/loader:255:19) (STDERR, APP/PROC/WEB)#
#2026 08 18 11:48:32.500#Z#DEBUG#3e4f6cdc-9afa-11f1-818d-eeee0a9896c2.bookscapm-srv#flowable-async-job-executor-thread-13540#
[PollStartAppStatusExecution] e4fbc9e0-0224-4a88-a46f-eef717330b07 [2026-08-18T11:48:28.203972] at Module.require (node:internal/modules/cjs/loader:1576:12) (STDERR, APP/PROC/WEB)#
#2026 08 18 11:48:32.500#Z#DEBUG#3e4f6cdc-9afa-11f1-818d-eeee0a9896c2.bookscapm-srv#flowable-async-job-executor-thread-13540#
[PollStartAppStatusExecution] e4fbc9e0-0224-4a88-a46f-eef717330b07 [2026-08-18T11:48:28.203973] at require (node:internal/modules/helpers:153:16) (STDERR, APP/PROC/WEB)#
#2026 08 18 11:48:32.500#Z#DEBUG#3e4f6cdc-9afa-11f1-818d-eeee0a9896c2.bookscapm-srv#flowable-async-job-executor-thread-13540#
[PollStartAppStatusExecution] e4fbc9e0-0224-4a88-a46f-eef717330b07 [2026-08-18T11:48:28.203976] at Object.<anonymous> (/home/vcap/app/node_modules/@sap/cds/lib/srv/middlewares/auth/xssec.js:2:17) (STDERR, APP/PROC/WEB)#
#2026 08 18 11:48:32.500#Z#DEBUG#3e4f6cdc-9afa-11f1-818d-eeee0a9896c2.bookscapm-srv#flowable-async-job-executor-thread-13540#
[PollStartAppStatusExecution] e4fbc9e0-0224-4a88-a46f-eef717330b07 [2026-08-18T11:48:28.203979] at Module._compile (node:internal/modules/cjs/loader:1830:14) { (STDERR, APP/PROC/WEB)#
#2026 08 18 11:48:32.500#Z#DEBUG#3e4f6cdc-9afa-11f1-818d-eeee0a9896c2.bookscapm-srv#flowable-async-job-executor-thread-13540#
[PollStartAppStatusExecution] e4fbc9e0-0224-4a88-a46f-eef717330b07 [2026-08-18T11:48:28.203983] code: 'MODULE_NOT_FOUND', (STDERR, APP/PROC/WEB)#
#2026 08 18 11:48:32.500#Z#DEBUG#3e4f6cdc-9afa-11f1-818d-eeee0a9896c2.bookscapm-srv#flowable-async-job-executor-thread-13540#
[PollStartAppStatusExecution] e4fbc9e0-0224-4a88-a46f-eef717330b07 [2026-08-18T11:48:28.203986] requireStack: [ (STDERR, APP/PROC/WEB)#
#2026 08 18 11:48:32.500#Z#DEBUG#3e4f6cdc-9afa-11f1-818d-eeee0a9896c2.bookscapm-srv#flowable-async-job-executor-thread-13540#
[PollStartAppStatusExecution] e4fbc9e0-0224-4a88-a46f-eef717330b07 [2026-08-18T11:48:28.203989] '/home/vcap/app/node_modules/@sap/cds/lib/srv/middlewares/auth/xssec.js', (STDERR, APP/PROC/WEB)#
#2026 08 18 11:48:32.500#Z#DEBUG#3e4f6cdc-9afa-11f1-818d-eeee0a9896c2.bookscapm-srv#flowable-async-job-executor-thread-13540#
[PollStartAppStatusExecution] e4fbc9e0-0224-4a88-a46f-eef717330b07 [2026-08-18T11:48:28.203991] '/home/vcap/app/node_modules/@sap/cds/lib/srv/middlewares/auth/jwt-auth.js', (STDERR, APP/PROC/WEB)#
#2026 08 18 11:48:32.500#Z#DEBUG#3e4f6cdc-9afa-11f1-818d-eeee0a9896c2.bookscapm-srv#flowable-async-job-executor-thread-13540#
[PollStartAppStatusExecution] e4fbc9e0-0224-4a88-a46f-eef717330b07 [2026-08-18T11:48:28.203993] '/home/vcap/app/node_modules/@sap/cds/lib/srv/middlewares/auth/index.js', (STDERR, APP/PROC/WEB)#
#2026 08 18 11:48:32.500#Z#DEBUG#3e4f6cdc-9afa-11f1-818d-eeee0a9896c2.bookscapm-srv#flowable-async-job-executor-thread-13540#
[PollStartAppStatusExecution] e4fbc9e0-0224-4a88-a46f-eef717330b07 [2026-08-18T11:48:28.203995] '/home/vcap/app/node_modules/@sap/cds/lib/srv/middlewares/index.js', (STDERR, APP/PROC/WEB)#
#2026 08 18 11:48:32.500#Z#DEBUG#3e4f6cdc-9afa-11f1-818d-eeee0a9896c2.bookscapm-srv#flowable-async-job-executor-thread-13540#
[PollStartAppStatusExecution] e4fbc9e0-0224-4a88-a46f-eef717330b07 [2026-08-18T11:48:28.203997] '/home/vcap/app/node_modules/@sap/cds/lib/index.js', (STDERR, APP/PROC/WEB)#
#2026 08 18 11:48:32.500#Z#DEBUG#3e4f6cdc-9afa-11f1-818d-eeee0a9896c2.bookscapm-srv#flowable-async-job-executor-thread-13540#
[PollStartAppStatusExecution] e4fbc9e0-0224-4a88-a46f-eef717330b07 [2026-08-18T11:48:28.204] '/home/vcap/app/node_modules/@sap/cds/bin/serve.js' (STDERR, APP/PROC/WEB)#
#2026 08 18 11:48:32.500#Z#DEBUG#3e4f6cdc-9afa-11f1-818d-eeee0a9896c2.bookscapm-srv#flowable-async-job-executor-thread-13540#
[PollStartAppStatusExecution] e4fbc9e0-0224-4a88-a46f-eef717330b07 [2026-08-18T11:48:28.204002] ] (STDERR, APP/PROC/WEB)#
#2026 08 18 11:48:32.500#Z#DEBUG#3e4f6cdc-9afa-11f1-818d-eeee0a9896c2.bookscapm-srv#flowable-async-job-executor-thread-13540#
[PollStartAppStatusExecution] e4fbc9e0-0224-4a88-a46f-eef717330b07 [2026-08-18T11:48:28.204004] } (STDERR, APP/PROC/WEB)#
#2026 08 18 11:48:32.500#Z#DEBUG#3e4f6cdc-9afa-11f1-818d-eeee0a9896c2.bookscapm-srv#flowable-async-job-executor-thread-13540#
[PollStartAppStatusExecution] e4fbc9e0-0224-4a88-a46f-eef717330b07 [2026-08-18T11:48:28.204006] Node.js v24.15.0 (STDERR, APP/PROC/WEB)#
#2026 08 18 11:48:32.500#Z#DEBUG#3e4f6cdc-9afa-11f1-818d-eeee0a9896c2.bookscapm-srv#flowable-async-job-executor-thread-13540#
[PollStartAppStatusExecution] e4fbc9e0-0224-4a88-a46f-eef717330b07 [2026-08-18T11:48:28.221658] npm notice (STDERR, APP/PROC/WEB)#
#2026 08 18 11:48:32.500#Z#DEBUG#3e4f6cdc-9afa-11f1-818d-eeee0a9896c2.bookscapm-srv#flowable-async-job-executor-thread-13540#
[PollStartAppStatusExecution] e4fbc9e0-0224-4a88-a46f-eef717330b07 [2026-08-18T11:48:28.221691] npm notice New major version of npm available! 11.12.1 -> 12.0.2 (STDERR, APP/PROC/WEB)#
#2026 08 18 11:48:32.500#Z#DEBUG#3e4f6cdc-9afa-11f1-818d-eeee0a9896c2.bookscapm-srv#flowable-async-job-executor-thread-13540#
[PollStartAppStatusExecution] e4fbc9e0-0224-4a88-a46f-eef717330b07 [2026-08-18T11:48:28.221696] npm notice Changelog: https://github.com/npm/cli/releases/tag/v12.0.2 (STDERR, APP/PROC/WEB)#
#2026 08 18 11:48:32.500#Z#DEBUG#3e4f6cdc-9afa-11f1-818d-eeee0a9896c2.bookscapm-srv#flowable-async-job-executor-thread-13540#
[PollStartAppStatusExecution] e4fbc9e0-0224-4a88-a46f-eef717330b07 [2026-08-18T11:48:28.221699] npm notice To update run: npm install -g npm@12.0.2 (STDERR, APP/PROC/WEB)#
#2026 08 18 11:48:32.500#Z#DEBUG#3e4f6cdc-9afa-11f1-818d-eeee0a9896c2.bookscapm-srv#flowable-async-job-executor-thread-13540#
[PollStartAppStatusExecution] e4fbc9e0-0224-4a88-a46f-eef717330b07 [2026-08-18T11:48:28.221701] npm notice (STDERR, APP/PROC/WEB)#
#2026 08 18 11:48:32.500#Z#DEBUG#3e4f6cdc-9afa-11f1-818d-eeee0a9896c2.bookscapm-srv#flowable-async-job-executor-thread-13540#
[PollStartAppStatusExecution] e4fbc9e0-0224-4a88-a46f-eef717330b07 [2026-08-18T11:48:28.304370] Exit status 1 (STDOUT, APP/PROC/WEB)#
#2026 08 18 11:48:42.609#Z#DEBUG#3e4f6cdc-9afa-11f1-818d-eeee0a9896c2.bookscapm-srv#flowable-async-job-executor-thread-13545#
[PollStartAppStatusExecution] e4fbc9e0-0224-4a88-a46f-eef717330b07 [2026-08-18T11:48:34.850205] Cell c839c7b1-088e-41af-b9b7-66256aacd457 stopping instance 3014c872-b6bf-48fc-5675-17a3 (STDOUT, CELL)#
#2026 08 18 11:48:42.609#Z#DEBUG#3e4f6cdc-9afa-11f1-818d-eeee0a9896c2.bookscapm-srv#flowable-async-job-executor-thread-13545#
[PollStartAppStatusExecution] e4fbc9e0-0224-4a88-a46f-eef717330b07 [2026-08-18T11:48:34.850268] Cell c839c7b1-088e-41af-b9b7-66256aacd457 destroying container for instance 3014c872-b6bf-48fc-5675-17a3 (STDOUT, CELL)#
#2026 08 18 11:48:42.609#Z#DEBUG#3e4f6cdc-9afa-11f1-818d-eeee0a9896c2.bookscapm-srv#flowable-async-job-executor-thread-13545#
[PollStartAppStatusExecution] e4fbc9e0-0224-4a88-a46f-eef717330b07 [2026-08-18T11:48:34.868550] Process has crashed with type: "web" (STDOUT, API)#
#2026 08 18 11:48:42.609#Z#DEBUG#3e4f6cdc-9afa-11f1-818d-eeee0a9896c2.bookscapm-srv#flowable-async-job-executor-thread-13545#
[PollStartAppStatusExecution] e4fbc9e0-0224-4a88-a46f-eef717330b07 [2026-08-18T11:48:34.880241] App instance exited with guid e4fbc9e0-0224-4a88-a46f-eef717330b07 payload: {"instance"=>"3014c872-b6bf-48fc-5675-17a3", "index"=>0, "cell_id"=>"c839c7b1-088e-41af-b9b7-66256aacd457", "reason"=>"CRASHED", "exit_description"=>"APP/PROC/WEB: Exited with status 1", "crash_count"=>3, "crash_timestamp"=>1787053714847327641, "version"=>"f95bf560-7ea7-4f23-bd21-520e2695f678"} (STDOUT, API)#
#2026 08 18 11:48:42.609#Z#DEBUG#3e4f6cdc-9afa-11f1-818d-eeee0a9896c2.bookscapm-srv#flowable-async-job-executor-thread-13545#
[PollStartAppStatusExecution] e4fbc9e0-0224-4a88-a46f-eef717330b07 [2026-08-18T11:48:35.030962] Exit status 137 (STDOUT, PROXY)#
#2026 08 18 11:48:42.609#Z#DEBUG#3e4f6cdc-9afa-11f1-818d-eeee0a9896c2.bookscapm-srv#flowable-async-job-executor-thread-13545#
[PollStartAppStatusExecution] e4fbc9e0-0224-4a88-a46f-eef717330b07 [2026-08-18T11:48:36.888396] Cell c839c7b1-088e-41af-b9b7-66256aacd457 successfully destroyed container for instance 3014c872-b6bf-48fc-5675-17a3 (STDOUT, CELL)#
#2026 08 18 11:48:52.755#Z#DEBUG#3e4f6cdc-9afa-11f1-818d-eeee0a9896c2.bookscapm-srv#flowable-async-job-executor-thread-13555#
[PollStartAppStatusExecution] e4fbc9e0-0224-4a88-a46f-eef717330b07 [2026-08-18T11:48:34.850205] Cell c839c7b1-088e-41af-b9b7-66256aacd457 stopping instance 3014c872-b6bf-48fc-5675-17a3 (STDOUT, CELL)#
#2026 08 18 11:48:52.755#Z#DEBUG#3e4f6cdc-9afa-11f1-818d-eeee0a9896c2.bookscapm-srv#flowable-async-job-executor-thread-13555#
[PollStartAppStatusExecution] e4fbc9e0-0224-4a88-a46f-eef717330b07 [2026-08-18T11:48:34.850268] Cell c839c7b1-088e-41af-b9b7-66256aacd457 destroying container for instance 3014c872-b6bf-48fc-5675-17a3 (STDOUT, CELL)#
#2026 08 18 11:48:52.755#Z#DEBUG#3e4f6cdc-9afa-11f1-818d-eeee0a9896c2.bookscapm-srv#flowable-async-job-executor-thread-13555#
[PollStartAppStatusExecution] e4fbc9e0-0224-4a88-a46f-eef717330b07 [2026-08-18T11:48:34.868550] Process has crashed with type: "web" (STDOUT, API)#
#2026 08 18 11:48:52.755#Z#DEBUG#3e4f6cdc-9afa-11f1-818d-eeee0a9896c2.bookscapm-srv#flowable-async-job-executor-thread-13555#
[PollStartAppStatusExecution] e4fbc9e0-0224-4a88-a46f-eef717330b07 [2026-08-18T11:48:34.880241] App instance exited with guid e4fbc9e0-0224-4a88-a46f-eef717330b07 payload: {"instance"=>"3014c872-b6bf-48fc-5675-17a3", "index"=>0, "cell_id"=>"c839c7b1-088e-41af-b9b7-66256aacd457", "reason"=>"CRASHED", "exit_description"=>"APP/PROC/WEB: Exited with status 1", "crash_count"=>3, "crash_timestamp"=>1787053714847327641, "version"=>"f95bf560-7ea7-4f23-bd21-520e2695f678"} (STDOUT, API)#
#2026 08 18 11:48:52.755#Z#DEBUG#3e4f6cdc-9afa-11f1-818d-eeee0a9896c2.bookscapm-srv#flowable-async-job-executor-thread-13555#
[PollStartAppStatusExecution] e4fbc9e0-0224-4a88-a46f-eef717330b07 [2026-08-18T11:48:35.030962] Exit status 137 (STDOUT, PROXY)#
#2026 08 18 11:48:52.755#Z#DEBUG#3e4f6cdc-9afa-11f1-818d-eeee0a9896c2.bookscapm-srv#flowable-async-job-executor-thread-13555#
[PollStartAppStatusExecution] e4fbc9e0-0224-4a88-a46f-eef717330b07 [2026-08-18T11:48:36.888396] Cell c839c7b1-088e-41af-b9b7-66256aacd457 successfully destroyed container for instance 3014c872-b6bf-48fc-5675-17a3 (STDOUT, CELL)#
#2026 08 18 11:48:52.755#Z#DEBUG#3e4f6cdc-9afa-11f1-818d-eeee0a9896c2.bookscapm-srv#flowable-async-job-executor-thread-13555#
[PollStartAppStatusExecution] e4fbc9e0-0224-4a88-a46f-eef717330b07 [2026-08-18T11:48:45.888268] Stopping app with guid e4fbc9e0-0224-4a88-a46f-eef717330b07 (STDOUT, API)#
#2026 08 18 11:48:52.755#Z#DEBUG#3e4f6cdc-9afa-11f1-818d-eeee0a9896c2.bookscapm-srv#flowable-async-job-executor-thread-13555#
[PollStartAppStatusExecution] e4fbc9e0-0224-4a88-a46f-eef717330b07 [2026-08-18T11:48:46.019521] Starting app with guid e4fbc9e0-0224-4a88-a46f-eef717330b07 (STDOUT, API)#
#2026 08 18 11:48:52.755#Z#DEBUG#3e4f6cdc-9afa-11f1-818d-eeee0a9896c2.bookscapm-srv#flowable-async-job-executor-thread-13555#
[PollStartAppStatusExecution] e4fbc9e0-0224-4a88-a46f-eef717330b07 [2026-08-18T11:48:46.279037] Cell c839c7b1-088e-41af-b9b7-66256aacd457 creating container for instance 6c4c2d30-9810-4fd1-7496-8ac7 (STDOUT, CELL)#
#2026 08 18 11:48:52.755#Z#DEBUG#3e4f6cdc-9afa-11f1-818d-eeee0a9896c2.bookscapm-srv#flowable-async-job-executor-thread-13555#
[PollStartAppStatusExecution] e4fbc9e0-0224-4a88-a46f-eef717330b07 [2026-08-18T11:48:46.956222] Security group rules were updated (STDOUT, CELL)#
#2026 08 18 11:48:52.755#Z#DEBUG#3e4f6cdc-9afa-11f1-818d-eeee0a9896c2.bookscapm-srv#flowable-async-job-executor-thread-13555#
[PollStartAppStatusExecution] e4fbc9e0-0224-4a88-a46f-eef717330b07 [2026-08-18T11:48:47.040022] Cell c839c7b1-088e-41af-b9b7-66256aacd457 successfully created container for instance 6c4c2d30-9810-4fd1-7496-8ac7 (STDOUT, CELL)#
#2026 08 18 11:48:52.755#Z#DEBUG#3e4f6cdc-9afa-11f1-818d-eeee0a9896c2.bookscapm-srv#flowable-async-job-executor-thread-13555#
[PollStartAppStatusExecution] e4fbc9e0-0224-4a88-a46f-eef717330b07 [2026-08-18T11:48:47.428772] Downloading droplet... (STDOUT, CELL)#
#2026 08 18 11:48:52.755#Z#DEBUG#3e4f6cdc-9afa-11f1-818d-eeee0a9896c2.bookscapm-srv#flowable-async-job-executor-thread-13555#
[PollStartAppStatusExecution] e4fbc9e0-0224-4a88-a46f-eef717330b07 [2026-08-18T11:48:50.939177] Downloaded droplet (59.9M) (STDOUT, CELL)#
#2026 08 18 11:48:52.755#Z#DEBUG#3e4f6cdc-9afa-11f1-818d-eeee0a9896c2.bookscapm-srv#flowable-async-job-executor-thread-13555#
[PollStartAppStatusExecution] e4fbc9e0-0224-4a88-a46f-eef717330b07 [2026-08-18T11:48:50.939335] Starting health monitoring of container (STDOUT, CELL)#
#2026 08 18 11:48:52.755#Z#DEBUG#3e4f6cdc-9afa-11f1-818d-eeee0a9896c2.bookscapm-srv#flowable-async-job-executor-thread-13555#
[PollStartAppStatusExecution] e4fbc9e0-0224-4a88-a46f-eef717330b07 [2026-08-18T11:48:51.075530] Invoking pre-start scripts. (STDOUT, APP/PROC/WEB)#
#2026 08 18 11:48:52.755#Z#DEBUG#3e4f6cdc-9afa-11f1-818d-eeee0a9896c2.bookscapm-srv#flowable-async-job-executor-thread-13555#
[PollStartAppStatusExecution] e4fbc9e0-0224-4a88-a46f-eef717330b07 [2026-08-18T11:48:51.284718] Invoking start command. (STDOUT, APP/PROC/WEB)#
#2026 08 18 11:48:52.755#Z#DEBUG#3e4f6cdc-9afa-11f1-818d-eeee0a9896c2.bookscapm-srv#flowable-async-job-executor-thread-13555#
[PollStartAppStatusExecution] e4fbc9e0-0224-4a88-a46f-eef717330b07 [2026-08-18T11:48:51.704884] > bookscapm@1.0.0 start (STDOUT, APP/PROC/WEB)#
#2026 08 18 11:48:52.755#Z#DEBUG#3e4f6cdc-9afa-11f1-818d-eeee0a9896c2.bookscapm-srv#flowable-async-job-executor-thread-13555#
[PollStartAppStatusExecution] e4fbc9e0-0224-4a88-a46f-eef717330b07 [2026-08-18T11:48:51.704916] > cds-serve (STDOUT, APP/PROC/WEB)#
#2026 08 18 11:48:52.755#Z#DEBUG#3e4f6cdc-9afa-11f1-818d-eeee0a9896c2.bookscapm-srv#flowable-async-job-executor-thread-13555#
[PollStartAppStatusExecution] e4fbc9e0-0224-4a88-a46f-eef717330b07 [2026-08-18T11:48:51.973790] {"level":"info","logger":"cds","timestamp":"2026-08-18T11:48:51.972Z","layer":"cds","component_type":"application","container_id":"10.32.2.6","component_id":"e4fbc9e0-0224-4a88-a46f-eef717330b07","component_name":"bookscapm-srv","component_instance":0,"source_instance":0,"organization_name":"1fb9e48dtrial","organization_id":"8ca7719c-a1c5-4100-832b-9bfcd0e73c43","space_name":"dev","space_id":"5d8a2d66-1cdf-4f95-ae67-ef9fb5cde8d1","msg":"loaded model from 1 file(s):\n ","type":"log"} (STDOUT, APP/PROC/WEB)#
#2026 08 18 11:48:52.755#Z#DEBUG#3e4f6cdc-9afa-11f1-818d-eeee0a9896c2.bookscapm-srv#flowable-async-job-executor-thread-13555#
[PollStartAppStatusExecution] e4fbc9e0-0224-4a88-a46f-eef717330b07 [2026-08-18T11:48:51.974240] srv/csn.json (STDOUT, APP/PROC/WEB)#
#2026 08 18 11:48:52.755#Z#DEBUG#3e4f6cdc-9afa-11f1-818d-eeee0a9896c2.bookscapm-srv#flowable-async-job-executor-thread-13555#
[PollStartAppStatusExecution] e4fbc9e0-0224-4a88-a46f-eef717330b07 [2026-08-18T11:48:52.174538] {"level":"info","logger":"cds","timestamp":"2026-08-18T11:48:52.173Z","layer":"cds","component_type":"application","container_id":"10.32.2.6","component_id":"e4fbc9e0-0224-4a88-a46f-eef717330b07","component_name":"bookscapm-srv","component_instance":0,"source_instance":0,"organization_name":"1fb9e48dtrial","organization_id":"8ca7719c-a1c5-4100-832b-9bfcd0e73c43","space_name":"dev","space_id":"5d8a2d66-1cdf-4f95-ae67-ef9fb5cde8d1","msg":"connect to db > hana {\n  database_id: 'e76196d1-3d0e-4b63-a58c-bb3e1889cb4b',\n  host: 'e76196d1-3d0e-4b63-a58c-bb3e1889cb4b.hna0.prod-us10.hanacloud.ondemand.com',\n  port: '443',\n  driver: 'com.sap.db.jdbc.Driver',\n  url: 'jdbc:sap://e76196d1-3d0e-4b63-a58c-bb3e1889cb4b.hna0.prod-us10.hanacloud.ondemand.com:443?encrypt=true&validateCertificate=true&currentschema=A73E289B4D5D4307AA998E0AFB8BB7E9',\n  schema: 'A73E289B4D5D4307AA998E0AFB8BB7E9',\n  certificate: '...',\n  hdi_user: 'A73E289B4D5D4307AA998E0AFB8BB7E9_D64E135A32ZFHCC08ZN9BN39G_DT',\n  hdi_password: '...',\n  user: 'A73E289B4D5D4307AA998E0AFB8BB7E9_D64E135A32ZFHCC08ZN9BN39G_RT',\n  password: '...'\n}","type":"log"} (STDOUT, APP/PROC/WEB)#
#2026 08 18 11:48:52.755#Z#DEBUG#3e4f6cdc-9afa-11f1-818d-eeee0a9896c2.bookscapm-srv#flowable-async-job-executor-thread-13555#
[PollStartAppStatusExecution] e4fbc9e0-0224-4a88-a46f-eef717330b07 [2026-08-18T11:48:52.204631] {"level":"info","logger":"cds","timestamp":"2026-08-18T11:48:52.204Z","layer":"cds","component_type":"application","container_id":"10.32.2.6","component_id":"e4fbc9e0-0224-4a88-a46f-eef717330b07","component_name":"bookscapm-srv","component_instance":0,"source_instance":0,"organization_name":"1fb9e48dtrial","organization_id":"8ca7719c-a1c5-4100-832b-9bfcd0e73c43","space_name":"dev","space_id":"5d8a2d66-1cdf-4f95-ae67-ef9fb5cde8d1","msg":"using auth strategy { kind: 'jwt' }","type":"log"} (STDOUT, APP/PROC/WEB)#
#2026 08 18 11:48:52.755#Z#DEBUG#3e4f6cdc-9afa-11f1-818d-eeee0a9896c2.bookscapm-srv#flowable-async-job-executor-thread-13555#
[PollStartAppStatusExecution] e4fbc9e0-0224-4a88-a46f-eef717330b07 [2026-08-18T11:48:52.206528] node:internal/modules/cjs/loader:1476 (STDERR, APP/PROC/WEB)#
#2026 08 18 11:48:52.755#Z#DEBUG#3e4f6cdc-9afa-11f1-818d-eeee0a9896c2.bookscapm-srv#flowable-async-job-executor-thread-13555#
[PollStartAppStatusExecution] e4fbc9e0-0224-4a88-a46f-eef717330b07 [2026-08-18T11:48:52.206550] const err = new Error(message); (STDERR, APP/PROC/WEB)#
#2026 08 18 11:48:52.755#Z#DEBUG#3e4f6cdc-9afa-11f1-818d-eeee0a9896c2.bookscapm-srv#flowable-async-job-executor-thread-13555#
[PollStartAppStatusExecution] e4fbc9e0-0224-4a88-a46f-eef717330b07 [2026-08-18T11:48:52.206560] ^ (STDERR, APP/PROC/WEB)#
#2026 08 18 11:48:52.755#Z#DEBUG#3e4f6cdc-9afa-11f1-818d-eeee0a9896c2.bookscapm-srv#flowable-async-job-executor-thread-13555#
[PollStartAppStatusExecution] e4fbc9e0-0224-4a88-a46f-eef717330b07 [2026-08-18T11:48:52.206565] Error: Cannot find '@sap/xssec'. Make sure to install it with 'npm i @sap/xssec' (STDERR, APP/PROC/WEB)#
#2026 08 18 11:48:52.755#Z#DEBUG#3e4f6cdc-9afa-11f1-818d-eeee0a9896c2.bookscapm-srv#flowable-async-job-executor-thread-13555#
[PollStartAppStatusExecution] e4fbc9e0-0224-4a88-a46f-eef717330b07 [2026-08-18T11:48:52.206568] Cannot find module '@sap/xssec' (STDERR, APP/PROC/WEB)#
#2026 08 18 11:48:52.755#Z#DEBUG#3e4f6cdc-9afa-11f1-818d-eeee0a9896c2.bookscapm-srv#flowable-async-job-executor-thread-13555#
[PollStartAppStatusExecution] e4fbc9e0-0224-4a88-a46f-eef717330b07 [2026-08-18T11:48:52.206571] Require stack: (STDERR, APP/PROC/WEB)#
#2026 08 18 11:48:52.755#Z#DEBUG#3e4f6cdc-9afa-11f1-818d-eeee0a9896c2.bookscapm-srv#flowable-async-job-executor-thread-13555#
[PollStartAppStatusExecution] e4fbc9e0-0224-4a88-a46f-eef717330b07 [2026-08-18T11:48:52.206574] - /home/vcap/app/node_modules/@sap/cds/lib/srv/middlewares/auth/xssec.js (STDERR, APP/PROC/WEB)#
#2026 08 18 11:48:52.755#Z#DEBUG#3e4f6cdc-9afa-11f1-818d-eeee0a9896c2.bookscapm-srv#flowable-async-job-executor-thread-13555#
[PollStartAppStatusExecution] e4fbc9e0-0224-4a88-a46f-eef717330b07 [2026-08-18T11:48:52.206579] - /home/vcap/app/node_modules/@sap/cds/lib/srv/middlewares/auth/jwt-auth.js (STDERR, APP/PROC/WEB)#
#2026 08 18 11:48:52.755#Z#DEBUG#3e4f6cdc-9afa-11f1-818d-eeee0a9896c2.bookscapm-srv#flowable-async-job-executor-thread-13555#
[PollStartAppStatusExecution] e4fbc9e0-0224-4a88-a46f-eef717330b07 [2026-08-18T11:48:52.206585] - /home/vcap/app/node_modules/@sap/cds/lib/srv/middlewares/auth/index.js (STDERR, APP/PROC/WEB)#
#2026 08 18 11:48:52.755#Z#DEBUG#3e4f6cdc-9afa-11f1-818d-eeee0a9896c2.bookscapm-srv#flowable-async-job-executor-thread-13555#
[PollStartAppStatusExecution] e4fbc9e0-0224-4a88-a46f-eef717330b07 [2026-08-18T11:48:52.206587] - /home/vcap/app/node_modules/@sap/cds/lib/srv/middlewares/index.js (STDERR, APP/PROC/WEB)#
#2026 08 18 11:48:52.755#Z#DEBUG#3e4f6cdc-9afa-11f1-818d-eeee0a9896c2.bookscapm-srv#flowable-async-job-executor-thread-13555#
[PollStartAppStatusExecution] e4fbc9e0-0224-4a88-a46f-eef717330b07 [2026-08-18T11:48:52.206590] - /home/vcap/app/node_modules/@sap/cds/lib/index.js (STDERR, APP/PROC/WEB)#
#2026 08 18 11:48:52.755#Z#DEBUG#3e4f6cdc-9afa-11f1-818d-eeee0a9896c2.bookscapm-srv#flowable-async-job-executor-thread-13555#
[PollStartAppStatusExecution] e4fbc9e0-0224-4a88-a46f-eef717330b07 [2026-08-18T11:48:52.206596] - /home/vcap/app/node_modules/@sap/cds/bin/serve.js (STDERR, APP/PROC/WEB)#
#2026 08 18 11:48:52.755#Z#DEBUG#3e4f6cdc-9afa-11f1-818d-eeee0a9896c2.bookscapm-srv#flowable-async-job-executor-thread-13555#
[PollStartAppStatusExecution] e4fbc9e0-0224-4a88-a46f-eef717330b07 [2026-08-18T11:48:52.206598] at Module._resolveFilename (node:internal/modules/cjs/loader:1476:15) (STDERR, APP/PROC/WEB)#
#2026 08 18 11:48:52.755#Z#DEBUG#3e4f6cdc-9afa-11f1-818d-eeee0a9896c2.bookscapm-srv#flowable-async-job-executor-thread-13555#
[PollStartAppStatusExecution] e4fbc9e0-0224-4a88-a46f-eef717330b07 [2026-08-18T11:48:52.206600] at wrapResolveFilename (node:internal/modules/cjs/loader:1049:27) (STDERR, APP/PROC/WEB)#
#2026 08 18 11:48:52.755#Z#DEBUG#3e4f6cdc-9afa-11f1-818d-eeee0a9896c2.bookscapm-srv#flowable-async-job-executor-thread-13555#
[PollStartAppStatusExecution] e4fbc9e0-0224-4a88-a46f-eef717330b07 [2026-08-18T11:48:52.206603] at defaultResolveImplForCJSLoading (node:internal/modules/cjs/loader:1073:10) (STDERR, APP/PROC/WEB)#
#2026 08 18 11:48:52.755#Z#DEBUG#3e4f6cdc-9afa-11f1-818d-eeee0a9896c2.bookscapm-srv#flowable-async-job-executor-thread-13555#
[PollStartAppStatusExecution] e4fbc9e0-0224-4a88-a46f-eef717330b07 [2026-08-18T11:48:52.206606] at resolveForCJSWithHooks (node:internal/modules/cjs/loader:1094:12) (STDERR, APP/PROC/WEB)#
#2026 08 18 11:48:52.755#Z#DEBUG#3e4f6cdc-9afa-11f1-818d-eeee0a9896c2.bookscapm-srv#flowable-async-job-executor-thread-13555#
[PollStartAppStatusExecution] e4fbc9e0-0224-4a88-a46f-eef717330b07 [2026-08-18T11:48:52.206612] at Module._load (node:internal/modules/cjs/loader:1262:25) (STDERR, APP/PROC/WEB)#
#2026 08 18 11:48:52.755#Z#DEBUG#3e4f6cdc-9afa-11f1-818d-eeee0a9896c2.bookscapm-srv#flowable-async-job-executor-thread-13555#
[PollStartAppStatusExecution] e4fbc9e0-0224-4a88-a46f-eef717330b07 [2026-08-18T11:48:52.206616] at wrapModuleLoad (node:internal/modules/cjs/loader:255:19) (STDERR, APP/PROC/WEB)#
#2026 08 18 11:48:52.755#Z#DEBUG#3e4f6cdc-9afa-11f1-818d-eeee0a9896c2.bookscapm-srv#flowable-async-job-executor-thread-13555#
[PollStartAppStatusExecution] e4fbc9e0-0224-4a88-a46f-eef717330b07 [2026-08-18T11:48:52.206619] at Module.require (node:internal/modules/cjs/loader:1576:12) (STDERR, APP/PROC/WEB)#
#2026 08 18 11:48:52.755#Z#DEBUG#3e4f6cdc-9afa-11f1-818d-eeee0a9896c2.bookscapm-srv#flowable-async-job-executor-thread-13555#
[PollStartAppStatusExecution] e4fbc9e0-0224-4a88-a46f-eef717330b07 [2026-08-18T11:48:52.206621] at require (node:internal/modules/helpers:153:16) (STDERR, APP/PROC/WEB)#
#2026 08 18 11:48:52.755#Z#DEBUG#3e4f6cdc-9afa-11f1-818d-eeee0a9896c2.bookscapm-srv#flowable-async-job-executor-thread-13555#
[PollStartAppStatusExecution] e4fbc9e0-0224-4a88-a46f-eef717330b07 [2026-08-18T11:48:52.206624] at Object.<anonymous> (/home/vcap/app/node_modules/@sap/cds/lib/srv/middlewares/auth/xssec.js:2:17) (STDERR, APP/PROC/WEB)#
#2026 08 18 11:48:52.755#Z#DEBUG#3e4f6cdc-9afa-11f1-818d-eeee0a9896c2.bookscapm-srv#flowable-async-job-executor-thread-13555#
[PollStartAppStatusExecution] e4fbc9e0-0224-4a88-a46f-eef717330b07 [2026-08-18T11:48:52.206626] at Module._compile (node:internal/modules/cjs/loader:1830:14) { (STDERR, APP/PROC/WEB)#
#2026 08 18 11:48:52.755#Z#DEBUG#3e4f6cdc-9afa-11f1-818d-eeee0a9896c2.bookscapm-srv#flowable-async-job-executor-thread-13555#
[PollStartAppStatusExecution] e4fbc9e0-0224-4a88-a46f-eef717330b07 [2026-08-18T11:48:52.206628] code: 'MODULE_NOT_FOUND', (STDERR, APP/PROC/WEB)#
#2026 08 18 11:48:52.755#Z#DEBUG#3e4f6cdc-9afa-11f1-818d-eeee0a9896c2.bookscapm-srv#flowable-async-job-executor-thread-13555#
[PollStartAppStatusExecution] e4fbc9e0-0224-4a88-a46f-eef717330b07 [2026-08-18T11:48:52.206630] requireStack: [ (STDERR, APP/PROC/WEB)#
#2026 08 18 11:48:52.755#Z#DEBUG#3e4f6cdc-9afa-11f1-818d-eeee0a9896c2.bookscapm-srv#flowable-async-job-executor-thread-13555#
[PollStartAppStatusExecution] e4fbc9e0-0224-4a88-a46f-eef717330b07 [2026-08-18T11:48:52.206633] '/home/vcap/app/node_modules/@sap/cds/lib/srv/middlewares/auth/xssec.js', (STDERR, APP/PROC/WEB)#
#2026 08 18 11:48:52.755#Z#DEBUG#3e4f6cdc-9afa-11f1-818d-eeee0a9896c2.bookscapm-srv#flowable-async-job-executor-thread-13555#
[PollStartAppStatusExecution] e4fbc9e0-0224-4a88-a46f-eef717330b07 [2026-08-18T11:48:52.206635] '/home/vcap/app/node_modules/@sap/cds/lib/srv/middlewares/auth/jwt-auth.js', (STDERR, APP/PROC/WEB)#
#2026 08 18 11:48:52.755#Z#DEBUG#3e4f6cdc-9afa-11f1-818d-eeee0a9896c2.bookscapm-srv#flowable-async-job-executor-thread-13555#
[PollStartAppStatusExecution] e4fbc9e0-0224-4a88-a46f-eef717330b07 [2026-08-18T11:48:52.206637] '/home/vcap/app/node_modules/@sap/cds/lib/srv/middlewares/auth/index.js', (STDERR, APP/PROC/WEB)#
#2026 08 18 11:48:52.755#Z#DEBUG#3e4f6cdc-9afa-11f1-818d-eeee0a9896c2.bookscapm-srv#flowable-async-job-executor-thread-13555#
[PollStartAppStatusExecution] e4fbc9e0-0224-4a88-a46f-eef717330b07 [2026-08-18T11:48:52.206641] '/home/vcap/app/node_modules/@sap/cds/lib/srv/middlewares/index.js', (STDERR, APP/PROC/WEB)#
#2026 08 18 11:48:52.755#Z#DEBUG#3e4f6cdc-9afa-11f1-818d-eeee0a9896c2.bookscapm-srv#flowable-async-job-executor-thread-13555#
[PollStartAppStatusExecution] e4fbc9e0-0224-4a88-a46f-eef717330b07 [2026-08-18T11:48:52.206643] '/home/vcap/app/node_modules/@sap/cds/lib/index.js', (STDERR, APP/PROC/WEB)#
#2026 08 18 11:48:52.755#Z#DEBUG#3e4f6cdc-9afa-11f1-818d-eeee0a9896c2.bookscapm-srv#flowable-async-job-executor-thread-13555#
[PollStartAppStatusExecution] e4fbc9e0-0224-4a88-a46f-eef717330b07 [2026-08-18T11:48:52.206645] '/home/vcap/app/node_modules/@sap/cds/bin/serve.js' (STDERR, APP/PROC/WEB)#
#2026 08 18 11:48:52.755#Z#DEBUG#3e4f6cdc-9afa-11f1-818d-eeee0a9896c2.bookscapm-srv#flowable-async-job-executor-thread-13555#
[PollStartAppStatusExecution] e4fbc9e0-0224-4a88-a46f-eef717330b07 [2026-08-18T11:48:52.206649] ] (STDERR, APP/PROC/WEB)#
#2026 08 18 11:48:52.755#Z#DEBUG#3e4f6cdc-9afa-11f1-818d-eeee0a9896c2.bookscapm-srv#flowable-async-job-executor-thread-13555#
[PollStartAppStatusExecution] e4fbc9e0-0224-4a88-a46f-eef717330b07 [2026-08-18T11:48:52.206651] } (STDERR, APP/PROC/WEB)#
#2026 08 18 11:48:52.755#Z#DEBUG#3e4f6cdc-9afa-11f1-818d-eeee0a9896c2.bookscapm-srv#flowable-async-job-executor-thread-13555#
[PollStartAppStatusExecution] e4fbc9e0-0224-4a88-a46f-eef717330b07 [2026-08-18T11:48:52.206653] Node.js v24.15.0 (STDERR, APP/PROC/WEB)#
#2026 08 18 11:48:52.755#Z#DEBUG#3e4f6cdc-9afa-11f1-818d-eeee0a9896c2.bookscapm-srv#flowable-async-job-executor-thread-13555#
[PollStartAppStatusExecution] e4fbc9e0-0224-4a88-a46f-eef717330b07 [2026-08-18T11:48:52.223057] npm notice (STDERR, APP/PROC/WEB)#
#2026 08 18 11:48:52.755#Z#DEBUG#3e4f6cdc-9afa-11f1-818d-eeee0a9896c2.bookscapm-srv#flowable-async-job-executor-thread-13555#
[PollStartAppStatusExecution] e4fbc9e0-0224-4a88-a46f-eef717330b07 [2026-08-18T11:48:52.223085] npm notice New major version of npm available! 11.12.1 -> 12.0.2 (STDERR, APP/PROC/WEB)#
#2026 08 18 11:48:52.755#Z#DEBUG#3e4f6cdc-9afa-11f1-818d-eeee0a9896c2.bookscapm-srv#flowable-async-job-executor-thread-13555#
[PollStartAppStatusExecution] e4fbc9e0-0224-4a88-a46f-eef717330b07 [2026-08-18T11:48:52.223089] npm notice Changelog: https://github.com/npm/cli/releases/tag/v12.0.2 (STDERR, APP/PROC/WEB)#
#2026 08 18 11:48:52.755#Z#DEBUG#3e4f6cdc-9afa-11f1-818d-eeee0a9896c2.bookscapm-srv#flowable-async-job-executor-thread-13555#
[PollStartAppStatusExecution] e4fbc9e0-0224-4a88-a46f-eef717330b07 [2026-08-18T11:48:52.223091] npm notice To update run: npm install -g npm@12.0.2 (STDERR, APP/PROC/WEB)#
#2026 08 18 11:48:52.755#Z#DEBUG#3e4f6cdc-9afa-11f1-818d-eeee0a9896c2.bookscapm-srv#flowable-async-job-executor-thread-13555#
[PollStartAppStatusExecution] e4fbc9e0-0224-4a88-a46f-eef717330b07 [2026-08-18T11:48:52.223095] npm notice (STDERR, APP/PROC/WEB)#
#2026 08 18 11:48:52.755#Z#DEBUG#3e4f6cdc-9afa-11f1-818d-eeee0a9896c2.bookscapm-srv#flowable-async-job-executor-thread-13555#
[PollStartAppStatusExecution] e4fbc9e0-0224-4a88-a46f-eef717330b07 [2026-08-18T11:48:52.295686] Exit status 1 (STDOUT, APP/PROC/WEB)#
#2026 08 18 11:49:02.863#Z#DEBUG#3e4f6cdc-9afa-11f1-818d-eeee0a9896c2.bookscapm-srv#flowable-async-job-executor-thread-11402#
[PollStartAppStatusExecution] e4fbc9e0-0224-4a88-a46f-eef717330b07 [2026-08-18T11:48:58.575954] Cell c839c7b1-088e-41af-b9b7-66256aacd457 stopping instance 6c4c2d30-9810-4fd1-7496-8ac7 (STDOUT, CELL)#
#2026 08 18 11:49:02.863#Z#DEBUG#3e4f6cdc-9afa-11f1-818d-eeee0a9896c2.bookscapm-srv#flowable-async-job-executor-thread-11402#
[PollStartAppStatusExecution] e4fbc9e0-0224-4a88-a46f-eef717330b07 [2026-08-18T11:48:58.576011] Cell c839c7b1-088e-41af-b9b7-66256aacd457 destroying container for instance 6c4c2d30-9810-4fd1-7496-8ac7 (STDOUT, CELL)#
#2026 08 18 11:49:02.863#Z#DEBUG#3e4f6cdc-9afa-11f1-818d-eeee0a9896c2.bookscapm-srv#flowable-async-job-executor-thread-11402#
[PollStartAppStatusExecution] e4fbc9e0-0224-4a88-a46f-eef717330b07 [2026-08-18T11:48:58.583535] Process has crashed with type: "web" (STDOUT, API)#
#2026 08 18 11:49:02.863#Z#DEBUG#3e4f6cdc-9afa-11f1-818d-eeee0a9896c2.bookscapm-srv#flowable-async-job-executor-thread-11402#
[PollStartAppStatusExecution] e4fbc9e0-0224-4a88-a46f-eef717330b07 [2026-08-18T11:48:58.597648] App instance exited with guid e4fbc9e0-0224-4a88-a46f-eef717330b07 payload: {"instance"=>"6c4c2d30-9810-4fd1-7496-8ac7", "index"=>0, "cell_id"=>"c839c7b1-088e-41af-b9b7-66256aacd457", "reason"=>"CRASHED", "exit_description"=>"APP/PROC/WEB: Exited with status 1", "crash_count"=>1, "crash_timestamp"=>1787053738560311996, "version"=>"a53ea76e-8e12-43a5-974f-213113f22a41"} (STDOUT, API)#
#2026 08 18 11:49:02.863#Z#DEBUG#3e4f6cdc-9afa-11f1-818d-eeee0a9896c2.bookscapm-srv#flowable-async-job-executor-thread-11402#
[PollStartAppStatusExecution] e4fbc9e0-0224-4a88-a46f-eef717330b07 [2026-08-18T11:48:58.717030] Cell 684caff8-89cd-492b-be01-b3d0835f1763 creating container for instance 077382d7-b2e2-439d-541f-c257 (STDOUT, CELL)#
#2026 08 18 11:49:02.863#Z#DEBUG#3e4f6cdc-9afa-11f1-818d-eeee0a9896c2.bookscapm-srv#flowable-async-job-executor-thread-11402#
[PollStartAppStatusExecution] e4fbc9e0-0224-4a88-a46f-eef717330b07 [2026-08-18T11:48:58.768887] Exit status 137 (STDOUT, PROXY)#
#2026 08 18 11:49:02.863#Z#DEBUG#3e4f6cdc-9afa-11f1-818d-eeee0a9896c2.bookscapm-srv#flowable-async-job-executor-thread-11402#
[PollStartAppStatusExecution] e4fbc9e0-0224-4a88-a46f-eef717330b07 [2026-08-18T11:48:59.419700] Security group rules were updated (STDOUT, CELL)#
#2026 08 18 11:49:02.863#Z#DEBUG#3e4f6cdc-9afa-11f1-818d-eeee0a9896c2.bookscapm-srv#flowable-async-job-executor-thread-11402#
[PollStartAppStatusExecution] e4fbc9e0-0224-4a88-a46f-eef717330b07 [2026-08-18T11:48:59.525159] Cell 684caff8-89cd-492b-be01-b3d0835f1763 successfully created container for instance 077382d7-b2e2-439d-541f-c257 (STDOUT, CELL)#
#2026 08 18 11:49:02.863#Z#DEBUG#3e4f6cdc-9afa-11f1-818d-eeee0a9896c2.bookscapm-srv#flowable-async-job-executor-thread-11402#
[PollStartAppStatusExecution] e4fbc9e0-0224-4a88-a46f-eef717330b07 [2026-08-18T11:49:00.547618] Downloading droplet... (STDOUT, CELL)#
#2026 08 18 11:49:02.863#Z#DEBUG#3e4f6cdc-9afa-11f1-818d-eeee0a9896c2.bookscapm-srv#flowable-async-job-executor-thread-11402#
[PollStartAppStatusExecution] e4fbc9e0-0224-4a88-a46f-eef717330b07 [2026-08-18T11:49:00.865268] Cell c839c7b1-088e-41af-b9b7-66256aacd457 successfully destroyed container for instance 6c4c2d30-9810-4fd1-7496-8ac7 (STDOUT, CELL)#
#2026 08 18 11:49:12.909#Z#DEBUG#3e4f6cdc-9afa-11f1-818d-eeee0a9896c2.bookscapm-srv#flowable-async-job-executor-thread-13569#
[PollStartAppStatusExecution] e4fbc9e0-0224-4a88-a46f-eef717330b07 [2026-08-18T11:49:03.930688] Downloaded droplet (59.9M) (STDOUT, CELL)#
#2026 08 18 11:49:12.909#Z#DEBUG#3e4f6cdc-9afa-11f1-818d-eeee0a9896c2.bookscapm-srv#flowable-async-job-executor-thread-13569#
[PollStartAppStatusExecution] e4fbc9e0-0224-4a88-a46f-eef717330b07 [2026-08-18T11:49:03.930804] Starting health monitoring of container (STDOUT, CELL)#
#2026 08 18 11:49:12.909#Z#DEBUG#3e4f6cdc-9afa-11f1-818d-eeee0a9896c2.bookscapm-srv#flowable-async-job-executor-thread-13569#
[PollStartAppStatusExecution] e4fbc9e0-0224-4a88-a46f-eef717330b07 [2026-08-18T11:49:04.061725] Invoking pre-start scripts. (STDOUT, APP/PROC/WEB)#
#2026 08 18 11:49:12.909#Z#DEBUG#3e4f6cdc-9afa-11f1-818d-eeee0a9896c2.bookscapm-srv#flowable-async-job-executor-thread-13569#
[PollStartAppStatusExecution] e4fbc9e0-0224-4a88-a46f-eef717330b07 [2026-08-18T11:49:04.276558] Invoking start command. (STDOUT, APP/PROC/WEB)#
#2026 08 18 11:49:12.909#Z#DEBUG#3e4f6cdc-9afa-11f1-818d-eeee0a9896c2.bookscapm-srv#flowable-async-job-executor-thread-13569#
[PollStartAppStatusExecution] e4fbc9e0-0224-4a88-a46f-eef717330b07 [2026-08-18T11:49:04.725160] > bookscapm@1.0.0 start (STDOUT, APP/PROC/WEB)#
#2026 08 18 11:49:12.909#Z#DEBUG#3e4f6cdc-9afa-11f1-818d-eeee0a9896c2.bookscapm-srv#flowable-async-job-executor-thread-13569#
[PollStartAppStatusExecution] e4fbc9e0-0224-4a88-a46f-eef717330b07 [2026-08-18T11:49:04.725200] > cds-serve (STDOUT, APP/PROC/WEB)#
#2026 08 18 11:49:12.909#Z#DEBUG#3e4f6cdc-9afa-11f1-818d-eeee0a9896c2.bookscapm-srv#flowable-async-job-executor-thread-13569#
[PollStartAppStatusExecution] e4fbc9e0-0224-4a88-a46f-eef717330b07 [2026-08-18T11:49:04.986553] {"level":"info","logger":"cds","timestamp":"2026-08-18T11:49:04.985Z","layer":"cds","component_type":"application","container_id":"10.32.1.6","component_id":"e4fbc9e0-0224-4a88-a46f-eef717330b07","component_name":"bookscapm-srv","component_instance":0,"source_instance":0,"organization_name":"1fb9e48dtrial","organization_id":"8ca7719c-a1c5-4100-832b-9bfcd0e73c43","space_name":"dev","space_id":"5d8a2d66-1cdf-4f95-ae67-ef9fb5cde8d1","msg":"loaded model from 1 file(s):\n ","type":"log"} (STDOUT, APP/PROC/WEB)#
#2026 08 18 11:49:12.909#Z#DEBUG#3e4f6cdc-9afa-11f1-818d-eeee0a9896c2.bookscapm-srv#flowable-async-job-executor-thread-13569#
[PollStartAppStatusExecution] e4fbc9e0-0224-4a88-a46f-eef717330b07 [2026-08-18T11:49:04.987018] srv/csn.json (STDOUT, APP/PROC/WEB)#
#2026 08 18 11:49:12.909#Z#DEBUG#3e4f6cdc-9afa-11f1-818d-eeee0a9896c2.bookscapm-srv#flowable-async-job-executor-thread-13569#
[PollStartAppStatusExecution] e4fbc9e0-0224-4a88-a46f-eef717330b07 [2026-08-18T11:49:05.191685] {"level":"info","logger":"cds","timestamp":"2026-08-18T11:49:05.190Z","layer":"cds","component_type":"application","container_id":"10.32.1.6","component_id":"e4fbc9e0-0224-4a88-a46f-eef717330b07","component_name":"bookscapm-srv","component_instance":0,"source_instance":0,"organization_name":"1fb9e48dtrial","organization_id":"8ca7719c-a1c5-4100-832b-9bfcd0e73c43","space_name":"dev","space_id":"5d8a2d66-1cdf-4f95-ae67-ef9fb5cde8d1","msg":"connect to db > hana {\n  database_id: 'e76196d1-3d0e-4b63-a58c-bb3e1889cb4b',\n  host: 'e76196d1-3d0e-4b63-a58c-bb3e1889cb4b.hna0.prod-us10.hanacloud.ondemand.com',\n  port: '443',\n  driver: 'com.sap.db.jdbc.Driver',\n  url: 'jdbc:sap://e76196d1-3d0e-4b63-a58c-bb3e1889cb4b.hna0.prod-us10.hanacloud.ondemand.com:443?encrypt=true&validateCertificate=true&currentschema=A73E289B4D5D4307AA998E0AFB8BB7E9',\n  schema: 'A73E289B4D5D4307AA998E0AFB8BB7E9',\n  certificate: '...',\n  hdi_user: 'A73E289B4D5D4307AA998E0AFB8BB7E9_D64E135A32ZFHCC08ZN9BN39G_DT',\n  hdi_password: '...',\n  user: 'A73E289B4D5D4307AA998E0AFB8BB7E9_D64E135A32ZFHCC08ZN9BN39G_RT',\n  password: '...'\n}","type":"log"} (STDOUT, APP/PROC/WEB)#
#2026 08 18 11:49:12.909#Z#DEBUG#3e4f6cdc-9afa-11f1-818d-eeee0a9896c2.bookscapm-srv#flowable-async-job-executor-thread-13569#
[PollStartAppStatusExecution] e4fbc9e0-0224-4a88-a46f-eef717330b07 [2026-08-18T11:49:05.222050] {"level":"info","logger":"cds","timestamp":"2026-08-18T11:49:05.221Z","layer":"cds","component_type":"application","container_id":"10.32.1.6","component_id":"e4fbc9e0-0224-4a88-a46f-eef717330b07","component_name":"bookscapm-srv","component_instance":0,"source_instance":0,"organization_name":"1fb9e48dtrial","organization_id":"8ca7719c-a1c5-4100-832b-9bfcd0e73c43","space_name":"dev","space_id":"5d8a2d66-1cdf-4f95-ae67-ef9fb5cde8d1","msg":"using auth strategy { kind: 'jwt' }","type":"log"} (STDOUT, APP/PROC/WEB)#
#2026 08 18 11:49:12.909#Z#DEBUG#3e4f6cdc-9afa-11f1-818d-eeee0a9896c2.bookscapm-srv#flowable-async-job-executor-thread-13569#
[PollStartAppStatusExecution] e4fbc9e0-0224-4a88-a46f-eef717330b07 [2026-08-18T11:49:05.223786] node:internal/modules/cjs/loader:1476 (STDERR, APP/PROC/WEB)#
#2026 08 18 11:49:12.909#Z#DEBUG#3e4f6cdc-9afa-11f1-818d-eeee0a9896c2.bookscapm-srv#flowable-async-job-executor-thread-13569#
[PollStartAppStatusExecution] e4fbc9e0-0224-4a88-a46f-eef717330b07 [2026-08-18T11:49:05.223805] const err = new Error(message); (STDERR, APP/PROC/WEB)#
#2026 08 18 11:49:12.909#Z#DEBUG#3e4f6cdc-9afa-11f1-818d-eeee0a9896c2.bookscapm-srv#flowable-async-job-executor-thread-13569#
[PollStartAppStatusExecution] e4fbc9e0-0224-4a88-a46f-eef717330b07 [2026-08-18T11:49:05.223809] ^ (STDERR, APP/PROC/WEB)#
#2026 08 18 11:49:12.909#Z#DEBUG#3e4f6cdc-9afa-11f1-818d-eeee0a9896c2.bookscapm-srv#flowable-async-job-executor-thread-13569#
[PollStartAppStatusExecution] e4fbc9e0-0224-4a88-a46f-eef717330b07 [2026-08-18T11:49:05.223813] Error: Cannot find '@sap/xssec'. Make sure to install it with 'npm i @sap/xssec' (STDERR, APP/PROC/WEB)#
#2026 08 18 11:49:12.909#Z#DEBUG#3e4f6cdc-9afa-11f1-818d-eeee0a9896c2.bookscapm-srv#flowable-async-job-executor-thread-13569#
[PollStartAppStatusExecution] e4fbc9e0-0224-4a88-a46f-eef717330b07 [2026-08-18T11:49:05.223816] Cannot find module '@sap/xssec' (STDERR, APP/PROC/WEB)#
#2026 08 18 11:49:12.909#Z#DEBUG#3e4f6cdc-9afa-11f1-818d-eeee0a9896c2.bookscapm-srv#flowable-async-job-executor-thread-13569#
[PollStartAppStatusExecution] e4fbc9e0-0224-4a88-a46f-eef717330b07 [2026-08-18T11:49:05.223818] Require stack: (STDERR, APP/PROC/WEB)#
#2026 08 18 11:49:12.909#Z#DEBUG#3e4f6cdc-9afa-11f1-818d-eeee0a9896c2.bookscapm-srv#flowable-async-job-executor-thread-13569#
[PollStartAppStatusExecution] e4fbc9e0-0224-4a88-a46f-eef717330b07 [2026-08-18T11:49:05.223821] - /home/vcap/app/node_modules/@sap/cds/lib/srv/middlewares/auth/xssec.js (STDERR, APP/PROC/WEB)#
#2026 08 18 11:49:12.909#Z#DEBUG#3e4f6cdc-9afa-11f1-818d-eeee0a9896c2.bookscapm-srv#flowable-async-job-executor-thread-13569#
[PollStartAppStatusExecution] e4fbc9e0-0224-4a88-a46f-eef717330b07 [2026-08-18T11:49:05.223823] - /home/vcap/app/node_modules/@sap/cds/lib/srv/middlewares/auth/jwt-auth.js (STDERR, APP/PROC/WEB)#
#2026 08 18 11:49:12.909#Z#DEBUG#3e4f6cdc-9afa-11f1-818d-eeee0a9896c2.bookscapm-srv#flowable-async-job-executor-thread-13569#
[PollStartAppStatusExecution] e4fbc9e0-0224-4a88-a46f-eef717330b07 [2026-08-18T11:49:05.223825] - /home/vcap/app/node_modules/@sap/cds/lib/srv/middlewares/auth/index.js (STDERR, APP/PROC/WEB)#
#2026 08 18 11:49:12.909#Z#DEBUG#3e4f6cdc-9afa-11f1-818d-eeee0a9896c2.bookscapm-srv#flowable-async-job-executor-thread-13569#
[PollStartAppStatusExecution] e4fbc9e0-0224-4a88-a46f-eef717330b07 [2026-08-18T11:49:05.223828] - /home/vcap/app/node_modules/@sap/cds/lib/srv/middlewares/index.js (STDERR, APP/PROC/WEB)#
#2026 08 18 11:49:12.909#Z#DEBUG#3e4f6cdc-9afa-11f1-818d-eeee0a9896c2.bookscapm-srv#flowable-async-job-executor-thread-13569#
[PollStartAppStatusExecution] e4fbc9e0-0224-4a88-a46f-eef717330b07 [2026-08-18T11:49:05.223834] - /home/vcap/app/node_modules/@sap/cds/lib/index.js (STDERR, APP/PROC/WEB)#
#2026 08 18 11:49:12.909#Z#DEBUG#3e4f6cdc-9afa-11f1-818d-eeee0a9896c2.bookscapm-srv#flowable-async-job-executor-thread-13569#
[PollStartAppStatusExecution] e4fbc9e0-0224-4a88-a46f-eef717330b07 [2026-08-18T11:49:05.223836] - /home/vcap/app/node_modules/@sap/cds/bin/serve.js (STDERR, APP/PROC/WEB)#
#2026 08 18 11:49:12.909#Z#DEBUG#3e4f6cdc-9afa-11f1-818d-eeee0a9896c2.bookscapm-srv#flowable-async-job-executor-thread-13569#
[PollStartAppStatusExecution] e4fbc9e0-0224-4a88-a46f-eef717330b07 [2026-08-18T11:49:05.223838] at Module._resolveFilename (node:internal/modules/cjs/loader:1476:15) (STDERR, APP/PROC/WEB)#
#2026 08 18 11:49:12.909#Z#DEBUG#3e4f6cdc-9afa-11f1-818d-eeee0a9896c2.bookscapm-srv#flowable-async-job-executor-thread-13569#
[PollStartAppStatusExecution] e4fbc9e0-0224-4a88-a46f-eef717330b07 [2026-08-18T11:49:05.223845] at wrapResolveFilename (node:internal/modules/cjs/loader:1049:27) (STDERR, APP/PROC/WEB)#
#2026 08 18 11:49:12.909#Z#DEBUG#3e4f6cdc-9afa-11f1-818d-eeee0a9896c2.bookscapm-srv#flowable-async-job-executor-thread-13569#
[PollStartAppStatusExecution] e4fbc9e0-0224-4a88-a46f-eef717330b07 [2026-08-18T11:49:05.223848] at defaultResolveImplForCJSLoading (node:internal/modules/cjs/loader:1073:10) (STDERR, APP/PROC/WEB)#
#2026 08 18 11:49:12.909#Z#DEBUG#3e4f6cdc-9afa-11f1-818d-eeee0a9896c2.bookscapm-srv#flowable-async-job-executor-thread-13569#
[PollStartAppStatusExecution] e4fbc9e0-0224-4a88-a46f-eef717330b07 [2026-08-18T11:49:05.223850] at resolveForCJSWithHooks (node:internal/modules/cjs/loader:1094:12) (STDERR, APP/PROC/WEB)#
#2026 08 18 11:49:12.909#Z#DEBUG#3e4f6cdc-9afa-11f1-818d-eeee0a9896c2.bookscapm-srv#flowable-async-job-executor-thread-13569#
[PollStartAppStatusExecution] e4fbc9e0-0224-4a88-a46f-eef717330b07 [2026-08-18T11:49:05.223852] at Module._load (node:internal/modules/cjs/loader:1262:25) (STDERR, APP/PROC/WEB)#
#2026 08 18 11:49:12.909#Z#DEBUG#3e4f6cdc-9afa-11f1-818d-eeee0a9896c2.bookscapm-srv#flowable-async-job-executor-thread-13569#
[PollStartAppStatusExecution] e4fbc9e0-0224-4a88-a46f-eef717330b07 [2026-08-18T11:49:05.223855] at wrapModuleLoad (node:internal/modules/cjs/loader:255:19) (STDERR, APP/PROC/WEB)#
#2026 08 18 11:49:12.909#Z#DEBUG#3e4f6cdc-9afa-11f1-818d-eeee0a9896c2.bookscapm-srv#flowable-async-job-executor-thread-13569#
[PollStartAppStatusExecution] e4fbc9e0-0224-4a88-a46f-eef717330b07 [2026-08-18T11:49:05.223858] at Module.require (node:internal/modules/cjs/loader:1576:12) (STDERR, APP/PROC/WEB)#
#2026 08 18 11:49:12.909#Z#DEBUG#3e4f6cdc-9afa-11f1-818d-eeee0a9896c2.bookscapm-srv#flowable-async-job-executor-thread-13569#
[PollStartAppStatusExecution] e4fbc9e0-0224-4a88-a46f-eef717330b07 [2026-08-18T11:49:05.223859] at require (node:internal/modules/helpers:153:16) (STDERR, APP/PROC/WEB)#
#2026 08 18 11:49:12.909#Z#DEBUG#3e4f6cdc-9afa-11f1-818d-eeee0a9896c2.bookscapm-srv#flowable-async-job-executor-thread-13569#
[PollStartAppStatusExecution] e4fbc9e0-0224-4a88-a46f-eef717330b07 [2026-08-18T11:49:05.223863] at Object.<anonymous> (/home/vcap/app/node_modules/@sap/cds/lib/srv/middlewares/auth/xssec.js:2:17) (STDERR, APP/PROC/WEB)#
#2026 08 18 11:49:12.909#Z#DEBUG#3e4f6cdc-9afa-11f1-818d-eeee0a9896c2.bookscapm-srv#flowable-async-job-executor-thread-13569#
[PollStartAppStatusExecution] e4fbc9e0-0224-4a88-a46f-eef717330b07 [2026-08-18T11:49:05.223865] at Module._compile (node:internal/modules/cjs/loader:1830:14) { (STDERR, APP/PROC/WEB)#
#2026 08 18 11:49:12.909#Z#DEBUG#3e4f6cdc-9afa-11f1-818d-eeee0a9896c2.bookscapm-srv#flowable-async-job-executor-thread-13569#
[PollStartAppStatusExecution] e4fbc9e0-0224-4a88-a46f-eef717330b07 [2026-08-18T11:49:05.223868] code: 'MODULE_NOT_FOUND', (STDERR, APP/PROC/WEB)#
#2026 08 18 11:49:12.909#Z#DEBUG#3e4f6cdc-9afa-11f1-818d-eeee0a9896c2.bookscapm-srv#flowable-async-job-executor-thread-13569#
[PollStartAppStatusExecution] e4fbc9e0-0224-4a88-a46f-eef717330b07 [2026-08-18T11:49:05.223870] requireStack: [ (STDERR, APP/PROC/WEB)#
#2026 08 18 11:49:12.909#Z#DEBUG#3e4f6cdc-9afa-11f1-818d-eeee0a9896c2.bookscapm-srv#flowable-async-job-executor-thread-13569#
[PollStartAppStatusExecution] e4fbc9e0-0224-4a88-a46f-eef717330b07 [2026-08-18T11:49:05.223873] '/home/vcap/app/node_modules/@sap/cds/lib/srv/middlewares/auth/xssec.js', (STDERR, APP/PROC/WEB)#
#2026 08 18 11:49:12.909#Z#DEBUG#3e4f6cdc-9afa-11f1-818d-eeee0a9896c2.bookscapm-srv#flowable-async-job-executor-thread-13569#
[PollStartAppStatusExecution] e4fbc9e0-0224-4a88-a46f-eef717330b07 [2026-08-18T11:49:05.223875] '/home/vcap/app/node_modules/@sap/cds/lib/srv/middlewares/auth/jwt-auth.js', (STDERR, APP/PROC/WEB)#
#2026 08 18 11:49:12.909#Z#DEBUG#3e4f6cdc-9afa-11f1-818d-eeee0a9896c2.bookscapm-srv#flowable-async-job-executor-thread-13569#
[PollStartAppStatusExecution] e4fbc9e0-0224-4a88-a46f-eef717330b07 [2026-08-18T11:49:05.223878] '/home/vcap/app/node_modules/@sap/cds/lib/srv/middlewares/auth/index.js', (STDERR, APP/PROC/WEB)#
#2026 08 18 11:49:12.909#Z#DEBUG#3e4f6cdc-9afa-11f1-818d-eeee0a9896c2.bookscapm-srv#flowable-async-job-executor-thread-13569#
[PollStartAppStatusExecution] e4fbc9e0-0224-4a88-a46f-eef717330b07 [2026-08-18T11:49:05.223881] '/home/vcap/app/node_modules/@sap/cds/lib/srv/middlewares/index.js', (STDERR, APP/PROC/WEB)#
#2026 08 18 11:49:12.909#Z#DEBUG#3e4f6cdc-9afa-11f1-818d-eeee0a9896c2.bookscapm-srv#flowable-async-job-executor-thread-13569#
[PollStartAppStatusExecution] e4fbc9e0-0224-4a88-a46f-eef717330b07 [2026-08-18T11:49:05.223883] '/home/vcap/app/node_modules/@sap/cds/lib/index.js', (STDERR, APP/PROC/WEB)#
#2026 08 18 11:49:12.909#Z#DEBUG#3e4f6cdc-9afa-11f1-818d-eeee0a9896c2.bookscapm-srv#flowable-async-job-executor-thread-13569#
[PollStartAppStatusExecution] e4fbc9e0-0224-4a88-a46f-eef717330b07 [2026-08-18T11:49:05.223885] '/home/vcap/app/node_modules/@sap/cds/bin/serve.js' (STDERR, APP/PROC/WEB)#
#2026 08 18 11:49:12.909#Z#DEBUG#3e4f6cdc-9afa-11f1-818d-eeee0a9896c2.bookscapm-srv#flowable-async-job-executor-thread-13569#
[PollStartAppStatusExecution] e4fbc9e0-0224-4a88-a46f-eef717330b07 [2026-08-18T11:49:05.223887] ] (STDERR, APP/PROC/WEB)#
#2026 08 18 11:49:12.909#Z#DEBUG#3e4f6cdc-9afa-11f1-818d-eeee0a9896c2.bookscapm-srv#flowable-async-job-executor-thread-13569#
[PollStartAppStatusExecution] e4fbc9e0-0224-4a88-a46f-eef717330b07 [2026-08-18T11:49:05.223890] } (STDERR, APP/PROC/WEB)#
#2026 08 18 11:49:12.909#Z#DEBUG#3e4f6cdc-9afa-11f1-818d-eeee0a9896c2.bookscapm-srv#flowable-async-job-executor-thread-13569#
[PollStartAppStatusExecution] e4fbc9e0-0224-4a88-a46f-eef717330b07 [2026-08-18T11:49:05.223894] Node.js v24.15.0 (STDERR, APP/PROC/WEB)#
#2026 08 18 11:49:12.909#Z#DEBUG#3e4f6cdc-9afa-11f1-818d-eeee0a9896c2.bookscapm-srv#flowable-async-job-executor-thread-13569#
[PollStartAppStatusExecution] e4fbc9e0-0224-4a88-a46f-eef717330b07 [2026-08-18T11:49:05.239484] npm notice (STDERR, APP/PROC/WEB)#
#2026 08 18 11:49:12.909#Z#DEBUG#3e4f6cdc-9afa-11f1-818d-eeee0a9896c2.bookscapm-srv#flowable-async-job-executor-thread-13569#
[PollStartAppStatusExecution] e4fbc9e0-0224-4a88-a46f-eef717330b07 [2026-08-18T11:49:05.239513] npm notice New major version of npm available! 11.12.1 -> 12.0.2 (STDERR, APP/PROC/WEB)#
#2026 08 18 11:49:12.909#Z#DEBUG#3e4f6cdc-9afa-11f1-818d-eeee0a9896c2.bookscapm-srv#flowable-async-job-executor-thread-13569#
[PollStartAppStatusExecution] e4fbc9e0-0224-4a88-a46f-eef717330b07 [2026-08-18T11:49:05.239522] npm notice Changelog: https://github.com/npm/cli/releases/tag/v12.0.2 (STDERR, APP/PROC/WEB)#
#2026 08 18 11:49:12.909#Z#DEBUG#3e4f6cdc-9afa-11f1-818d-eeee0a9896c2.bookscapm-srv#flowable-async-job-executor-thread-13569#
[PollStartAppStatusExecution] e4fbc9e0-0224-4a88-a46f-eef717330b07 [2026-08-18T11:49:05.239525] npm notice To update run: npm install -g npm@12.0.2 (STDERR, APP/PROC/WEB)#
#2026 08 18 11:49:12.909#Z#DEBUG#3e4f6cdc-9afa-11f1-818d-eeee0a9896c2.bookscapm-srv#flowable-async-job-executor-thread-13569#
[PollStartAppStatusExecution] e4fbc9e0-0224-4a88-a46f-eef717330b07 [2026-08-18T11:49:05.239528] npm notice (STDERR, APP/PROC/WEB)#
#2026 08 18 11:49:12.909#Z#DEBUG#3e4f6cdc-9afa-11f1-818d-eeee0a9896c2.bookscapm-srv#flowable-async-job-executor-thread-13569#
[PollStartAppStatusExecution] e4fbc9e0-0224-4a88-a46f-eef717330b07 [2026-08-18T11:49:05.320099] Exit status 1 (STDOUT, APP/PROC/WEB)#
#2026 08 18 11:49:12.909#Z#DEBUG#3e4f6cdc-9afa-11f1-818d-eeee0a9896c2.bookscapm-srv#flowable-async-job-executor-thread-13569#
[PollStartAppStatusExecution] e4fbc9e0-0224-4a88-a46f-eef717330b07 [2026-08-18T11:49:11.551916] Process has crashed with type: "web" (STDOUT, API)#
#2026 08 18 11:49:12.909#Z#DEBUG#3e4f6cdc-9afa-11f1-818d-eeee0a9896c2.bookscapm-srv#flowable-async-job-executor-thread-13569#
[PollStartAppStatusExecution] e4fbc9e0-0224-4a88-a46f-eef717330b07 [2026-08-18T11:49:11.572825] App instance exited with guid e4fbc9e0-0224-4a88-a46f-eef717330b07 payload: {"instance"=>"077382d7-b2e2-439d-541f-c257", "index"=>0, "cell_id"=>"684caff8-89cd-492b-be01-b3d0835f1763", "reason"=>"CRASHED", "exit_description"=>"APP/PROC/WEB: Exited with status 1", "crash_count"=>2, "crash_timestamp"=>1787053751499300747, "version"=>"a53ea76e-8e12-43a5-974f-213113f22a41"} (STDOUT, API)#
#2026 08 18 11:49:12.909#Z#DEBUG#3e4f6cdc-9afa-11f1-818d-eeee0a9896c2.bookscapm-srv#flowable-async-job-executor-thread-13569#
[PollStartAppStatusExecution] e4fbc9e0-0224-4a88-a46f-eef717330b07 [2026-08-18T11:49:11.636713] Cell 684caff8-89cd-492b-be01-b3d0835f1763 stopping instance 077382d7-b2e2-439d-541f-c257 (STDOUT, CELL)#
#2026 08 18 11:49:12.909#Z#DEBUG#3e4f6cdc-9afa-11f1-818d-eeee0a9896c2.bookscapm-srv#flowable-async-job-executor-thread-13569#
[PollStartAppStatusExecution] e4fbc9e0-0224-4a88-a46f-eef717330b07 [2026-08-18T11:49:11.636768] Cell 684caff8-89cd-492b-be01-b3d0835f1763 destroying container for instance 077382d7-b2e2-439d-541f-c257 (STDOUT, CELL)#
#2026 08 18 11:49:12.909#Z#DEBUG#3e4f6cdc-9afa-11f1-818d-eeee0a9896c2.bookscapm-srv#flowable-async-job-executor-thread-13569#
[PollStartAppStatusExecution] e4fbc9e0-0224-4a88-a46f-eef717330b07 [2026-08-18T11:49:11.697370] Cell c839c7b1-088e-41af-b9b7-66256aacd457 creating container for instance fd1eb8d4-4d60-4940-4336-90b8 (STDOUT, CELL)#
#2026 08 18 11:49:12.909#Z#DEBUG#3e4f6cdc-9afa-11f1-818d-eeee0a9896c2.bookscapm-srv#flowable-async-job-executor-thread-13569#
[PollStartAppStatusExecution] e4fbc9e0-0224-4a88-a46f-eef717330b07 [2026-08-18T11:49:12.176001] Exit status 137 (STDOUT, PROXY)#
#2026 08 18 11:49:12.909#Z#DEBUG#3e4f6cdc-9afa-11f1-818d-eeee0a9896c2.bookscapm-srv#flowable-async-job-executor-thread-13569#
[PollStartAppStatusExecution] e4fbc9e0-0224-4a88-a46f-eef717330b07 [2026-08-18T11:49:12.385624] Security group rules were updated (STDOUT, CELL)#
#2026 08 18 11:49:22.900#Z#DEBUG#3e4f6cdc-9afa-11f1-818d-eeee0a9896c2.bookscapm-srv#flowable-async-job-executor-thread-13578#
[PollStartAppStatusExecution] e4fbc9e0-0224-4a88-a46f-eef717330b07 [2026-08-18T11:49:12.479979] Cell c839c7b1-088e-41af-b9b7-66256aacd457 successfully created container for instance fd1eb8d4-4d60-4940-4336-90b8 (STDOUT, CELL)#
#2026 08 18 11:49:22.900#Z#DEBUG#3e4f6cdc-9afa-11f1-818d-eeee0a9896c2.bookscapm-srv#flowable-async-job-executor-thread-13578#
[PollStartAppStatusExecution] e4fbc9e0-0224-4a88-a46f-eef717330b07 [2026-08-18T11:49:13.566132] Downloading droplet... (STDOUT, CELL)#
#2026 08 18 11:49:22.900#Z#DEBUG#3e4f6cdc-9afa-11f1-818d-eeee0a9896c2.bookscapm-srv#flowable-async-job-executor-thread-13578#
[PollStartAppStatusExecution] e4fbc9e0-0224-4a88-a46f-eef717330b07 [2026-08-18T11:49:13.862004] Cell 684caff8-89cd-492b-be01-b3d0835f1763 successfully destroyed container for instance 077382d7-b2e2-439d-541f-c257 (STDOUT, CELL)#
#2026 08 18 11:49:22.900#Z#DEBUG#3e4f6cdc-9afa-11f1-818d-eeee0a9896c2.bookscapm-srv#flowable-async-job-executor-thread-13578#
[PollStartAppStatusExecution] e4fbc9e0-0224-4a88-a46f-eef717330b07 [2026-08-18T11:49:14.732010] Downloaded droplet (STDOUT, CELL)#
#2026 08 18 11:49:22.900#Z#DEBUG#3e4f6cdc-9afa-11f1-818d-eeee0a9896c2.bookscapm-srv#flowable-async-job-executor-thread-13578#
[PollStartAppStatusExecution] e4fbc9e0-0224-4a88-a46f-eef717330b07 [2026-08-18T11:49:14.732137] Starting health monitoring of container (STDOUT, CELL)#
#2026 08 18 11:49:22.900#Z#DEBUG#3e4f6cdc-9afa-11f1-818d-eeee0a9896c2.bookscapm-srv#flowable-async-job-executor-thread-13578#
[PollStartAppStatusExecution] e4fbc9e0-0224-4a88-a46f-eef717330b07 [2026-08-18T11:49:14.907578] Invoking pre-start scripts. (STDOUT, APP/PROC/WEB)#
#2026 08 18 11:49:22.900#Z#DEBUG#3e4f6cdc-9afa-11f1-818d-eeee0a9896c2.bookscapm-srv#flowable-async-job-executor-thread-13578#
[PollStartAppStatusExecution] e4fbc9e0-0224-4a88-a46f-eef717330b07 [2026-08-18T11:49:15.137315] Invoking start command. (STDOUT, APP/PROC/WEB)#
#2026 08 18 11:49:22.900#Z#DEBUG#3e4f6cdc-9afa-11f1-818d-eeee0a9896c2.bookscapm-srv#flowable-async-job-executor-thread-13578#
[PollStartAppStatusExecution] e4fbc9e0-0224-4a88-a46f-eef717330b07 [2026-08-18T11:49:15.622523] > bookscapm@1.0.0 start (STDOUT, APP/PROC/WEB)#
#2026 08 18 11:49:22.900#Z#DEBUG#3e4f6cdc-9afa-11f1-818d-eeee0a9896c2.bookscapm-srv#flowable-async-job-executor-thread-13578#
[PollStartAppStatusExecution] e4fbc9e0-0224-4a88-a46f-eef717330b07 [2026-08-18T11:49:15.622561] > cds-serve (STDOUT, APP/PROC/WEB)#
#2026 08 18 11:49:22.900#Z#DEBUG#3e4f6cdc-9afa-11f1-818d-eeee0a9896c2.bookscapm-srv#flowable-async-job-executor-thread-13578#
[PollStartAppStatusExecution] e4fbc9e0-0224-4a88-a46f-eef717330b07 [2026-08-18T11:49:15.898997] {"level":"info","logger":"cds","timestamp":"2026-08-18T11:49:15.897Z","layer":"cds","component_type":"application","container_id":"10.32.2.6","component_id":"e4fbc9e0-0224-4a88-a46f-eef717330b07","component_name":"bookscapm-srv","component_instance":0,"source_instance":0,"organization_name":"1fb9e48dtrial","organization_id":"8ca7719c-a1c5-4100-832b-9bfcd0e73c43","space_name":"dev","space_id":"5d8a2d66-1cdf-4f95-ae67-ef9fb5cde8d1","msg":"loaded model from 1 file(s):\n ","type":"log"} (STDOUT, APP/PROC/WEB)#
#2026 08 18 11:49:22.900#Z#DEBUG#3e4f6cdc-9afa-11f1-818d-eeee0a9896c2.bookscapm-srv#flowable-async-job-executor-thread-13578#
[PollStartAppStatusExecution] e4fbc9e0-0224-4a88-a46f-eef717330b07 [2026-08-18T11:49:15.899396] srv/csn.json (STDOUT, APP/PROC/WEB)#
#2026 08 18 11:49:22.900#Z#DEBUG#3e4f6cdc-9afa-11f1-818d-eeee0a9896c2.bookscapm-srv#flowable-async-job-executor-thread-13578#
[PollStartAppStatusExecution] e4fbc9e0-0224-4a88-a46f-eef717330b07 [2026-08-18T11:49:16.100094] {"level":"info","logger":"cds","timestamp":"2026-08-18T11:49:16.099Z","layer":"cds","component_type":"application","container_id":"10.32.2.6","component_id":"e4fbc9e0-0224-4a88-a46f-eef717330b07","component_name":"bookscapm-srv","component_instance":0,"source_instance":0,"organization_name":"1fb9e48dtrial","organization_id":"8ca7719c-a1c5-4100-832b-9bfcd0e73c43","space_name":"dev","space_id":"5d8a2d66-1cdf-4f95-ae67-ef9fb5cde8d1","msg":"connect to db > hana {\n  database_id: 'e76196d1-3d0e-4b63-a58c-bb3e1889cb4b',\n  host: 'e76196d1-3d0e-4b63-a58c-bb3e1889cb4b.hna0.prod-us10.hanacloud.ondemand.com',\n  port: '443',\n  driver: 'com.sap.db.jdbc.Driver',\n  url: 'jdbc:sap://e76196d1-3d0e-4b63-a58c-bb3e1889cb4b.hna0.prod-us10.hanacloud.ondemand.com:443?encrypt=true&validateCertificate=true&currentschema=A73E289B4D5D4307AA998E0AFB8BB7E9',\n  schema: 'A73E289B4D5D4307AA998E0AFB8BB7E9',\n  certificate: '...',\n  hdi_user: 'A73E289B4D5D4307AA998E0AFB8BB7E9_D64E135A32ZFHCC08ZN9BN39G_DT',\n  hdi_password: '...',\n  user: 'A73E289B4D5D4307AA998E0AFB8BB7E9_D64E135A32ZFHCC08ZN9BN39G_RT',\n  password: '...'\n}","type":"log"} (STDOUT, APP/PROC/WEB)#
#2026 08 18 11:49:22.900#Z#DEBUG#3e4f6cdc-9afa-11f1-818d-eeee0a9896c2.bookscapm-srv#flowable-async-job-executor-thread-13578#
[PollStartAppStatusExecution] e4fbc9e0-0224-4a88-a46f-eef717330b07 [2026-08-18T11:49:16.129748] {"level":"info","logger":"cds","timestamp":"2026-08-18T11:49:16.129Z","layer":"cds","component_type":"application","container_id":"10.32.2.6","component_id":"e4fbc9e0-0224-4a88-a46f-eef717330b07","component_name":"bookscapm-srv","component_instance":0,"source_instance":0,"organization_name":"1fb9e48dtrial","organization_id":"8ca7719c-a1c5-4100-832b-9bfcd0e73c43","space_name":"dev","space_id":"5d8a2d66-1cdf-4f95-ae67-ef9fb5cde8d1","msg":"using auth strategy { kind: 'jwt' }","type":"log"} (STDOUT, APP/PROC/WEB)#
#2026 08 18 11:49:22.900#Z#DEBUG#3e4f6cdc-9afa-11f1-818d-eeee0a9896c2.bookscapm-srv#flowable-async-job-executor-thread-13578#
[PollStartAppStatusExecution] e4fbc9e0-0224-4a88-a46f-eef717330b07 [2026-08-18T11:49:16.131464] node:internal/modules/cjs/loader:1476 (STDERR, APP/PROC/WEB)#
#2026 08 18 11:49:22.900#Z#DEBUG#3e4f6cdc-9afa-11f1-818d-eeee0a9896c2.bookscapm-srv#flowable-async-job-executor-thread-13578#
[PollStartAppStatusExecution] e4fbc9e0-0224-4a88-a46f-eef717330b07 [2026-08-18T11:49:16.131483] const err = new Error(message); (STDERR, APP/PROC/WEB)#
#2026 08 18 11:49:22.900#Z#DEBUG#3e4f6cdc-9afa-11f1-818d-eeee0a9896c2.bookscapm-srv#flowable-async-job-executor-thread-13578#
[PollStartAppStatusExecution] e4fbc9e0-0224-4a88-a46f-eef717330b07 [2026-08-18T11:49:16.131487] ^ (STDERR, APP/PROC/WEB)#
#2026 08 18 11:49:22.900#Z#DEBUG#3e4f6cdc-9afa-11f1-818d-eeee0a9896c2.bookscapm-srv#flowable-async-job-executor-thread-13578#
[PollStartAppStatusExecution] e4fbc9e0-0224-4a88-a46f-eef717330b07 [2026-08-18T11:49:16.131490] Error: Cannot find '@sap/xssec'. Make sure to install it with 'npm i @sap/xssec' (STDERR, APP/PROC/WEB)#
#2026 08 18 11:49:22.900#Z#DEBUG#3e4f6cdc-9afa-11f1-818d-eeee0a9896c2.bookscapm-srv#flowable-async-job-executor-thread-13578#
[PollStartAppStatusExecution] e4fbc9e0-0224-4a88-a46f-eef717330b07 [2026-08-18T11:49:16.131498] Cannot find module '@sap/xssec' (STDERR, APP/PROC/WEB)#
#2026 08 18 11:49:22.900#Z#DEBUG#3e4f6cdc-9afa-11f1-818d-eeee0a9896c2.bookscapm-srv#flowable-async-job-executor-thread-13578#
[PollStartAppStatusExecution] e4fbc9e0-0224-4a88-a46f-eef717330b07 [2026-08-18T11:49:16.131500] Require stack: (STDERR, APP/PROC/WEB)#
#2026 08 18 11:49:22.900#Z#DEBUG#3e4f6cdc-9afa-11f1-818d-eeee0a9896c2.bookscapm-srv#flowable-async-job-executor-thread-13578#
[PollStartAppStatusExecution] e4fbc9e0-0224-4a88-a46f-eef717330b07 [2026-08-18T11:49:16.131503] - /home/vcap/app/node_modules/@sap/cds/lib/srv/middlewares/auth/xssec.js (STDERR, APP/PROC/WEB)#
#2026 08 18 11:49:22.900#Z#DEBUG#3e4f6cdc-9afa-11f1-818d-eeee0a9896c2.bookscapm-srv#flowable-async-job-executor-thread-13578#
[PollStartAppStatusExecution] e4fbc9e0-0224-4a88-a46f-eef717330b07 [2026-08-18T11:49:16.131506] - /home/vcap/app/node_modules/@sap/cds/lib/srv/middlewares/auth/jwt-auth.js (STDERR, APP/PROC/WEB)#
#2026 08 18 11:49:22.900#Z#DEBUG#3e4f6cdc-9afa-11f1-818d-eeee0a9896c2.bookscapm-srv#flowable-async-job-executor-thread-13578#
[PollStartAppStatusExecution] e4fbc9e0-0224-4a88-a46f-eef717330b07 [2026-08-18T11:49:16.131508] - /home/vcap/app/node_modules/@sap/cds/lib/srv/middlewares/auth/index.js (STDERR, APP/PROC/WEB)#
#2026 08 18 11:49:22.900#Z#DEBUG#3e4f6cdc-9afa-11f1-818d-eeee0a9896c2.bookscapm-srv#flowable-async-job-executor-thread-13578#
[PollStartAppStatusExecution] e4fbc9e0-0224-4a88-a46f-eef717330b07 [2026-08-18T11:49:16.131511] - /home/vcap/app/node_modules/@sap/cds/lib/srv/middlewares/index.js (STDERR, APP/PROC/WEB)#
#2026 08 18 11:49:22.900#Z#DEBUG#3e4f6cdc-9afa-11f1-818d-eeee0a9896c2.bookscapm-srv#flowable-async-job-executor-thread-13578#
[PollStartAppStatusExecution] e4fbc9e0-0224-4a88-a46f-eef717330b07 [2026-08-18T11:49:16.131514] - /home/vcap/app/node_modules/@sap/cds/lib/index.js (STDERR, APP/PROC/WEB)#
#2026 08 18 11:49:22.900#Z#DEBUG#3e4f6cdc-9afa-11f1-818d-eeee0a9896c2.bookscapm-srv#flowable-async-job-executor-thread-13578#
[PollStartAppStatusExecution] e4fbc9e0-0224-4a88-a46f-eef717330b07 [2026-08-18T11:49:16.131516] - /home/vcap/app/node_modules/@sap/cds/bin/serve.js (STDERR, APP/PROC/WEB)#
#2026 08 18 11:49:22.900#Z#DEBUG#3e4f6cdc-9afa-11f1-818d-eeee0a9896c2.bookscapm-srv#flowable-async-job-executor-thread-13578#
[PollStartAppStatusExecution] e4fbc9e0-0224-4a88-a46f-eef717330b07 [2026-08-18T11:49:16.131518] at Module._resolveFilename (node:internal/modules/cjs/loader:1476:15) (STDERR, APP/PROC/WEB)#
#2026 08 18 11:49:22.900#Z#DEBUG#3e4f6cdc-9afa-11f1-818d-eeee0a9896c2.bookscapm-srv#flowable-async-job-executor-thread-13578#
[PollStartAppStatusExecution] e4fbc9e0-0224-4a88-a46f-eef717330b07 [2026-08-18T11:49:16.131521] at wrapResolveFilename (node:internal/modules/cjs/loader:1049:27) (STDERR, APP/PROC/WEB)#
#2026 08 18 11:49:22.900#Z#DEBUG#3e4f6cdc-9afa-11f1-818d-eeee0a9896c2.bookscapm-srv#flowable-async-job-executor-thread-13578#
[PollStartAppStatusExecution] e4fbc9e0-0224-4a88-a46f-eef717330b07 [2026-08-18T11:49:16.131523] at defaultResolveImplForCJSLoading (node:internal/modules/cjs/loader:1073:10) (STDERR, APP/PROC/WEB)#
#2026 08 18 11:49:22.900#Z#DEBUG#3e4f6cdc-9afa-11f1-818d-eeee0a9896c2.bookscapm-srv#flowable-async-job-executor-thread-13578#
[PollStartAppStatusExecution] e4fbc9e0-0224-4a88-a46f-eef717330b07 [2026-08-18T11:49:16.131528] at resolveForCJSWithHooks (node:internal/modules/cjs/loader:1094:12) (STDERR, APP/PROC/WEB)#
#2026 08 18 11:49:22.900#Z#DEBUG#3e4f6cdc-9afa-11f1-818d-eeee0a9896c2.bookscapm-srv#flowable-async-job-executor-thread-13578#
[PollStartAppStatusExecution] e4fbc9e0-0224-4a88-a46f-eef717330b07 [2026-08-18T11:49:16.131530] at Module._load (node:internal/modules/cjs/loader:1262:25) (STDERR, APP/PROC/WEB)#
#2026 08 18 11:49:22.900#Z#DEBUG#3e4f6cdc-9afa-11f1-818d-eeee0a9896c2.bookscapm-srv#flowable-async-job-executor-thread-13578#
[PollStartAppStatusExecution] e4fbc9e0-0224-4a88-a46f-eef717330b07 [2026-08-18T11:49:16.131532] at wrapModuleLoad (node:internal/modules/cjs/loader:255:19) (STDERR, APP/PROC/WEB)#
#2026 08 18 11:49:22.900#Z#DEBUG#3e4f6cdc-9afa-11f1-818d-eeee0a9896c2.bookscapm-srv#flowable-async-job-executor-thread-13578#
[PollStartAppStatusExecution] e4fbc9e0-0224-4a88-a46f-eef717330b07 [2026-08-18T11:49:16.131534] at Module.require (node:internal/modules/cjs/loader:1576:12) (STDERR, APP/PROC/WEB)#
#2026 08 18 11:49:22.900#Z#DEBUG#3e4f6cdc-9afa-11f1-818d-eeee0a9896c2.bookscapm-srv#flowable-async-job-executor-thread-13578#
[PollStartAppStatusExecution] e4fbc9e0-0224-4a88-a46f-eef717330b07 [2026-08-18T11:49:16.131540] at require (node:internal/modules/helpers:153:16) (STDERR, APP/PROC/WEB)#
#2026 08 18 11:49:22.900#Z#DEBUG#3e4f6cdc-9afa-11f1-818d-eeee0a9896c2.bookscapm-srv#flowable-async-job-executor-thread-13578#
[PollStartAppStatusExecution] e4fbc9e0-0224-4a88-a46f-eef717330b07 [2026-08-18T11:49:16.131543] at Object.<anonymous> (/home/vcap/app/node_modules/@sap/cds/lib/srv/middlewares/auth/xssec.js:2:17) (STDERR, APP/PROC/WEB)#
#2026 08 18 11:49:22.900#Z#DEBUG#3e4f6cdc-9afa-11f1-818d-eeee0a9896c2.bookscapm-srv#flowable-async-job-executor-thread-13578#
[PollStartAppStatusExecution] e4fbc9e0-0224-4a88-a46f-eef717330b07 [2026-08-18T11:49:16.131545] at Module._compile (node:internal/modules/cjs/loader:1830:14) { (STDERR, APP/PROC/WEB)#
#2026 08 18 11:49:22.900#Z#DEBUG#3e4f6cdc-9afa-11f1-818d-eeee0a9896c2.bookscapm-srv#flowable-async-job-executor-thread-13578#
[PollStartAppStatusExecution] e4fbc9e0-0224-4a88-a46f-eef717330b07 [2026-08-18T11:49:16.131551] code: 'MODULE_NOT_FOUND', (STDERR, APP/PROC/WEB)#
#2026 08 18 11:49:22.900#Z#DEBUG#3e4f6cdc-9afa-11f1-818d-eeee0a9896c2.bookscapm-srv#flowable-async-job-executor-thread-13578#
[PollStartAppStatusExecution] e4fbc9e0-0224-4a88-a46f-eef717330b07 [2026-08-18T11:49:16.131557] requireStack: [ (STDERR, APP/PROC/WEB)#
#2026 08 18 11:49:22.900#Z#DEBUG#3e4f6cdc-9afa-11f1-818d-eeee0a9896c2.bookscapm-srv#flowable-async-job-executor-thread-13578#
[PollStartAppStatusExecution] e4fbc9e0-0224-4a88-a46f-eef717330b07 [2026-08-18T11:49:16.131559] '/home/vcap/app/node_modules/@sap/cds/lib/srv/middlewares/auth/xssec.js', (STDERR, APP/PROC/WEB)#
#2026 08 18 11:49:22.900#Z#DEBUG#3e4f6cdc-9afa-11f1-818d-eeee0a9896c2.bookscapm-srv#flowable-async-job-executor-thread-13578#
[PollStartAppStatusExecution] e4fbc9e0-0224-4a88-a46f-eef717330b07 [2026-08-18T11:49:16.131561] '/home/vcap/app/node_modules/@sap/cds/lib/srv/middlewares/auth/jwt-auth.js', (STDERR, APP/PROC/WEB)#
#2026 08 18 11:49:22.900#Z#DEBUG#3e4f6cdc-9afa-11f1-818d-eeee0a9896c2.bookscapm-srv#flowable-async-job-executor-thread-13578#
[PollStartAppStatusExecution] e4fbc9e0-0224-4a88-a46f-eef717330b07 [2026-08-18T11:49:16.131564] '/home/vcap/app/node_modules/@sap/cds/lib/srv/middlewares/auth/index.js', (STDERR, APP/PROC/WEB)#
#2026 08 18 11:49:22.900#Z#DEBUG#3e4f6cdc-9afa-11f1-818d-eeee0a9896c2.bookscapm-srv#flowable-async-job-executor-thread-13578#
[PollStartAppStatusExecution] e4fbc9e0-0224-4a88-a46f-eef717330b07 [2026-08-18T11:49:16.131568] '/home/vcap/app/node_modules/@sap/cds/lib/srv/middlewares/index.js', (STDERR, APP/PROC/WEB)#
#2026 08 18 11:49:22.900#Z#DEBUG#3e4f6cdc-9afa-11f1-818d-eeee0a9896c2.bookscapm-srv#flowable-async-job-executor-thread-13578#
[PollStartAppStatusExecution] e4fbc9e0-0224-4a88-a46f-eef717330b07 [2026-08-18T11:49:16.131569] '/home/vcap/app/node_modules/@sap/cds/lib/index.js', (STDERR, APP/PROC/WEB)#
#2026 08 18 11:49:22.900#Z#DEBUG#3e4f6cdc-9afa-11f1-818d-eeee0a9896c2.bookscapm-srv#flowable-async-job-executor-thread-13578#
[PollStartAppStatusExecution] e4fbc9e0-0224-4a88-a46f-eef717330b07 [2026-08-18T11:49:16.131571] '/home/vcap/app/node_modules/@sap/cds/bin/serve.js' (STDERR, APP/PROC/WEB)#
#2026 08 18 11:49:22.900#Z#DEBUG#3e4f6cdc-9afa-11f1-818d-eeee0a9896c2.bookscapm-srv#flowable-async-job-executor-thread-13578#
[PollStartAppStatusExecution] e4fbc9e0-0224-4a88-a46f-eef717330b07 [2026-08-18T11:49:16.131573] ] (STDERR, APP/PROC/WEB)#
#2026 08 18 11:49:22.900#Z#DEBUG#3e4f6cdc-9afa-11f1-818d-eeee0a9896c2.bookscapm-srv#flowable-async-job-executor-thread-13578#
[PollStartAppStatusExecution] e4fbc9e0-0224-4a88-a46f-eef717330b07 [2026-08-18T11:49:16.131576] } (STDERR, APP/PROC/WEB)#
#2026 08 18 11:49:22.900#Z#DEBUG#3e4f6cdc-9afa-11f1-818d-eeee0a9896c2.bookscapm-srv#flowable-async-job-executor-thread-13578#
[PollStartAppStatusExecution] e4fbc9e0-0224-4a88-a46f-eef717330b07 [2026-08-18T11:49:16.131578] Node.js v24.15.0 (STDERR, APP/PROC/WEB)#
#2026 08 18 11:49:22.900#Z#DEBUG#3e4f6cdc-9afa-11f1-818d-eeee0a9896c2.bookscapm-srv#flowable-async-job-executor-thread-13578#
[PollStartAppStatusExecution] e4fbc9e0-0224-4a88-a46f-eef717330b07 [2026-08-18T11:49:16.147945] npm notice (STDERR, APP/PROC/WEB)#
#2026 08 18 11:49:22.900#Z#DEBUG#3e4f6cdc-9afa-11f1-818d-eeee0a9896c2.bookscapm-srv#flowable-async-job-executor-thread-13578#
[PollStartAppStatusExecution] e4fbc9e0-0224-4a88-a46f-eef717330b07 [2026-08-18T11:49:16.147977] npm notice New major version of npm available! 11.12.1 -> 12.0.2 (STDERR, APP/PROC/WEB)#
#2026 08 18 11:49:22.900#Z#DEBUG#3e4f6cdc-9afa-11f1-818d-eeee0a9896c2.bookscapm-srv#flowable-async-job-executor-thread-13578#
[PollStartAppStatusExecution] e4fbc9e0-0224-4a88-a46f-eef717330b07 [2026-08-18T11:49:16.147983] npm notice Changelog: https://github.com/npm/cli/releases/tag/v12.0.2 (STDERR, APP/PROC/WEB)#
#2026 08 18 11:49:22.900#Z#DEBUG#3e4f6cdc-9afa-11f1-818d-eeee0a9896c2.bookscapm-srv#flowable-async-job-executor-thread-13578#
[PollStartAppStatusExecution] e4fbc9e0-0224-4a88-a46f-eef717330b07 [2026-08-18T11:49:16.147986] npm notice To update run: npm install -g npm@12.0.2 (STDERR, APP/PROC/WEB)#
#2026 08 18 11:49:22.900#Z#DEBUG#3e4f6cdc-9afa-11f1-818d-eeee0a9896c2.bookscapm-srv#flowable-async-job-executor-thread-13578#
[PollStartAppStatusExecution] e4fbc9e0-0224-4a88-a46f-eef717330b07 [2026-08-18T11:49:16.147989] npm notice (STDERR, APP/PROC/WEB)#
#2026 08 18 11:49:22.900#Z#DEBUG#3e4f6cdc-9afa-11f1-818d-eeee0a9896c2.bookscapm-srv#flowable-async-job-executor-thread-13578#
[PollStartAppStatusExecution] e4fbc9e0-0224-4a88-a46f-eef717330b07 [2026-08-18T11:49:16.221899] Exit status 1 (STDOUT, APP/PROC/WEB)#
#2026 08 18 11:49:22.900#Z#DEBUG#3e4f6cdc-9afa-11f1-818d-eeee0a9896c2.bookscapm-srv#flowable-async-job-executor-thread-13578#
[PollStartAppStatusExecution] e4fbc9e0-0224-4a88-a46f-eef717330b07 [2026-08-18T11:49:22.052129] Cell c839c7b1-088e-41af-b9b7-66256aacd457 stopping instance fd1eb8d4-4d60-4940-4336-90b8 (STDOUT, CELL)#
#2026 08 18 11:49:22.900#Z#DEBUG#3e4f6cdc-9afa-11f1-818d-eeee0a9896c2.bookscapm-srv#flowable-async-job-executor-thread-13578#
[PollStartAppStatusExecution] e4fbc9e0-0224-4a88-a46f-eef717330b07 [2026-08-18T11:49:22.052184] Cell c839c7b1-088e-41af-b9b7-66256aacd457 destroying container for instance fd1eb8d4-4d60-4940-4336-90b8 (STDOUT, CELL)#
#2026 08 18 11:49:22.900#Z#DEBUG#3e4f6cdc-9afa-11f1-818d-eeee0a9896c2.bookscapm-srv#flowable-async-job-executor-thread-13578#
[PollStartAppStatusExecution] e4fbc9e0-0224-4a88-a46f-eef717330b07 [2026-08-18T11:49:22.070667] Process has crashed with type: "web" (STDOUT, API)#
#2026 08 18 11:49:22.900#Z#DEBUG#3e4f6cdc-9afa-11f1-818d-eeee0a9896c2.bookscapm-srv#flowable-async-job-executor-thread-13578#
[PollStartAppStatusExecution] e4fbc9e0-0224-4a88-a46f-eef717330b07 [2026-08-18T11:49:22.082914] App instance exited with guid e4fbc9e0-0224-4a88-a46f-eef717330b07 payload: {"instance"=>"fd1eb8d4-4d60-4940-4336-90b8", "index"=>0, "cell_id"=>"c839c7b1-088e-41af-b9b7-66256aacd457", "reason"=>"CRASHED", "exit_description"=>"APP/PROC/WEB: Exited with status 1", "crash_count"=>3, "crash_timestamp"=>1787053762048972103, "version"=>"a53ea76e-8e12-43a5-974f-213113f22a41"} (STDOUT, API)#
#2026 08 18 11:49:22.900#Z#DEBUG#3e4f6cdc-9afa-11f1-818d-eeee0a9896c2.bookscapm-srv#flowable-async-job-executor-thread-13578#
[PollStartAppStatusExecution] e4fbc9e0-0224-4a88-a46f-eef717330b07 [2026-08-18T11:49:22.249130] Exit status 137 (STDOUT, PROXY)#
