#2026 08 18 11:45:00.309#Z#INFO#3e4f6cdc-9afa-11f1-818d-eeee0a9896c2.OPERATION#http-nio-0.0.0.0-8080-exec-9#
[XS2StartProcessListener] Operation ID: 3e4f6cdc-9afa-11f1-818d-eeee0a9896c2#
#2026 08 18 11:45:00.354#Z#DEBUG#3e4f6cdc-9afa-11f1-818d-eeee0a9896c2.OPERATION#http-nio-0.0.0.0-8080-exec-9#
[XS2StartProcessListener] Process environment: {
  "SKIP_SSL_VALIDATION" : "false",
  "FLOWABLE_JOB_EXECUTOR_MAX_THREADS" : "32",
  "VERSION" : "2.51.0",
  "BASIC_AUTH_ENABLED" : "true",
  "FLOWABLE_JOB_EXECUTOR_QUEUE_CAPACITY" : "16",
  "FLOWABLE_JOB_EXECUTOR_CORE_THREADS" : "8"
}#
#2026 08 18 11:45:00.354#Z#DEBUG#3e4f6cdc-9afa-11f1-818d-eeee0a9896c2.OPERATION#http-nio-0.0.0.0-8080-exec-9#
[XS2StartProcessListener] Current user: vijaydamodar28897@gmail.com#
#2026 08 18 11:45:00.354#Z#DEBUG#3e4f6cdc-9afa-11f1-818d-eeee0a9896c2.OPERATION#http-nio-0.0.0.0-8080-exec-9#
[XS2StartProcessListener] Client space: dev#
#2026 08 18 11:45:00.354#Z#DEBUG#3e4f6cdc-9afa-11f1-818d-eeee0a9896c2.OPERATION#http-nio-0.0.0.0-8080-exec-9#
[XS2StartProcessListener] Client organization: 1fb9e48dtrial#
#2026 08 18 11:45:00.355#Z#INFO#3e4f6cdc-9afa-11f1-818d-eeee0a9896c2.OPERATION#http-nio-0.0.0.0-8080-exec-9#
[XS2StartProcessListener] Process variables: {
  "keepFiles" : false,
  "skipAppDigestCalculation" : false,
  "abortOnError" : false,
  "mtaId" : "bookscapm",
  "noFailOnMissingPermissions" : false,
  "isSecurityEnabled" : false,
  "apiRequestPath" : "https://deploy-service.cf.us10-001.hana.ondemand.com/api/v1/spaces/5d8a2d66-1cdf-4f95-ae67-ef9fb5cde8d1/operations",
  "deleteServiceBrokers" : false,
  "appArchiveId" : "3b8ca3d2-6379-471b-baa2-a5b32acc0679",
  "isDisposableUserProvidedServiceEnabled" : false,
  "deleteServiceKeys" : false,
  "noRestartSubscribedApps" : false,
  "noStart" : false,
  "deleteServices" : false
}#
#2026 08 18 11:45:00.430#Z#DEBUG#3e4f6cdc-9afa-11f1-818d-eeee0a9896c2.OPERATION#flowable-async-job-executor-thread-11270#
[ValidateDeployParametersStep] Executing task "validateParametersTask" of process "3e4f6d02-9afa-11f1-818d-eeee0a9896c2"...#
#2026 08 18 11:45:00.430#Z#DEBUG#3e4f6cdc-9afa-11f1-818d-eeee0a9896c2.OPERATION#flowable-async-job-executor-thread-11270#
[ValidateDeployParametersStep] Validating parameters...#
#2026 08 18 11:45:00.435#Z#INFO#3e4f6cdc-9afa-11f1-818d-eeee0a9896c2.OPERATION#flowable-async-job-executor-thread-11270#
[ValidateDeployParametersStep] Size of mtars is 6,330,593 and size of extension descriptors is 0#
#2026 08 18 11:45:00.472#Z#INFO#3e4f6cdc-9afa-11f1-818d-eeee0a9896c2.OPERATION#flowable-async-job-executor-thread-11270#
[ValidateDeployParametersStep] Archive was not split! Total size in bytes: 6,330,593#
#2026 08 18 11:45:00.472#Z#INFO#3e4f6cdc-9afa-11f1-818d-eeee0a9896c2.OPERATION#flowable-async-job-executor-thread-11270#
[ValidateDeployParametersStep] Deploying in org "1fb9e48dtrial" and space "dev"#
#2026 08 18 11:45:00.485#Z#DEBUG#3e4f6cdc-9afa-11f1-818d-eeee0a9896c2.OPERATION#flowable-async-job-executor-thread-11270#
[ValidateDeployParametersStep] Parameters validated#
#2026 08 18 11:45:00.486#Z#DEBUG#3e4f6cdc-9afa-11f1-818d-eeee0a9896c2.OPERATION#flowable-async-job-executor-thread-11270#
Step "Validate Parameters" finished#
#2026 08 18 11:45:00.539#Z#DEBUG#3e4f6cdc-9afa-11f1-818d-eeee0a9896c2.OPERATION#flowable-async-job-executor-thread-11264#
[DeleteRemainingFileParts] Executing task "deleteRemainingFileParts" of process "3e4f6d02-9afa-11f1-818d-eeee0a9896c2"...#
#2026 08 18 11:45:00.541#Z#DEBUG#3e4f6cdc-9afa-11f1-818d-eeee0a9896c2.OPERATION#flowable-async-job-executor-thread-11264#
Step "Delete Remaining File Parts" finished#
#2026 08 18 11:45:00.598#Z#DEBUG#3e4f6cdc-9afa-11f1-818d-eeee0a9896c2.OPERATION#flowable-async-job-executor-thread-11264#
[XS2ProcessMtaArchiveStep] Executing task "processArchiveTask" of process "3e4f6d02-9afa-11f1-818d-eeee0a9896c2"...#
#2026 08 18 11:45:00.599#Z#DEBUG#3e4f6cdc-9afa-11f1-818d-eeee0a9896c2.OPERATION#flowable-async-job-executor-thread-11264#
[XS2ProcessMtaArchiveStep] Processing MTA archive...#
#2026 08 18 11:45:00.599#Z#DEBUG#3e4f6cdc-9afa-11f1-818d-eeee0a9896c2.OPERATION#flowable-async-job-executor-thread-11264#
[XS2ProcessMtaArchiveStep] MTA Archive ID: 3b8ca3d2-6379-471b-baa2-a5b32acc0679#
#2026 08 18 11:45:00.847#Z#DEBUG#3e4f6cdc-9afa-11f1-818d-eeee0a9896c2.OPERATION#flowable-async-job-executor-thread-11264#
[XS2ProcessMtaArchiveStep] MTA Descriptor length: 3,202#
#2026 08 18 11:45:00.847#Z#DEBUG#3e4f6cdc-9afa-11f1-818d-eeee0a9896c2.OPERATION#flowable-async-job-executor-thread-11264#
[XS2ProcessMtaArchiveStep] MTA Archive Modules: [bookscapm-srv, bookscapm-app-content, bookscapm-db-deployer]#
#2026 08 18 11:45:00.847#Z#DEBUG#3e4f6cdc-9afa-11f1-818d-eeee0a9896c2.OPERATION#flowable-async-job-executor-thread-11264#
[XS2ProcessMtaArchiveStep] MTA Archive Requires: []#
#2026 08 18 11:45:00.847#Z#DEBUG#3e4f6cdc-9afa-11f1-818d-eeee0a9896c2.OPERATION#flowable-async-job-executor-thread-11264#
[XS2ProcessMtaArchiveStep] MTA Archive Resources: [uaa_bookscapm]#
#2026 08 18 11:45:00.856#Z#DEBUG#3e4f6cdc-9afa-11f1-818d-eeee0a9896c2.OPERATION#flowable-async-job-executor-thread-11264#
[XS2ProcessMtaArchiveStep] MTA archive processed#
#2026 08 18 11:45:00.856#Z#DEBUG#3e4f6cdc-9afa-11f1-818d-eeee0a9896c2.OPERATION#flowable-async-job-executor-thread-11264#
Step "Process Archive" finished#
#2026 08 18 11:45:00.896#Z#DEBUG#3e4f6cdc-9afa-11f1-818d-eeee0a9896c2.OPERATION#flowable-async-job-executor-thread-11265#
[ProcessMtaExtensionDescriptorsStep] Executing task "processExtensionDescriptorsTask" of process "3e4f6d02-9afa-11f1-818d-eeee0a9896c2"...#
#2026 08 18 11:45:00.897#Z#DEBUG#3e4f6cdc-9afa-11f1-818d-eeee0a9896c2.OPERATION#flowable-async-job-executor-thread-11265#
[ProcessMtaExtensionDescriptorsStep] Processing MTA extension descriptors...#
#2026 08 18 11:45:00.898#Z#DEBUG#3e4f6cdc-9afa-11f1-818d-eeee0a9896c2.OPERATION#flowable-async-job-executor-thread-11265#
[ProcessMtaExtensionDescriptorsStep] Provided extension descriptors: [ ]#
#2026 08 18 11:45:00.898#Z#DEBUG#3e4f6cdc-9afa-11f1-818d-eeee0a9896c2.OPERATION#flowable-async-job-executor-thread-11265#
[ProcessMtaExtensionDescriptorsStep] No extension descriptors in use#
#2026 08 18 11:45:00.898#Z#DEBUG#3e4f6cdc-9afa-11f1-818d-eeee0a9896c2.OPERATION#flowable-async-job-executor-thread-11265#
[ProcessMtaExtensionDescriptorsStep] MTA extension descriptors processed#
#2026 08 18 11:45:00.898#Z#DEBUG#3e4f6cdc-9afa-11f1-818d-eeee0a9896c2.OPERATION#flowable-async-job-executor-thread-11265#
Step "Process Extension Descriptors" finished#
#2026 08 18 11:45:00.933#Z#DEBUG#3e4f6cdc-9afa-11f1-818d-eeee0a9896c2.OPERATION#flowable-async-job-executor-thread-11267#
[XS2DetectMtaSchemaVersionStep] Executing task "detectSchemaVersionTask" of process "3e4f6d02-9afa-11f1-818d-eeee0a9896c2"...#
#2026 08 18 11:45:00.934#Z#DEBUG#3e4f6cdc-9afa-11f1-818d-eeee0a9896c2.OPERATION#flowable-async-job-executor-thread-11267#
[XS2DetectMtaSchemaVersionStep] Detecting MTA major schema version...#
#2026 08 18 11:45:00.936#Z#INFO#3e4f6cdc-9afa-11f1-818d-eeee0a9896c2.OPERATION#flowable-async-job-executor-thread-11267#
[XS2DetectMtaSchemaVersionStep] Detected MTA schema version: "3"#
#2026 08 18 11:45:00.941#Z#DEBUG#3e4f6cdc-9afa-11f1-818d-eeee0a9896c2.OPERATION#flowable-async-job-executor-thread-11267#
Step "Detect Schema Version" finished#
#2026 08 18 11:45:00.974#Z#DEBUG#3e4f6cdc-9afa-11f1-818d-eeee0a9896c2.OPERATION#flowable-async-job-executor-thread-11270#
[MergeDescriptorsStep] Executing task "mergeDescriptorsTask" of process "3e4f6d02-9afa-11f1-818d-eeee0a9896c2"...#
#2026 08 18 11:45:00.975#Z#DEBUG#3e4f6cdc-9afa-11f1-818d-eeee0a9896c2.OPERATION#flowable-async-job-executor-thread-11270#
[MergeDescriptorsStep] Validating and merging descriptors...#
#2026 08 18 11:45:00.978#Z#DEBUG#3e4f6cdc-9afa-11f1-818d-eeee0a9896c2.OPERATION#flowable-async-job-executor-thread-11270#
[MergeDescriptorsStep] Merged deployment descriptor: {
  "majorSchemaVersion" : 3,
  "schemaVersion" : "3.3.0",
  "id" : "bookscapm",
  "version" : "1.0.0",
  "modules" : [ {
    "majorSchemaVersion" : 3,
    "name" : "bookscapm-srv",
    "type" : "javascript.nodejs",
    "path" : "bookscapm-srv",
    "properties" : { },
    "parameters" : {
      "buildpack" : "nodejs_buildpack",
      "instances" : 1
    },
    "requiredDependencies" : [ {
      "majorSchemaVersion" : 3,
      "name" : "bookscapm-db",
      "properties" : { },
      "parameters" : { },
      "propertiesMetadata" : {
        "metadata" : { }
      },
      "parametersMetadata" : {
        "metadata" : { }
      }
    }, {
      "majorSchemaVersion" : 3,
      "name" : "uaa_bookscapm",
      "properties" : { },
      "parameters" : { },
      "propertiesMetadata" : {
        "metadata" : { }
      },
      "parametersMetadata" : {
        "metadata" : { }
      }
    } ],
    "providedDependencies" : [ {
      "majorSchemaVersion" : 3,
      "name" : "srv-api",
      "isPublic" : false,
      "properties" : {
        "srv-url" : "${default-url}"
      },
      "parameters" : { },
      "propertiesMetadata" : {
        "metadata" : { }
      },
      "parametersMetadata" : {
        "metadata" : { }
      }
    }, {
      "majorSchemaVersion" : 3,
      "name" : "bookscapm-srv",
      "isPublic" : false,
      "properties" : { },
      "parameters" : { },
      "propertiesMetadata" : {
        "metadata" : { }
      },
      "parametersMetadata" : {
        "metadata" : { }
      }
    } ],
    "propertiesMetadata" : {
      "metadata" : { }
    },
    "parametersMetadata" : {
      "metadata" : { }
    },
    "hooks" : [ ]
  }, {
    "majorSchemaVersion" : 3,
    "name" : "bookscapm-db-deployer",
    "type" : "com.sap.xs.hdi",
    "path" : "bookscapm-db-deployer",
    "properties" : {
      "EXIT" : 1
    },
    "parameters" : {
      "memory" : "256M",
      "buildpack" : "nodejs_buildpack",
      "no-route" : true,
      "dependency-type" : "hard",
      "tasks" : [ {
        "name" : "deploy",
        "memory" : "256M",
        "command" : "npm start"
      } ],
      "no-start" : true
    },
    "requiredDependencies" : [ {
      "majorSchemaVersion" : 3,
      "name" : "bookscapm-db",
      "properties" : { },
      "parameters" : { },
      "propertiesMetadata" : {
        "metadata" : { }
      },
      "parametersMetadata" : {
        "metadata" : { }
      }
    } ],
    "providedDependencies" : [ {
      "majorSchemaVersion" : 3,
      "name" : "bookscapm-db-deployer",
      "isPublic" : false,
      "properties" : { },
      "parameters" : { },
      "propertiesMetadata" : {
        "metadata" : { }
      },
      "parametersMetadata" : {
        "metadata" : { }
      }
    } ],
    "propertiesMetadata" : {
      "metadata" : { }
    },
    "parametersMetadata" : {
      "metadata" : { }
    },
    "hooks" : [ ]
  }, {
    "majorSchemaVersion" : 3,
    "name" : "bookscapm-destination-content",
    "type" : "com.sap.application.content",
    "properties" : { },
    "parameters" : {
      "content" : {
        "instance" : {
          "destinations" : [ {
            "Name" : "bookscapmapplicationrouter_bookscapm_html_repo_host",
            "ServiceInstanceName" : "bookscapm-html5-app-host-service",
            "ServiceKeyName" : "********",
            "sap.cloud.service" : "bookscapmapplicationrouter"
          }, {
            "Authentication" : "********",
            "Name" : "bookscapmapplicationrouter_uaa_bookscapm",
            "ServiceInstanceName" : "bookscapm-xsuaa-service",
            "ServiceKeyName" : "********",
            "sap.cloud.service" : "bookscapmapplicationrouter"
          } ],
          "existing_destinations_policy" : "ignore"
        }
      }
    },
    "requiredDependencies" : [ {
      "majorSchemaVersion" : 3,
      "name" : "bookscapm-destination-service",
      "properties" : { },
      "parameters" : {
        "content-target" : true
      },
      "propertiesMetadata" : {
        "metadata" : { }
      },
      "parametersMetadata" : {
        "metadata" : { }
      }
    }, {
      "majorSchemaVersion" : 3,
      "name" : "bookscapm_html_repo_host",
      "properties" : { },
      "parameters" : {
        "service-key" : "********"
      },
      "propertiesMetadata" : {
        "metadata" : { }
      },
      "parametersMetadata" : {
        "metadata" : { }
      }
    }, {
      "majorSchemaVersion" : 3,
      "name" : "uaa_bookscapm",
      "properties" : { },
      "parameters" : {
        "service-key" : "********"
      },
      "propertiesMetadata" : {
        "metadata" : { }
      },
      "parametersMetadata" : {
        "metadata" : { }
      }
    } ],
    "providedDependencies" : [ {
      "majorSchemaVersion" : 3,
      "name" : "bookscapm-destination-content",
      "isPublic" : false,
      "properties" : { },
      "parameters" : { },
      "propertiesMetadata" : {
        "metadata" : { }
      },
      "parametersMetadata" : {
        "metadata" : { }
      }
    } ],
    "propertiesMetadata" : {
      "metadata" : { }
    },
    "parametersMetadata" : {
      "metadata" : { }
    },
    "hooks" : [ ]
  }, {
    "majorSchemaVersion" : 3,
    "name" : "bookscapm-app-content",
    "type" : "com.sap.application.content",
    "path" : "bookscapm-app-content",
    "properties" : { },
    "parameters" : { },
    "requiredDependencies" : [ {
      "majorSchemaVersion" : 3,
      "name" : "bookscapm_html_repo_host",
      "properties" : { },
      "parameters" : {
        "content-target" : true
      },
      "propertiesMetadata" : {
        "metadata" : { }
      },
      "parametersMetadata" : {
        "metadata" : { }
      }
    } ],
    "providedDependencies" : [ {
      "majorSchemaVersion" : 3,
      "name" : "bookscapm-app-content",
      "isPublic" : false,
      "properties" : { },
      "parameters" : { },
      "propertiesMetadata" : {
        "metadata" : { }
      },
      "parametersMetadata" : {
        "metadata" : { }
      }
    } ],
    "propertiesMetadata" : {
      "metadata" : { }
    },
    "parametersMetadata" : {
      "metadata" : { }
    },
    "hooks" : [ ]
  } ],
  "resources" : [ {
    "majorSchemaVersion" : 3,
    "name" : "bookscapm-db",
    "type" : "com.sap.xs.hdi-container",
    "properties" : { },
    "parameters" : {
      "type" : "managed-service",
      "service" : "hana",
      "service-plan" : "hdi-shared"
    },
    "isActive" : true,
    "isOptional" : false,
    "propertiesMetadata" : {
      "metadata" : { }
    },
    "parametersMetadata" : {
      "metadata" : { }
    },
    "requiredDependencies" : [ ],
    "processedAfter" : [ ]
  }, {
    "majorSchemaVersion" : 3,
    "name" : "bookscapm-destination-service",
    "type" : "org.cloudfoundry.managed-service",
    "properties" : { },
    "parameters" : {
      "service-name" : "bookscapm-destination-service",
      "service-plan" : "lite",
      "type" : "managed-service",
      "config" : {
        "HTML5Runtime_enabled" : true,
        "init_data" : {
          "instance" : {
            "destinations" : [ {
              "Authentication" : "********",
              "Name" : "ui5",
              "ProxyType" : "Internet",
              "Type" : "HTTP",
              "URL" : "https://ui5.sap.com"
            }, {
              "Authentication" : "********",
              "HTML5.DynamicDestination" : true,
              "HTML5.ForwardAuthToken" : "********",
              "Name" : "srv-api",
              "ProxyType" : "Internet",
              "Type" : "HTTP",
              "URL" : "~{srv-api/srv-url}"
            } ],
            "existing_destinations_policy" : "update"
          }
        },
        "version" : "1.0.0"
      },
      "service" : "destination"
    },
    "isActive" : true,
    "isOptional" : false,
    "propertiesMetadata" : {
      "metadata" : { }
    },
    "parametersMetadata" : {
      "metadata" : { }
    },
    "requiredDependencies" : [ {
      "majorSchemaVersion" : 3,
      "name" : "srv-api",
      "properties" : { },
      "parameters" : { },
      "propertiesMetadata" : {
        "metadata" : { }
      },
      "parametersMetadata" : {
        "metadata" : { }
      }
    } ],
    "processedAfter" : [ ]
  }, {
    "majorSchemaVersion" : 3,
    "name" : "bookscapm_html_repo_host",
    "type" : "org.cloudfoundry.managed-service",
    "properties" : { },
    "parameters" : {
      "service-name" : "bookscapm-html5-app-host-service",
      "service-plan" : "app-host",
      "type" : "managed-service",
      "service" : "html5-apps-repo"
    },
    "isActive" : true,
    "isOptional" : false,
    "propertiesMetadata" : {
      "metadata" : { }
    },
    "parametersMetadata" : {
      "metadata" : { }
    },
    "requiredDependencies" : [ ],
    "processedAfter" : [ ]
  }, {
    "majorSchemaVersion" : 3,
    "name" : "uaa_bookscapm",
    "type" : "org.cloudfoundry.managed-service",
    "properties" : { },
    "parameters" : {
      "path" : "./xs-security.json",
      "service-name" : "bookscapm-xsuaa-service",
      "service-plan" : "application",
      "type" : "managed-service",
      "service" : "xsuaa"
    },
    "isActive" : true,
    "isOptional" : false,
    "propertiesMetadata" : {
      "metadata" : { }
    },
    "parametersMetadata" : {
      "metadata" : { }
    },
    "requiredDependencies" : [ ],
    "processedAfter" : [ ]
  } ],
  "parameters" : {
    "enable-parallel-deployments" : true,
    "deploy_mode" : "html5-repo"
  },
  "parametersMetadata" : {
    "metadata" : { }
  }
}#
#2026 08 18 11:45:00.980#Z#DEBUG#3e4f6cdc-9afa-11f1-818d-eeee0a9896c2.OPERATION#flowable-async-job-executor-thread-11270#
[MergeDescriptorsStep] Descriptors validated and merged#
#2026 08 18 11:45:00.980#Z#DEBUG#3e4f6cdc-9afa-11f1-818d-eeee0a9896c2.OPERATION#flowable-async-job-executor-thread-11270#
Step "Merge Descriptors" finished#
#2026 08 18 11:45:01.019#Z#DEBUG#3e4f6cdc-9afa-11f1-818d-eeee0a9896c2.OPERATION#flowable-async-job-executor-thread-11270#
[DetectDeployedMtaStep] Executing task "detectDeployedMtaTask" of process "3e4f6d02-9afa-11f1-818d-eeee0a9896c2"...#
#2026 08 18 11:45:01.020#Z#DEBUG#3e4f6cdc-9afa-11f1-818d-eeee0a9896c2.OPERATION#flowable-async-job-executor-thread-11270#
[DetectDeployedMtaStep] Detecting deployed MTA...#
#2026 08 18 11:45:01.076#Z#DEBUG#3e4f6cdc-9afa-11f1-818d-eeee0a9896c2.OPERATION#flowable-async-job-executor-thread-11270#
[DetectDeployedMtaStep] Detecting MTA by id bookscapm and namespace null#
#2026 08 18 11:45:01.076#Z#DEBUG#3e4f6cdc-9afa-11f1-818d-eeee0a9896c2.OPERATION#flowable-async-job-executor-thread-11270#
[DetectDeployedMtaStep] Getting applications by metadata label selector "mta_id=ae3834d4d96122b7278fff014e221e64,!mta_namespace"...#
#2026 08 18 11:45:01.113#Z#DEBUG#3e4f6cdc-9afa-11f1-818d-eeee0a9896c2.OPERATION#flowable-async-job-executor-thread-11270#
[DetectDeployedMtaStep] Getting service instances by metadata label selector "mta_id=ae3834d4d96122b7278fff014e221e64,!mta_namespace"...#
#2026 08 18 11:45:01.148#Z#INFO#3e4f6cdc-9afa-11f1-818d-eeee0a9896c2.OPERATION#flowable-async-job-executor-thread-11270#
[DetectDeployedMtaStep] No deployed MTA detected - this is initial deployment of MTA with ID "bookscapm"#
#2026 08 18 11:45:01.167#Z#DEBUG#3e4f6cdc-9afa-11f1-818d-eeee0a9896c2.OPERATION#flowable-async-job-executor-thread-11270#
[DetectDeployedMtaStep] Detecting backup mta by id "bookscapm" and namespace "null"#
#2026 08 18 11:45:01.167#Z#DEBUG#3e4f6cdc-9afa-11f1-818d-eeee0a9896c2.OPERATION#flowable-async-job-executor-thread-11270#
[DetectDeployedMtaStep] Getting applications by metadata label selector "mta_id=ae3834d4d96122b7278fff014e221e64,mta_namespace=b698114a0995e936895b9598a6c19a2c"...#
#2026 08 18 11:45:01.204#Z#DEBUG#3e4f6cdc-9afa-11f1-818d-eeee0a9896c2.OPERATION#flowable-async-job-executor-thread-11270#
[DetectDeployedMtaStep] Getting service instances by metadata label selector "mta_id=ae3834d4d96122b7278fff014e221e64,mta_namespace=b698114a0995e936895b9598a6c19a2c"...#
#2026 08 18 11:45:01.258#Z#DEBUG#3e4f6cdc-9afa-11f1-818d-eeee0a9896c2.OPERATION#flowable-async-job-executor-thread-11270#
[DetectDeployedMtaStep] Deployed MTA service keys: [ ]#
#2026 08 18 11:45:01.258#Z#DEBUG#3e4f6cdc-9afa-11f1-818d-eeee0a9896c2.OPERATION#flowable-async-job-executor-thread-11270#
Step "Detect Deployed MTA" finished#
#2026 08 18 11:45:01.359#Z#DEBUG#3e4f6cdc-9afa-11f1-818d-eeee0a9896c2.OPERATION#flowable-async-job-executor-thread-11269#
[XS2CollectSystemParametersStep] Executing task "collectSystemParametersTask" of process "3e4f6d02-9afa-11f1-818d-eeee0a9896c2"...#
#2026 08 18 11:45:01.367#Z#DEBUG#3e4f6cdc-9afa-11f1-818d-eeee0a9896c2.OPERATION#flowable-async-job-executor-thread-11269#
[XS2CollectSystemParametersStep] Collecting system parameters...#
#2026 08 18 11:45:01.370#Z#DEBUG#3e4f6cdc-9afa-11f1-818d-eeee0a9896c2.OPERATION#flowable-async-job-executor-thread-11269#
[XS2CollectSystemParametersStep] Getting default domain...#
#2026 08 18 11:45:01.408#Z#DEBUG#3e4f6cdc-9afa-11f1-818d-eeee0a9896c2.OPERATION#flowable-async-job-executor-thread-11269#
[XS2CollectSystemParametersStep] Default domain: cfapps.us10-001.hana.ondemand.com#
#2026 08 18 11:45:01.416#Z#DEBUG#3e4f6cdc-9afa-11f1-818d-eeee0a9896c2.OPERATION#flowable-async-job-executor-thread-11269#
[XS2CollectSystemParametersStep] Checking for overwriting read-only parameters for mta with id: "bookscapm"#
#2026 08 18 11:45:01.416#Z#DEBUG#3e4f6cdc-9afa-11f1-818d-eeee0a9896c2.OPERATION#flowable-async-job-executor-thread-11269#
[XS2CollectSystemParametersStep] No read-only parameters are overwritten#
#2026 08 18 11:45:01.440#Z#DEBUG#3e4f6cdc-9afa-11f1-818d-eeee0a9896c2.OPERATION#flowable-async-job-executor-thread-11269#
[XS2CollectSystemParametersStep] Descriptor with system parameters: {
  "majorSchemaVersion" : 3,
  "schemaVersion" : "3.3.0",
  "id" : "bookscapm",
  "version" : "1.0.0",
  "modules" : [ {
    "majorSchemaVersion" : 3,
    "name" : "bookscapm-srv",
    "type" : "javascript.nodejs",
    "path" : "bookscapm-srv",
    "properties" : { },
    "parameters" : {
      "default-url" : "${protocol}://${default-uri}",
      "default-app-name" : "bookscapm-srv",
      "generated-password" : "********",
      "default-live-url" : "${protocol}://${default-live-uri}",
      "default-uri" : "${host}.${domain}",
      "default-instances" : 1,
      "default-live-host" : "1fb9e48dtrial-dev-bookscapm-srv",
      "instances" : 1,
      "buildpack" : "nodejs_buildpack",
      "default-host" : "1fb9e48dtrial-dev-bookscapm-srv",
      "app-name" : "${default-app-name}",
      "default-live-uri" : "1fb9e48dtrial-dev-bookscapm-srv.${domain}",
      "protocol" : "https",
      "default-live-app-name" : "bookscapm-srv",
      "default-live-domain" : "cfapps.us10-001.hana.ondemand.com",
      "domain" : "${default-domain}",
      "host" : "${default-host}",
      "generated-user" : "********"
    },
    "requiredDependencies" : [ {
      "majorSchemaVersion" : 3,
      "name" : "bookscapm-db",
      "properties" : { },
      "parameters" : { },
      "propertiesMetadata" : {
        "metadata" : { }
      },
      "parametersMetadata" : {
        "metadata" : { }
      }
    }, {
      "majorSchemaVersion" : 3,
      "name" : "uaa_bookscapm",
      "properties" : { },
      "parameters" : { },
      "propertiesMetadata" : {
        "metadata" : { }
      },
      "parametersMetadata" : {
        "metadata" : { }
      }
    } ],
    "providedDependencies" : [ {
      "majorSchemaVersion" : 3,
      "name" : "srv-api",
      "isPublic" : false,
      "properties" : {
        "srv-url" : "${default-url}"
      },
      "parameters" : { },
      "propertiesMetadata" : {
        "metadata" : { }
      },
      "parametersMetadata" : {
        "metadata" : { }
      }
    }, {
      "majorSchemaVersion" : 3,
      "name" : "bookscapm-srv",
      "isPublic" : false,
      "properties" : { },
      "parameters" : { },
      "propertiesMetadata" : {
        "metadata" : { }
      },
      "parametersMetadata" : {
        "metadata" : { }
      }
    } ],
    "propertiesMetadata" : {
      "metadata" : { }
    },
    "parametersMetadata" : {
      "metadata" : { }
    },
    "hooks" : [ ]
  }, {
    "majorSchemaVersion" : 3,
    "name" : "bookscapm-db-deployer",
    "type" : "com.sap.xs.hdi",
    "path" : "bookscapm-db-deployer",
    "properties" : {
      "EXIT" : 1
    },
    "parameters" : {
      "default-url" : "${protocol}://${default-uri}",
      "default-app-name" : "bookscapm-db-deployer",
      "generated-password" : "********",
      "default-live-url" : "${protocol}://${default-live-uri}",
      "default-uri" : "${host}.${domain}",
      "memory" : "256M",
      "default-instances" : 1,
      "no-route" : true,
      "default-live-host" : "1fb9e48dtrial-dev-bookscapm-db-deployer",
      "instances" : "${default-instances}",
      "buildpack" : "nodejs_buildpack",
      "default-host" : "1fb9e48dtrial-dev-bookscapm-db-deployer",
      "app-name" : "${default-app-name}",
      "default-live-uri" : "1fb9e48dtrial-dev-bookscapm-db-deployer.${domain}",
      "protocol" : "https",
      "default-live-app-name" : "bookscapm-db-deployer",
      "default-live-domain" : "cfapps.us10-001.hana.ondemand.com",
      "dependency-type" : "hard",
      "domain" : "${default-domain}",
      "host" : "${default-host}",
      "generated-user" : "********",
      "tasks" : [ {
        "name" : "deploy",
        "memory" : "256M",
        "command" : "npm start"
      } ],
      "no-start" : true
    },
    "requiredDependencies" : [ {
      "majorSchemaVersion" : 3,
      "name" : "bookscapm-db",
      "properties" : { },
      "parameters" : { },
      "propertiesMetadata" : {
        "metadata" : { }
      },
      "parametersMetadata" : {
        "metadata" : { }
      }
    } ],
    "providedDependencies" : [ {
      "majorSchemaVersion" : 3,
      "name" : "bookscapm-db-deployer",
      "isPublic" : false,
      "properties" : { },
      "parameters" : { },
      "propertiesMetadata" : {
        "metadata" : { }
      },
      "parametersMetadata" : {
        "metadata" : { }
      }
    } ],
    "propertiesMetadata" : {
      "metadata" : { }
    },
    "parametersMetadata" : {
      "metadata" : { }
    },
    "hooks" : [ ]
  }, {
    "majorSchemaVersion" : 3,
    "name" : "bookscapm-destination-content",
    "type" : "com.sap.application.content",
    "properties" : { },
    "parameters" : {
      "default-url" : "${protocol}://${default-uri}",
      "default-app-name" : "bookscapm-destination-content",
      "generated-password" : "********",
      "default-live-url" : "${protocol}://${default-live-uri}",
      "default-uri" : "${host}.${domain}",
      "default-instances" : 1,
      "default-live-host" : "1fb9e48dtrial-dev-bookscapm-destination-content",
      "instances" : "${default-instances}",
      "default-host" : "1fb9e48dtrial-dev-bookscapm-destination-content",
      "content" : {
        "instance" : {
          "destinations" : [ {
            "Name" : "bookscapmapplicationrouter_bookscapm_html_repo_host",
            "ServiceInstanceName" : "bookscapm-html5-app-host-service",
            "ServiceKeyName" : "********",
            "sap.cloud.service" : "bookscapmapplicationrouter"
          }, {
            "Authentication" : "********",
            "Name" : "bookscapmapplicationrouter_uaa_bookscapm",
            "ServiceInstanceName" : "bookscapm-xsuaa-service",
            "ServiceKeyName" : "********",
            "sap.cloud.service" : "bookscapmapplicationrouter"
          } ],
          "existing_destinations_policy" : "ignore"
        }
      },
      "app-name" : "${default-app-name}",
      "default-live-uri" : "1fb9e48dtrial-dev-bookscapm-destination-content.${domain}",
      "protocol" : "https",
      "default-live-app-name" : "bookscapm-destination-content",
      "default-live-domain" : "cfapps.us10-001.hana.ondemand.com",
      "domain" : "${default-domain}",
      "host" : "${default-host}",
      "generated-user" : "********"
    },
    "requiredDependencies" : [ {
      "majorSchemaVersion" : 3,
      "name" : "bookscapm-destination-service",
      "properties" : { },
      "parameters" : {
        "content-target" : true
      },
      "propertiesMetadata" : {
        "metadata" : { }
      },
      "parametersMetadata" : {
        "metadata" : { }
      }
    }, {
      "majorSchemaVersion" : 3,
      "name" : "bookscapm_html_repo_host",
      "properties" : { },
      "parameters" : {
        "service-key" : "********"
      },
      "propertiesMetadata" : {
        "metadata" : { }
      },
      "parametersMetadata" : {
        "metadata" : { }
      }
    }, {
      "majorSchemaVersion" : 3,
      "name" : "uaa_bookscapm",
      "properties" : { },
      "parameters" : {
        "service-key" : "********"
      },
      "propertiesMetadata" : {
        "metadata" : { }
      },
      "parametersMetadata" : {
        "metadata" : { }
      }
    } ],
    "providedDependencies" : [ {
      "majorSchemaVersion" : 3,
      "name" : "bookscapm-destination-content",
      "isPublic" : false,
      "properties" : { },
      "parameters" : { },
      "propertiesMetadata" : {
        "metadata" : { }
      },
      "parametersMetadata" : {
        "metadata" : { }
      }
    } ],
    "propertiesMetadata" : {
      "metadata" : { }
    },
    "parametersMetadata" : {
      "metadata" : { }
    },
    "hooks" : [ ]
  }, {
    "majorSchemaVersion" : 3,
    "name" : "bookscapm-app-content",
    "type" : "com.sap.application.content",
    "path" : "bookscapm-app-content",
    "properties" : { },
    "parameters" : {
      "default-url" : "${protocol}://${default-uri}",
      "default-app-name" : "bookscapm-app-content",
      "generated-password" : "********",
      "default-live-url" : "${protocol}://${default-live-uri}",
      "default-uri" : "${host}.${domain}",
      "default-instances" : 1,
      "default-live-host" : "1fb9e48dtrial-dev-bookscapm-app-content",
      "instances" : "${default-instances}",
      "default-host" : "1fb9e48dtrial-dev-bookscapm-app-content",
      "app-name" : "${default-app-name}",
      "default-live-uri" : "1fb9e48dtrial-dev-bookscapm-app-content.${domain}",
      "protocol" : "https",
      "default-live-app-name" : "bookscapm-app-content",
      "default-live-domain" : "cfapps.us10-001.hana.ondemand.com",
      "domain" : "${default-domain}",
      "host" : "${default-host}",
      "generated-user" : "********"
    },
    "requiredDependencies" : [ {
      "majorSchemaVersion" : 3,
      "name" : "bookscapm_html_repo_host",
      "properties" : { },
      "parameters" : {
        "content-target" : true
      },
      "propertiesMetadata" : {
        "metadata" : { }
      },
      "parametersMetadata" : {
        "metadata" : { }
      }
    } ],
    "providedDependencies" : [ {
      "majorSchemaVersion" : 3,
      "name" : "bookscapm-app-content",
      "isPublic" : false,
      "properties" : { },
      "parameters" : { },
      "propertiesMetadata" : {
        "metadata" : { }
      },
      "parametersMetadata" : {
        "metadata" : { }
      }
    } ],
    "propertiesMetadata" : {
      "metadata" : { }
    },
    "parametersMetadata" : {
      "metadata" : { }
    },
    "hooks" : [ ]
  } ],
  "resources" : [ {
    "majorSchemaVersion" : 3,
    "name" : "bookscapm-db",
    "type" : "com.sap.xs.hdi-container",
    "properties" : { },
    "parameters" : {
      "generated-password" : "********",
      "service-name" : "${default-service-name}",
      "service-plan" : "hdi-shared",
      "service" : "hana",
      "generated-user" : "********",
      "default-xsappname" : "bookscapm-db",
      "type" : "managed-service",
      "default-service-name" : "bookscapm-db",
      "default-container-name" : "1FB9E48DTRIAL_DEV_BOOKSCAPM_DB"
    },
    "isActive" : true,
    "isOptional" : false,
    "propertiesMetadata" : {
      "metadata" : { }
    },
    "parametersMetadata" : {
      "metadata" : { }
    },
    "requiredDependencies" : [ ],
    "processedAfter" : [ ]
  }, {
    "majorSchemaVersion" : 3,
    "name" : "bookscapm-destination-service",
    "type" : "org.cloudfoundry.managed-service",
    "properties" : { },
    "parameters" : {
      "generated-password" : "********",
      "service-name" : "bookscapm-destination-service",
      "service-plan" : "lite",
      "service" : "destination",
      "generated-user" : "********",
      "default-xsappname" : "bookscapm-destination-service",
      "type" : "managed-service",
      "config" : {
        "HTML5Runtime_enabled" : true,
        "init_data" : {
          "instance" : {
            "destinations" : [ {
              "Authentication" : "********",
              "Name" : "ui5",
              "ProxyType" : "Internet",
              "Type" : "HTTP",
              "URL" : "https://ui5.sap.com"
            }, {
              "Authentication" : "********",
              "HTML5.DynamicDestination" : true,
              "HTML5.ForwardAuthToken" : "********",
              "Name" : "srv-api",
              "ProxyType" : "Internet",
              "Type" : "HTTP",
              "URL" : "~{srv-api/srv-url}"
            } ],
            "existing_destinations_policy" : "update"
          }
        },
        "version" : "1.0.0"
      },
      "default-service-name" : "bookscapm-destination-service",
      "default-container-name" : "1FB9E48DTRIAL_DEV_BOOKSCAPM_DESTINATION_SERVICE"
    },
    "isActive" : true,
    "isOptional" : false,
    "propertiesMetadata" : {
      "metadata" : { }
    },
    "parametersMetadata" : {
      "metadata" : { }
    },
    "requiredDependencies" : [ {
      "majorSchemaVersion" : 3,
      "name" : "srv-api",
      "properties" : { },
      "parameters" : { },
      "propertiesMetadata" : {
        "metadata" : { }
      },
      "parametersMetadata" : {
        "metadata" : { }
      }
    } ],
    "processedAfter" : [ ]
  }, {
    "majorSchemaVersion" : 3,
    "name" : "bookscapm_html_repo_host",
    "type" : "org.cloudfoundry.managed-service",
    "properties" : { },
    "parameters" : {
      "generated-password" : "********",
      "service-name" : "bookscapm-html5-app-host-service",
      "service-plan" : "app-host",
      "service" : "html5-apps-repo",
      "generated-user" : "********",
      "default-xsappname" : "bookscapm_html_repo_host",
      "type" : "managed-service",
      "default-service-name" : "bookscapm_html_repo_host",
      "default-container-name" : "1FB9E48DTRIAL_DEV_BOOKSCAPM_HTML_REPO_HOST"
    },
    "isActive" : true,
    "isOptional" : false,
    "propertiesMetadata" : {
      "metadata" : { }
    },
    "parametersMetadata" : {
      "metadata" : { }
    },
    "requiredDependencies" : [ ],
    "processedAfter" : [ ]
  }, {
    "majorSchemaVersion" : 3,
    "name" : "uaa_bookscapm",
    "type" : "org.cloudfoundry.managed-service",
    "properties" : { },
    "parameters" : {
      "generated-password" : "********",
      "path" : "./xs-security.json",
      "service-name" : "bookscapm-xsuaa-service",
      "service-plan" : "application",
      "service" : "xsuaa",
      "generated-user" : "********",
      "default-xsappname" : "uaa_bookscapm",
      "type" : "managed-service",
      "default-service-name" : "uaa_bookscapm",
      "default-container-name" : "1FB9E48DTRIAL_DEV_UAA_BOOKSCAPM"
    },
    "isActive" : true,
    "isOptional" : false,
    "propertiesMetadata" : {
      "metadata" : { }
    },
    "parametersMetadata" : {
      "metadata" : { }
    },
    "requiredDependencies" : [ ],
    "processedAfter" : [ ]
  } ],
  "parameters" : {
    "deploy_mode" : "html5-repo",
    "mta-id" : "bookscapm",
    "authorization-url" : "********",
    "org-guid" : "8ca7719c-a1c5-4100-832b-9bfcd0e73c43",
    "org" : "1fb9e48dtrial",
    "deploy-target" : "1fb9e48dtrial dev",
    "enable-parallel-deployments" : true,
    "space" : "dev",
    "xs-api-url" : "https://api.cf.us10-001.hana.ondemand.com",
    "deploy-url" : "deploy-service.cfapps.us10-001.hana.ondemand.com",
    "xs-type" : "CF",
    "default-domain" : "cfapps.us10-001.hana.ondemand.com",
    "mta-version" : "1.0.0",
    "xs-auth-url" : "********",
    "space-guid" : "5d8a2d66-1cdf-4f95-ae67-ef9fb5cde8d1",
    "user" : "********",
    "controller-url" : "https://api.cf.us10-001.hana.ondemand.com",
    "timestamp" : "20260818114500"
  },
  "parametersMetadata" : {
    "metadata" : { }
  }
}#
#2026 08 18 11:45:01.440#Z#DEBUG#3e4f6cdc-9afa-11f1-818d-eeee0a9896c2.OPERATION#flowable-async-job-executor-thread-11269#
[XS2CollectSystemParametersStep] Version rule: SAME_HIGHER#
#2026 08 18 11:45:01.440#Z#INFO#3e4f6cdc-9afa-11f1-818d-eeee0a9896c2.OPERATION#flowable-async-job-executor-thread-11269#
[XS2CollectSystemParametersStep] Detected new MTA version: "1.0.0"#
#2026 08 18 11:45:01.453#Z#DEBUG#3e4f6cdc-9afa-11f1-818d-eeee0a9896c2.OPERATION#flowable-async-job-executor-thread-11269#
[XS2CollectSystemParametersStep] MTA accepted for deployment#
#2026 08 18 11:45:01.454#Z#DEBUG#3e4f6cdc-9afa-11f1-818d-eeee0a9896c2.OPERATION#flowable-async-job-executor-thread-11269#
[XS2CollectSystemParametersStep] System parameters collected#
#2026 08 18 11:45:01.454#Z#DEBUG#3e4f6cdc-9afa-11f1-818d-eeee0a9896c2.OPERATION#flowable-async-job-executor-thread-11269#
Step "Collect System Parameters" finished#
#2026 08 18 11:45:01.574#Z#DEBUG#3e4f6cdc-9afa-11f1-818d-eeee0a9896c2.OPERATION#flowable-async-job-executor-thread-11269#
[ProcessDescriptorStep] Executing task "processDescriptorTask" of process "3e4f6d02-9afa-11f1-818d-eeee0a9896c2"...#
#2026 08 18 11:45:01.578#Z#DEBUG#3e4f6cdc-9afa-11f1-818d-eeee0a9896c2.OPERATION#flowable-async-job-executor-thread-11269#
[ProcessDescriptorStep] Resolving properties and parameters in merged descriptor...#
#2026 08 18 11:45:01.593#Z#DEBUG#3e4f6cdc-9afa-11f1-818d-eeee0a9896c2.OPERATION#flowable-async-job-executor-thread-11269#
[ProcessDescriptorStep] Subscriptions: [ ]#
#2026 08 18 11:45:01.593#Z#DEBUG#3e4f6cdc-9afa-11f1-818d-eeee0a9896c2.OPERATION#flowable-async-job-executor-thread-11269#
[ProcessDescriptorStep] MTA modules: [bookscapm-srv, bookscapm-app-content, bookscapm-db-deployer, bookscapm-destination-content]#
#2026 08 18 11:45:01.595#Z#DEBUG#3e4f6cdc-9afa-11f1-818d-eeee0a9896c2.OPERATION#flowable-async-job-executor-thread-11269#
[ProcessDescriptorStep] Resolved deployment descriptor: {
  "majorSchemaVersion" : 3,
  "schemaVersion" : "3.3.0",
  "id" : "bookscapm",
  "version" : "1.0.0",
  "modules" : [ {
    "majorSchemaVersion" : 3,
    "name" : "bookscapm-srv",
    "type" : "javascript.nodejs",
    "path" : "bookscapm-srv",
    "properties" : { },
    "parameters" : {
      "default-url" : "https://1fb9e48dtrial-dev-bookscapm-srv.cfapps.us10-001.hana.ondemand.com",
      "default-app-name" : "bookscapm-srv",
      "generated-password" : "********",
      "default-live-url" : "https://1fb9e48dtrial-dev-bookscapm-srv.cfapps.us10-001.hana.ondemand.com",
      "default-uri" : "1fb9e48dtrial-dev-bookscapm-srv.cfapps.us10-001.hana.ondemand.com",
      "default-instances" : 1,
      "default-live-host" : "1fb9e48dtrial-dev-bookscapm-srv",
      "instances" : 1,
      "buildpack" : "nodejs_buildpack",
      "default-host" : "1fb9e48dtrial-dev-bookscapm-srv",
      "app-name" : "bookscapm-srv",
      "default-live-uri" : "1fb9e48dtrial-dev-bookscapm-srv.cfapps.us10-001.hana.ondemand.com",
      "protocol" : "https",
      "default-live-app-name" : "bookscapm-srv",
      "default-live-domain" : "cfapps.us10-001.hana.ondemand.com",
      "domain" : "cfapps.us10-001.hana.ondemand.com",
      "host" : "1fb9e48dtrial-dev-bookscapm-srv",
      "generated-user" : "********"
    },
    "requiredDependencies" : [ {
      "majorSchemaVersion" : 3,
      "name" : "bookscapm-db",
      "properties" : { },
      "parameters" : { },
      "propertiesMetadata" : {
        "metadata" : { }
      },
      "parametersMetadata" : {
        "metadata" : { }
      }
    }, {
      "majorSchemaVersion" : 3,
      "name" : "uaa_bookscapm",
      "properties" : { },
      "parameters" : { },
      "propertiesMetadata" : {
        "metadata" : { }
      },
      "parametersMetadata" : {
        "metadata" : { }
      }
    } ],
    "providedDependencies" : [ {
      "majorSchemaVersion" : 3,
      "name" : "srv-api",
      "isPublic" : false,
      "properties" : {
        "srv-url" : "https://1fb9e48dtrial-dev-bookscapm-srv.cfapps.us10-001.hana.ondemand.com"
      },
      "parameters" : { },
      "propertiesMetadata" : {
        "metadata" : { }
      },
      "parametersMetadata" : {
        "metadata" : { }
      }
    }, {
      "majorSchemaVersion" : 3,
      "name" : "bookscapm-srv",
      "isPublic" : false,
      "properties" : { },
      "parameters" : { },
      "propertiesMetadata" : {
        "metadata" : { }
      },
      "parametersMetadata" : {
        "metadata" : { }
      }
    } ],
    "propertiesMetadata" : {
      "metadata" : { }
    },
    "parametersMetadata" : {
      "metadata" : { }
    },
    "hooks" : [ ]
  }, {
    "majorSchemaVersion" : 3,
    "name" : "bookscapm-db-deployer",
    "type" : "com.sap.xs.hdi",
    "path" : "bookscapm-db-deployer",
    "properties" : {
      "EXIT" : 1
    },
    "parameters" : {
      "default-url" : "https://1fb9e48dtrial-dev-bookscapm-db-deployer.cfapps.us10-001.hana.ondemand.com",
      "default-app-name" : "bookscapm-db-deployer",
      "generated-password" : "********",
      "default-live-url" : "https://1fb9e48dtrial-dev-bookscapm-db-deployer.cfapps.us10-001.hana.ondemand.com",
      "default-uri" : "1fb9e48dtrial-dev-bookscapm-db-deployer.cfapps.us10-001.hana.ondemand.com",
      "memory" : "256M",
      "default-instances" : 1,
      "no-route" : true,
      "default-live-host" : "1fb9e48dtrial-dev-bookscapm-db-deployer",
      "instances" : 1,
      "buildpack" : "nodejs_buildpack",
      "default-host" : "1fb9e48dtrial-dev-bookscapm-db-deployer",
      "app-name" : "bookscapm-db-deployer",
      "default-live-uri" : "1fb9e48dtrial-dev-bookscapm-db-deployer.cfapps.us10-001.hana.ondemand.com",
      "protocol" : "https",
      "default-live-app-name" : "bookscapm-db-deployer",
      "default-live-domain" : "cfapps.us10-001.hana.ondemand.com",
      "dependency-type" : "hard",
      "domain" : "cfapps.us10-001.hana.ondemand.com",
      "host" : "1fb9e48dtrial-dev-bookscapm-db-deployer",
      "generated-user" : "********",
      "tasks" : [ {
        "command" : "npm start",
        "memory" : "256M",
        "name" : "deploy"
      } ],
      "no-start" : true
    },
    "requiredDependencies" : [ {
      "majorSchemaVersion" : 3,
      "name" : "bookscapm-db",
      "properties" : { },
      "parameters" : { },
      "propertiesMetadata" : {
        "metadata" : { }
      },
      "parametersMetadata" : {
        "metadata" : { }
      }
    } ],
    "providedDependencies" : [ {
      "majorSchemaVersion" : 3,
      "name" : "bookscapm-db-deployer",
      "isPublic" : false,
      "properties" : { },
      "parameters" : { },
      "propertiesMetadata" : {
        "metadata" : { }
      },
      "parametersMetadata" : {
        "metadata" : { }
      }
    } ],
    "propertiesMetadata" : {
      "metadata" : { }
    },
    "parametersMetadata" : {
      "metadata" : { }
    },
    "hooks" : [ ]
  }, {
    "majorSchemaVersion" : 3,
    "name" : "bookscapm-destination-content",
    "type" : "com.sap.application.content",
    "properties" : { },
    "parameters" : {
      "default-url" : "https://1fb9e48dtrial-dev-bookscapm-destination-content.cfapps.us10-001.hana.ondemand.com",
      "default-app-name" : "bookscapm-destination-content",
      "generated-password" : "********",
      "default-live-url" : "https://1fb9e48dtrial-dev-bookscapm-destination-content.cfapps.us10-001.hana.ondemand.com",
      "default-uri" : "1fb9e48dtrial-dev-bookscapm-destination-content.cfapps.us10-001.hana.ondemand.com",
      "default-instances" : 1,
      "default-live-host" : "1fb9e48dtrial-dev-bookscapm-destination-content",
      "instances" : 1,
      "default-host" : "1fb9e48dtrial-dev-bookscapm-destination-content",
      "content" : {
        "instance" : {
          "destinations" : [ {
            "Name" : "bookscapmapplicationrouter_bookscapm_html_repo_host",
            "ServiceInstanceName" : "bookscapm-html5-app-host-service",
            "ServiceKeyName" : "********",
            "sap.cloud.service" : "bookscapmapplicationrouter"
          }, {
            "Authentication" : "********",
            "Name" : "bookscapmapplicationrouter_uaa_bookscapm",
            "ServiceInstanceName" : "bookscapm-xsuaa-service",
            "ServiceKeyName" : "********",
            "sap.cloud.service" : "bookscapmapplicationrouter"
          } ],
          "existing_destinations_policy" : "ignore"
        }
      },
      "app-name" : "bookscapm-destination-content",
      "default-live-uri" : "1fb9e48dtrial-dev-bookscapm-destination-content.cfapps.us10-001.hana.ondemand.com",
      "protocol" : "https",
      "default-live-app-name" : "bookscapm-destination-content",
      "default-live-domain" : "cfapps.us10-001.hana.ondemand.com",
      "domain" : "cfapps.us10-001.hana.ondemand.com",
      "host" : "1fb9e48dtrial-dev-bookscapm-destination-content",
      "generated-user" : "********"
    },
    "requiredDependencies" : [ {
      "majorSchemaVersion" : 3,
      "name" : "bookscapm-destination-service",
      "properties" : { },
      "parameters" : {
        "content-target" : true
      },
      "propertiesMetadata" : {
        "metadata" : { }
      },
      "parametersMetadata" : {
        "metadata" : { }
      }
    }, {
      "majorSchemaVersion" : 3,
      "name" : "bookscapm_html_repo_host",
      "properties" : { },
      "parameters" : {
        "service-key" : "********"
      },
      "propertiesMetadata" : {
        "metadata" : { }
      },
      "parametersMetadata" : {
        "metadata" : { }
      }
    }, {
      "majorSchemaVersion" : 3,
      "name" : "uaa_bookscapm",
      "properties" : { },
      "parameters" : {
        "service-key" : "********"
      },
      "propertiesMetadata" : {
        "metadata" : { }
      },
      "parametersMetadata" : {
        "metadata" : { }
      }
    } ],
    "providedDependencies" : [ {
      "majorSchemaVersion" : 3,
      "name" : "bookscapm-destination-content",
      "isPublic" : false,
      "properties" : { },
      "parameters" : { },
      "propertiesMetadata" : {
        "metadata" : { }
      },
      "parametersMetadata" : {
        "metadata" : { }
      }
    } ],
    "propertiesMetadata" : {
      "metadata" : { }
    },
    "parametersMetadata" : {
      "metadata" : { }
    },
    "hooks" : [ ]
  }, {
    "majorSchemaVersion" : 3,
    "name" : "bookscapm-app-content",
    "type" : "com.sap.application.content",
    "path" : "bookscapm-app-content",
    "properties" : { },
    "parameters" : {
      "default-url" : "https://1fb9e48dtrial-dev-bookscapm-app-content.cfapps.us10-001.hana.ondemand.com",
      "default-app-name" : "bookscapm-app-content",
      "generated-password" : "********",
      "default-live-url" : "https://1fb9e48dtrial-dev-bookscapm-app-content.cfapps.us10-001.hana.ondemand.com",
      "default-uri" : "1fb9e48dtrial-dev-bookscapm-app-content.cfapps.us10-001.hana.ondemand.com",
      "default-instances" : 1,
      "default-live-host" : "1fb9e48dtrial-dev-bookscapm-app-content",
      "instances" : 1,
      "default-host" : "1fb9e48dtrial-dev-bookscapm-app-content",
      "app-name" : "bookscapm-app-content",
      "default-live-uri" : "1fb9e48dtrial-dev-bookscapm-app-content.cfapps.us10-001.hana.ondemand.com",
      "protocol" : "https",
      "default-live-app-name" : "bookscapm-app-content",
      "default-live-domain" : "cfapps.us10-001.hana.ondemand.com",
      "domain" : "cfapps.us10-001.hana.ondemand.com",
      "host" : "1fb9e48dtrial-dev-bookscapm-app-content",
      "generated-user" : "********"
    },
    "requiredDependencies" : [ {
      "majorSchemaVersion" : 3,
      "name" : "bookscapm_html_repo_host",
      "properties" : { },
      "parameters" : {
        "content-target" : true
      },
      "propertiesMetadata" : {
        "metadata" : { }
      },
      "parametersMetadata" : {
        "metadata" : { }
      }
    } ],
    "providedDependencies" : [ {
      "majorSchemaVersion" : 3,
      "name" : "bookscapm-app-content",
      "isPublic" : false,
      "properties" : { },
      "parameters" : { },
      "propertiesMetadata" : {
        "metadata" : { }
      },
      "parametersMetadata" : {
        "metadata" : { }
      }
    } ],
    "propertiesMetadata" : {
      "metadata" : { }
    },
    "parametersMetadata" : {
      "metadata" : { }
    },
    "hooks" : [ ]
  } ],
  "resources" : [ {
    "majorSchemaVersion" : 3,
    "name" : "bookscapm-db",
    "type" : "com.sap.xs.hdi-container",
    "properties" : { },
    "parameters" : {
      "generated-password" : "********",
      "service-name" : "bookscapm-db",
      "service-plan" : "hdi-shared",
      "service" : "hana",
      "generated-user" : "********",
      "default-xsappname" : "bookscapm-db",
      "type" : "managed-service",
      "default-service-name" : "bookscapm-db",
      "default-container-name" : "1FB9E48DTRIAL_DEV_BOOKSCAPM_DB"
    },
    "isActive" : true,
    "isOptional" : false,
    "propertiesMetadata" : {
      "metadata" : { }
    },
    "parametersMetadata" : {
      "metadata" : { }
    },
    "requiredDependencies" : [ ],
    "processedAfter" : [ ]
  }, {
    "majorSchemaVersion" : 3,
    "name" : "bookscapm-destination-service",
    "type" : "org.cloudfoundry.managed-service",
    "properties" : { },
    "parameters" : {
      "generated-password" : "********",
      "service-name" : "bookscapm-destination-service",
      "service-plan" : "lite",
      "service" : "destination",
      "generated-user" : "********",
      "default-xsappname" : "bookscapm-destination-service",
      "type" : "managed-service",
      "config" : {
        "HTML5Runtime_enabled" : true,
        "init_data" : {
          "instance" : {
            "destinations" : [ {
              "Authentication" : "********",
              "Name" : "ui5",
              "ProxyType" : "Internet",
              "Type" : "HTTP",
              "URL" : "https://ui5.sap.com"
            }, {
              "Authentication" : "********",
              "HTML5.DynamicDestination" : true,
              "HTML5.ForwardAuthToken" : "********",
              "Name" : "srv-api",
              "ProxyType" : "Internet",
              "Type" : "HTTP",
              "URL" : "https://1fb9e48dtrial-dev-bookscapm-srv.cfapps.us10-001.hana.ondemand.com"
            } ],
            "existing_destinations_policy" : "update"
          }
        },
        "version" : "1.0.0"
      },
      "default-service-name" : "bookscapm-destination-service",
      "default-container-name" : "1FB9E48DTRIAL_DEV_BOOKSCAPM_DESTINATION_SERVICE"
    },
    "isActive" : true,
    "isOptional" : false,
    "propertiesMetadata" : {
      "metadata" : { }
    },
    "parametersMetadata" : {
      "metadata" : { }
    },
    "requiredDependencies" : [ {
      "majorSchemaVersion" : 3,
      "name" : "srv-api",
      "properties" : { },
      "parameters" : { },
      "propertiesMetadata" : {
        "metadata" : { }
      },
      "parametersMetadata" : {
        "metadata" : { }
      }
    } ],
    "processedAfter" : [ ]
  }, {
    "majorSchemaVersion" : 3,
    "name" : "bookscapm_html_repo_host",
    "type" : "org.cloudfoundry.managed-service",
    "properties" : { },
    "parameters" : {
      "generated-password" : "********",
      "service-name" : "bookscapm-html5-app-host-service",
      "service-plan" : "app-host",
      "service" : "html5-apps-repo",
      "generated-user" : "********",
      "default-xsappname" : "bookscapm_html_repo_host",
      "type" : "managed-service",
      "default-service-name" : "bookscapm_html_repo_host",
      "default-container-name" : "1FB9E48DTRIAL_DEV_BOOKSCAPM_HTML_REPO_HOST"
    },
    "isActive" : true,
    "isOptional" : false,
    "propertiesMetadata" : {
      "metadata" : { }
    },
    "parametersMetadata" : {
      "metadata" : { }
    },
    "requiredDependencies" : [ ],
    "processedAfter" : [ ]
  }, {
    "majorSchemaVersion" : 3,
    "name" : "uaa_bookscapm",
    "type" : "org.cloudfoundry.managed-service",
    "properties" : { },
    "parameters" : {
      "generated-password" : "********",
      "path" : "./xs-security.json",
      "service-name" : "bookscapm-xsuaa-service",
      "service-plan" : "application",
      "service" : "xsuaa",
      "generated-user" : "********",
      "default-xsappname" : "uaa_bookscapm",
      "type" : "managed-service",
      "default-service-name" : "uaa_bookscapm",
      "default-container-name" : "1FB9E48DTRIAL_DEV_UAA_BOOKSCAPM"
    },
    "isActive" : true,
    "isOptional" : false,
    "propertiesMetadata" : {
      "metadata" : { }
    },
    "parametersMetadata" : {
      "metadata" : { }
    },
    "requiredDependencies" : [ ],
    "processedAfter" : [ ]
  } ],
  "parameters" : {
    "deploy_mode" : "html5-repo",
    "mta-id" : "bookscapm",
    "authorization-url" : "********",
    "org-guid" : "8ca7719c-a1c5-4100-832b-9bfcd0e73c43",
    "org" : "1fb9e48dtrial",
    "deploy-target" : "1fb9e48dtrial dev",
    "enable-parallel-deployments" : true,
    "region-primary-domain" : "us10.hana.ondemand.com",
    "space" : "dev",
    "region-domain" : "us10-001.hana.ondemand.com",
    "xs-api-url" : "https://api.cf.us10-001.hana.ondemand.com",
    "deploy-url" : "deploy-service.cfapps.us10-001.hana.ondemand.com",
    "xs-type" : "CF",
    "default-domain" : "cfapps.us10-001.hana.ondemand.com",
    "mta-version" : "1.0.0",
    "xs-auth-url" : "********",
    "space-guid" : "5d8a2d66-1cdf-4f95-ae67-ef9fb5cde8d1",
    "user" : "********",
    "controller-url" : "https://api.cf.us10-001.hana.ondemand.com",
    "timestamp" : "20260818114500"
  },
  "parametersMetadata" : {
    "metadata" : { }
  }
}#
#2026 08 18 11:45:01.595#Z#DEBUG#3e4f6cdc-9afa-11f1-818d-eeee0a9896c2.OPERATION#flowable-async-job-executor-thread-11269#
[ProcessDescriptorStep] Merged descriptor properties and parameters resolved#
#2026 08 18 11:45:01.595#Z#DEBUG#3e4f6cdc-9afa-11f1-818d-eeee0a9896c2.OPERATION#flowable-async-job-executor-thread-11269#
Step "Process Descriptor Step" finished#
#2026 08 18 11:45:01.707#Z#DEBUG#3e4f6cdc-9afa-11f1-818d-eeee0a9896c2.OPERATION#flowable-async-job-executor-thread-11265#
[XS2BuildCloudDeployModelStep] Executing task "buildDeployModelTask" of process "3e4f6d02-9afa-11f1-818d-eeee0a9896c2"...#
#2026 08 18 11:45:01.712#Z#DEBUG#3e4f6cdc-9afa-11f1-818d-eeee0a9896c2.OPERATION#flowable-async-job-executor-thread-11265#
[XS2BuildCloudDeployModelStep] Service keys defined for content deployment grouped by service name: {
  "uaa_bookscapm" : [ {
    "name" : "********",
    "v3Metadata" : {
      "annotations" : {
        "mta_id" : "bookscapm",
        "mta_version" : "1.0.0"
      },
      "labels" : {
        "mta_id" : "ae3834d4d96122b7278fff014e221e64",
        "space_guid" : "5d8a2d66-1cdf-4f95-ae67-ef9fb5cde8d1"
      }
    },
    "credentials" : "********",
    "moduleName" : "bookscapm-destination-content",
    "resourceName" : "uaa_bookscapm",
    "serviceInstance" : {
      "isOptional" : false,
      "isManaged" : false,
      "name" : "bookscapm-xsuaa-service",
      "credentials" : "********",
      "tags" : [ ],
      "shouldSkipParametersUpdate" : false,
      "shouldSkipPlanUpdate" : false,
      "shouldSkipTagsUpdate" : false,
      "shouldSkipSyslogUrlUpdate" : false
    },
    "shouldDeleteServiceKeyAfterDeploy" : "********",
    "resourceType" : "org.cloudfoundry.managed-service"
  } ],
  "bookscapm-destination-service" : [ {
    "name" : "********",
    "v3Metadata" : {
      "annotations" : {
        "mta_id" : "bookscapm",
        "mta_version" : "1.0.0"
      },
      "labels" : {
        "mta_id" : "ae3834d4d96122b7278fff014e221e64",
        "space_guid" : "5d8a2d66-1cdf-4f95-ae67-ef9fb5cde8d1"
      }
    },
    "credentials" : "********",
    "moduleName" : "bookscapm-destination-content",
    "resourceName" : "bookscapm-destination-service",
    "serviceInstance" : {
      "isOptional" : false,
      "isManaged" : false,
      "name" : "bookscapm-destination-service",
      "credentials" : "********",
      "tags" : [ ],
      "shouldSkipParametersUpdate" : false,
      "shouldSkipPlanUpdate" : false,
      "shouldSkipTagsUpdate" : false,
      "shouldSkipSyslogUrlUpdate" : false
    },
    "shouldDeleteServiceKeyAfterDeploy" : "********",
    "resourceType" : "org.cloudfoundry.managed-service"
  } ],
  "bookscapm_html_repo_host" : [ {
    "name" : "********",
    "v3Metadata" : {
      "annotations" : {
        "mta_id" : "bookscapm",
        "mta_version" : "1.0.0"
      },
      "labels" : {
        "mta_id" : "ae3834d4d96122b7278fff014e221e64",
        "space_guid" : "5d8a2d66-1cdf-4f95-ae67-ef9fb5cde8d1"
      }
    },
    "credentials" : "********",
    "moduleName" : "bookscapm-destination-content",
    "resourceName" : "bookscapm_html_repo_host",
    "serviceInstance" : {
      "isOptional" : false,
      "isManaged" : false,
      "name" : "bookscapm-html5-app-host-service",
      "credentials" : "********",
      "tags" : [ ],
      "shouldSkipParametersUpdate" : false,
      "shouldSkipPlanUpdate" : false,
      "shouldSkipTagsUpdate" : false,
      "shouldSkipSyslogUrlUpdate" : false
    },
    "shouldDeleteServiceKeyAfterDeploy" : "********",
    "resourceType" : "org.cloudfoundry.managed-service"
  }, {
    "name" : "********",
    "v3Metadata" : {
      "annotations" : {
        "mta_id" : "bookscapm",
        "mta_version" : "1.0.0"
      },
      "labels" : {
        "mta_id" : "ae3834d4d96122b7278fff014e221e64",
        "space_guid" : "5d8a2d66-1cdf-4f95-ae67-ef9fb5cde8d1"
      }
    },
    "credentials" : "********",
    "moduleName" : "bookscapm-app-content",
    "resourceName" : "bookscapm_html_repo_host",
    "serviceInstance" : {
      "isOptional" : false,
      "isManaged" : false,
      "name" : "bookscapm-html5-app-host-service",
      "credentials" : "********",
      "tags" : [ ],
      "shouldSkipParametersUpdate" : false,
      "shouldSkipPlanUpdate" : false,
      "shouldSkipTagsUpdate" : false,
      "shouldSkipSyslogUrlUpdate" : false
    },
    "shouldDeleteServiceKeyAfterDeploy" : "********",
    "resourceType" : "org.cloudfoundry.managed-service"
  } ]
}#
#2026 08 18 11:45:01.712#Z#DEBUG#3e4f6cdc-9afa-11f1-818d-eeee0a9896c2.OPERATION#flowable-async-job-executor-thread-11265#
[XS2BuildCloudDeployModelStep] Building cloud deployment model...#
#2026 08 18 11:45:01.714#Z#DEBUG#3e4f6cdc-9afa-11f1-818d-eeee0a9896c2.OPERATION#flowable-async-job-executor-thread-11265#
[XS2BuildCloudDeployModelStep] MTA archive modules: [bookscapm-srv, bookscapm-app-content, bookscapm-db-deployer]#
#2026 08 18 11:45:01.714#Z#DEBUG#3e4f6cdc-9afa-11f1-818d-eeee0a9896c2.OPERATION#flowable-async-job-executor-thread-11265#
[XS2BuildCloudDeployModelStep] Deployed modules: []#
#2026 08 18 11:45:01.715#Z#DEBUG#3e4f6cdc-9afa-11f1-818d-eeee0a9896c2.OPERATION#flowable-async-job-executor-thread-11265#
[XS2BuildCloudDeployModelStep] MTA modules: [bookscapm-srv, bookscapm-app-content, bookscapm-db-deployer, bookscapm-destination-content]#
#2026 08 18 11:45:01.715#Z#DEBUG#3e4f6cdc-9afa-11f1-818d-eeee0a9896c2.OPERATION#flowable-async-job-executor-thread-11265#
[XS2BuildCloudDeployModelStep] Service keys to create: {
  "bookscapm-destination-service" : [ ],
  "uaa_bookscapm" : [ ],
  "bookscapm_html_repo_host" : [ ],
  "bookscapm-db" : [ ]
}#
#2026 08 18 11:45:01.716#Z#DEBUG#3e4f6cdc-9afa-11f1-818d-eeee0a9896c2.OPERATION#flowable-async-job-executor-thread-11265#
[XS2BuildCloudDeployModelStep] Modules to deploy: [{
  "majorSchemaVersion" : 3,
  "name" : "bookscapm-srv",
  "type" : "javascript.nodejs",
  "path" : "bookscapm-srv",
  "properties" : { },
  "parameters" : {
    "default-url" : "https://1fb9e48dtrial-dev-bookscapm-srv.cfapps.us10-001.hana.ondemand.com",
    "default-app-name" : "bookscapm-srv",
    "generated-password" : "********",
    "default-live-url" : "https://1fb9e48dtrial-dev-bookscapm-srv.cfapps.us10-001.hana.ondemand.com",
    "default-uri" : "1fb9e48dtrial-dev-bookscapm-srv.cfapps.us10-001.hana.ondemand.com",
    "default-instances" : 1,
    "default-live-host" : "1fb9e48dtrial-dev-bookscapm-srv",
    "instances" : 1,
    "buildpack" : "nodejs_buildpack",
    "default-host" : "1fb9e48dtrial-dev-bookscapm-srv",
    "app-name" : "bookscapm-srv",
    "default-live-uri" : "1fb9e48dtrial-dev-bookscapm-srv.cfapps.us10-001.hana.ondemand.com",
    "protocol" : "https",
    "default-live-app-name" : "bookscapm-srv",
    "default-live-domain" : "cfapps.us10-001.hana.ondemand.com",
    "dependency-type" : "soft",
    "domain" : "cfapps.us10-001.hana.ondemand.com",
    "host" : "1fb9e48dtrial-dev-bookscapm-srv",
    "generated-user" : "********"
  },
  "requiredDependencies" : [ {
    "majorSchemaVersion" : 3,
    "name" : "bookscapm-db",
    "properties" : { },
    "parameters" : { },
    "propertiesMetadata" : {
      "metadata" : { }
    },
    "parametersMetadata" : {
      "metadata" : { }
    }
  }, {
    "majorSchemaVersion" : 3,
    "name" : "uaa_bookscapm",
    "properties" : { },
    "parameters" : { },
    "propertiesMetadata" : {
      "metadata" : { }
    },
    "parametersMetadata" : {
      "metadata" : { }
    }
  } ],
  "providedDependencies" : [ {
    "majorSchemaVersion" : 3,
    "name" : "srv-api",
    "isPublic" : false,
    "properties" : {
      "srv-url" : "https://1fb9e48dtrial-dev-bookscapm-srv.cfapps.us10-001.hana.ondemand.com"
    },
    "parameters" : { },
    "propertiesMetadata" : {
      "metadata" : { }
    },
    "parametersMetadata" : {
      "metadata" : { }
    }
  }, {
    "majorSchemaVersion" : 3,
    "name" : "bookscapm-srv",
    "isPublic" : false,
    "properties" : { },
    "parameters" : { },
    "propertiesMetadata" : {
      "metadata" : { }
    },
    "parametersMetadata" : {
      "metadata" : { }
    }
  } ],
  "propertiesMetadata" : {
    "metadata" : { }
  },
  "parametersMetadata" : {
    "metadata" : { }
  },
  "deployedAfter" : [ ],
  "hooks" : [ ]
}, {
  "majorSchemaVersion" : 3,
  "name" : "bookscapm-db-deployer",
  "type" : "com.sap.xs.hdi",
  "path" : "bookscapm-db-deployer",
  "properties" : {
    "EXIT" : 1
  },
  "parameters" : {
    "default-url" : "https://1fb9e48dtrial-dev-bookscapm-db-deployer.cfapps.us10-001.hana.ondemand.com",
    "default-app-name" : "bookscapm-db-deployer",
    "generated-password" : "********",
    "default-live-url" : "https://1fb9e48dtrial-dev-bookscapm-db-deployer.cfapps.us10-001.hana.ondemand.com",
    "default-uri" : "1fb9e48dtrial-dev-bookscapm-db-deployer.cfapps.us10-001.hana.ondemand.com",
    "memory" : "256M",
    "default-instances" : 1,
    "no-route" : true,
    "default-live-host" : "1fb9e48dtrial-dev-bookscapm-db-deployer",
    "instances" : 1,
    "buildpack" : "nodejs_buildpack",
    "default-host" : "1fb9e48dtrial-dev-bookscapm-db-deployer",
    "app-name" : "bookscapm-db-deployer",
    "default-live-uri" : "1fb9e48dtrial-dev-bookscapm-db-deployer.cfapps.us10-001.hana.ondemand.com",
    "protocol" : "https",
    "default-live-app-name" : "bookscapm-db-deployer",
    "default-live-domain" : "cfapps.us10-001.hana.ondemand.com",
    "dependency-type" : "hard",
    "domain" : "cfapps.us10-001.hana.ondemand.com",
    "host" : "1fb9e48dtrial-dev-bookscapm-db-deployer",
    "generated-user" : "********",
    "tasks" : [ {
      "command" : "npm start",
      "memory" : "256M",
      "name" : "deploy"
    } ],
    "no-start" : true
  },
  "requiredDependencies" : [ {
    "majorSchemaVersion" : 3,
    "name" : "bookscapm-db",
    "properties" : { },
    "parameters" : { },
    "propertiesMetadata" : {
      "metadata" : { }
    },
    "parametersMetadata" : {
      "metadata" : { }
    }
  } ],
  "providedDependencies" : [ {
    "majorSchemaVersion" : 3,
    "name" : "bookscapm-db-deployer",
    "isPublic" : false,
    "properties" : { },
    "parameters" : { },
    "propertiesMetadata" : {
      "metadata" : { }
    },
    "parametersMetadata" : {
      "metadata" : { }
    }
  } ],
  "propertiesMetadata" : {
    "metadata" : { }
  },
  "parametersMetadata" : {
    "metadata" : { }
  },
  "deployedAfter" : [ ],
  "hooks" : [ ]
}, {
  "majorSchemaVersion" : 3,
  "name" : "bookscapm-destination-content",
  "type" : "com.sap.application.content",
  "properties" : { },
  "parameters" : {
    "default-url" : "https://1fb9e48dtrial-dev-bookscapm-destination-content.cfapps.us10-001.hana.ondemand.com",
    "default-app-name" : "bookscapm-destination-content",
    "generated-password" : "********",
    "default-live-url" : "https://1fb9e48dtrial-dev-bookscapm-destination-content.cfapps.us10-001.hana.ondemand.com",
    "default-uri" : "1fb9e48dtrial-dev-bookscapm-destination-content.cfapps.us10-001.hana.ondemand.com",
    "default-instances" : 1,
    "default-live-host" : "1fb9e48dtrial-dev-bookscapm-destination-content",
    "instances" : 1,
    "default-host" : "1fb9e48dtrial-dev-bookscapm-destination-content",
    "content" : {
      "instance" : {
        "destinations" : [ {
          "Name" : "bookscapmapplicationrouter_bookscapm_html_repo_host",
          "ServiceInstanceName" : "bookscapm-html5-app-host-service",
          "ServiceKeyName" : "********",
          "sap.cloud.service" : "bookscapmapplicationrouter"
        }, {
          "Authentication" : "********",
          "Name" : "bookscapmapplicationrouter_uaa_bookscapm",
          "ServiceInstanceName" : "bookscapm-xsuaa-service",
          "ServiceKeyName" : "********",
          "sap.cloud.service" : "bookscapmapplicationrouter"
        } ],
        "existing_destinations_policy" : "ignore"
      }
    },
    "app-name" : "bookscapm-destination-content",
    "default-live-uri" : "1fb9e48dtrial-dev-bookscapm-destination-content.cfapps.us10-001.hana.ondemand.com",
    "protocol" : "https",
    "default-live-app-name" : "bookscapm-destination-content",
    "default-live-domain" : "cfapps.us10-001.hana.ondemand.com",
    "dependency-type" : "soft",
    "domain" : "cfapps.us10-001.hana.ondemand.com",
    "host" : "1fb9e48dtrial-dev-bookscapm-destination-content",
    "generated-user" : "********"
  },
  "requiredDependencies" : [ {
    "majorSchemaVersion" : 3,
    "name" : "bookscapm-destination-service",
    "properties" : { },
    "parameters" : {
      "content-target" : true
    },
    "propertiesMetadata" : {
      "metadata" : { }
    },
    "parametersMetadata" : {
      "metadata" : { }
    }
  }, {
    "majorSchemaVersion" : 3,
    "name" : "bookscapm_html_repo_host",
    "properties" : { },
    "parameters" : {
      "service-key" : "********"
    },
    "propertiesMetadata" : {
      "metadata" : { }
    },
    "parametersMetadata" : {
      "metadata" : { }
    }
  }, {
    "majorSchemaVersion" : 3,
    "name" : "uaa_bookscapm",
    "properties" : { },
    "parameters" : {
      "service-key" : "********"
    },
    "propertiesMetadata" : {
      "metadata" : { }
    },
    "parametersMetadata" : {
      "metadata" : { }
    }
  } ],
  "providedDependencies" : [ {
    "majorSchemaVersion" : 3,
    "name" : "bookscapm-destination-content",
    "isPublic" : false,
    "properties" : { },
    "parameters" : { },
    "propertiesMetadata" : {
      "metadata" : { }
    },
    "parametersMetadata" : {
      "metadata" : { }
    }
  } ],
  "propertiesMetadata" : {
    "metadata" : { }
  },
  "parametersMetadata" : {
    "metadata" : { }
  },
  "deployedAfter" : [ ],
  "hooks" : [ ]
}, {
  "majorSchemaVersion" : 3,
  "name" : "bookscapm-app-content",
  "type" : "com.sap.application.content",
  "path" : "bookscapm-app-content",
  "properties" : { },
  "parameters" : {
    "default-url" : "https://1fb9e48dtrial-dev-bookscapm-app-content.cfapps.us10-001.hana.ondemand.com",
    "default-app-name" : "bookscapm-app-content",
    "generated-password" : "********",
    "default-live-url" : "https://1fb9e48dtrial-dev-bookscapm-app-content.cfapps.us10-001.hana.ondemand.com",
    "default-uri" : "1fb9e48dtrial-dev-bookscapm-app-content.cfapps.us10-001.hana.ondemand.com",
    "default-instances" : 1,
    "default-live-host" : "1fb9e48dtrial-dev-bookscapm-app-content",
    "instances" : 1,
    "default-host" : "1fb9e48dtrial-dev-bookscapm-app-content",
    "app-name" : "bookscapm-app-content",
    "default-live-uri" : "1fb9e48dtrial-dev-bookscapm-app-content.cfapps.us10-001.hana.ondemand.com",
    "protocol" : "https",
    "default-live-app-name" : "bookscapm-app-content",
    "default-live-domain" : "cfapps.us10-001.hana.ondemand.com",
    "dependency-type" : "soft",
    "domain" : "cfapps.us10-001.hana.ondemand.com",
    "host" : "1fb9e48dtrial-dev-bookscapm-app-content",
    "generated-user" : "********"
  },
  "requiredDependencies" : [ {
    "majorSchemaVersion" : 3,
    "name" : "bookscapm_html_repo_host",
    "properties" : { },
    "parameters" : {
      "content-target" : true
    },
    "propertiesMetadata" : {
      "metadata" : { }
    },
    "parametersMetadata" : {
      "metadata" : { }
    }
  } ],
  "providedDependencies" : [ {
    "majorSchemaVersion" : 3,
    "name" : "bookscapm-app-content",
    "isPublic" : false,
    "properties" : { },
    "parameters" : { },
    "propertiesMetadata" : {
      "metadata" : { }
    },
    "parametersMetadata" : {
      "metadata" : { }
    }
  } ],
  "propertiesMetadata" : {
    "metadata" : { }
  },
  "parametersMetadata" : {
    "metadata" : { }
  },
  "deployedAfter" : [ ],
  "hooks" : [ ]
}]#
#2026 08 18 11:45:01.716#Z#DEBUG#3e4f6cdc-9afa-11f1-818d-eeee0a9896c2.OPERATION#flowable-async-job-executor-thread-11265#
[XS2BuildCloudDeployModelStep] Custom domains: []#
#2026 08 18 11:45:01.719#Z#DEBUG#3e4f6cdc-9afa-11f1-818d-eeee0a9896c2.OPERATION#flowable-async-job-executor-thread-11265#
[XS2BuildCloudDeployModelStep] Calculating resource batches...#
#2026 08 18 11:45:01.719#Z#DEBUG#3e4f6cdc-9afa-11f1-818d-eeee0a9896c2.OPERATION#flowable-async-job-executor-thread-11265#
[XS2BuildCloudDeployModelStep] Calculating resource batches completed.#
#2026 08 18 11:45:01.719#Z#DEBUG#3e4f6cdc-9afa-11f1-818d-eeee0a9896c2.OPERATION#flowable-async-job-executor-thread-11265#
[XS2BuildCloudDeployModelStep] Cloud deployment model built#
#2026 08 18 11:45:01.719#Z#DEBUG#3e4f6cdc-9afa-11f1-818d-eeee0a9896c2.OPERATION#flowable-async-job-executor-thread-11265#
Step "Build Deploy Model" finished#
#2026 08 18 11:45:01.890#Z#DEBUG#3e4f6cdc-9afa-11f1-818d-eeee0a9896c2.OPERATION#flowable-async-job-executor-thread-11265#
[BuildCloudUndeployModelStep] Executing task "buildUndeployModelTask" of process "3e4f6d02-9afa-11f1-818d-eeee0a9896c2"...#
#2026 08 18 11:45:01.892#Z#DEBUG#3e4f6cdc-9afa-11f1-818d-eeee0a9896c2.OPERATION#flowable-async-job-executor-thread-11265#
[BuildCloudUndeployModelStep] Building cloud undeployment model...#
#2026 08 18 11:45:01.897#Z#DEBUG#3e4f6cdc-9afa-11f1-818d-eeee0a9896c2.OPERATION#flowable-async-job-executor-thread-11265#
[BuildCloudUndeployModelStep] Detecting service keys to delete.#
#2026 08 18 11:45:01.906#Z#DEBUG#3e4f6cdc-9afa-11f1-818d-eeee0a9896c2.OPERATION#flowable-async-job-executor-thread-11265#
[BuildCloudUndeployModelStep] No deployed service keys detected!#
#2026 08 18 11:45:01.906#Z#DEBUG#3e4f6cdc-9afa-11f1-818d-eeee0a9896c2.OPERATION#flowable-async-job-executor-thread-11265#
[BuildCloudUndeployModelStep] Detected service keys to delete "[]"#
#2026 08 18 11:45:01.932#Z#DEBUG#3e4f6cdc-9afa-11f1-818d-eeee0a9896c2.OPERATION#flowable-async-job-executor-thread-11265#
Step "Build Undeploy Model" finished#
#2026 08 18 11:45:02.096#Z#DEBUG#3e4f6cdc-9afa-11f1-818d-eeee0a9896c2.OPERATION#flowable-async-job-executor-thread-11266#
[AddDomainsStep] Executing task "addDomainsTask" of process "3e4f6d02-9afa-11f1-818d-eeee0a9896c2"...#
#2026 08 18 11:45:02.109#Z#DEBUG#3e4f6cdc-9afa-11f1-818d-eeee0a9896c2.OPERATION#flowable-async-job-executor-thread-11266#
[AddDomainsStep] Custom domains: []#
#2026 08 18 11:45:02.109#Z#DEBUG#3e4f6cdc-9afa-11f1-818d-eeee0a9896c2.OPERATION#flowable-async-job-executor-thread-11266#
Step "Add Domains" finished#
#2026 08 18 11:45:02.560#Z#DEBUG#3e4f6cdc-9afa-11f1-818d-eeee0a9896c2.OPERATION#flowable-async-job-executor-thread-11270#
[ExtractBatchedServicesWithResolvedDynamicParametersStep] Executing task "prepareModulesDeploymentTask" of process "3f87ed42-9afa-11f1-818d-eeee0a9896c2"...#
#2026 08 18 11:45:02.577#Z#DEBUG#3e4f6cdc-9afa-11f1-818d-eeee0a9896c2.OPERATION#flowable-async-job-executor-thread-11270#
[ExtractBatchedServicesWithResolvedDynamicParametersStep] Extracting services and resolving dynamic parameters from batch#
#2026 08 18 11:45:02.580#Z#DEBUG#3e4f6cdc-9afa-11f1-818d-eeee0a9896c2.OPERATION#flowable-async-job-executor-thread-11270#
[ExtractBatchedServicesWithResolvedDynamicParametersStep] Services to create: [ {
  "isOptional" : false,
  "isManaged" : true,
  "name" : "bookscapm-db",
  "v3Metadata" : {
    "annotations" : {
      "mta_id" : "bookscapm",
      "mta_version" : "1.0.0",
      "mta_resource" : "{\"name\":\"bookscapm-db\"}"
    },
    "labels" : {
      "mta_id" : "ae3834d4d96122b7278fff014e221e64"
    }
  },
  "label" : "hana",
  "plan" : "hdi-shared",
  "credentials" : "********",
  "tags" : [ ],
  "type" : "managed",
  "resourceName" : "bookscapm-db",
  "shouldSkipParametersUpdate" : false,
  "shouldSkipPlanUpdate" : false,
  "shouldSkipTagsUpdate" : false,
  "shouldSkipSyslogUrlUpdate" : false
}, {
  "isOptional" : false,
  "isManaged" : true,
  "name" : "bookscapm-destination-service",
  "v3Metadata" : {
    "annotations" : {
      "mta_id" : "bookscapm",
      "mta_version" : "1.0.0",
      "mta_resource" : "{\"name\":\"bookscapm-destination-service\"}"
    },
    "labels" : {
      "mta_id" : "ae3834d4d96122b7278fff014e221e64"
    }
  },
  "label" : "destination",
  "plan" : "lite",
  "credentials" : "********",
  "tags" : [ ],
  "type" : "managed",
  "resourceName" : "bookscapm-destination-service",
  "shouldSkipParametersUpdate" : false,
  "shouldSkipPlanUpdate" : false,
  "shouldSkipTagsUpdate" : false,
  "shouldSkipSyslogUrlUpdate" : false
}, {
  "isOptional" : false,
  "isManaged" : true,
  "name" : "bookscapm-html5-app-host-service",
  "v3Metadata" : {
    "annotations" : {
      "mta_id" : "bookscapm",
      "mta_version" : "1.0.0",
      "mta_resource" : "{\"name\":\"bookscapm_html_repo_host\"}"
    },
    "labels" : {
      "mta_id" : "ae3834d4d96122b7278fff014e221e64"
    }
  },
  "label" : "html5-apps-repo",
  "plan" : "app-host",
  "credentials" : "********",
  "tags" : [ ],
  "type" : "managed",
  "resourceName" : "bookscapm_html_repo_host",
  "shouldSkipParametersUpdate" : false,
  "shouldSkipPlanUpdate" : false,
  "shouldSkipTagsUpdate" : false,
  "shouldSkipSyslogUrlUpdate" : false
}, {
  "isOptional" : false,
  "isManaged" : true,
  "name" : "bookscapm-xsuaa-service",
  "v3Metadata" : {
    "annotations" : {
      "mta_id" : "bookscapm",
      "mta_version" : "1.0.0",
      "mta_resource" : "{\"name\":\"uaa_bookscapm\"}"
    },
    "labels" : {
      "mta_id" : "ae3834d4d96122b7278fff014e221e64"
    }
  },
  "label" : "xsuaa",
  "plan" : "application",
  "credentials" : "********",
  "tags" : [ ],
  "type" : "managed",
  "resourceName" : "uaa_bookscapm",
  "shouldSkipParametersUpdate" : false,
  "shouldSkipPlanUpdate" : false,
  "shouldSkipTagsUpdate" : false,
  "shouldSkipSyslogUrlUpdate" : false
} ]#
#2026 08 18 11:45:02.583#Z#DEBUG#3e4f6cdc-9afa-11f1-818d-eeee0a9896c2.OPERATION#flowable-async-job-executor-thread-11270#
Step "Extract Services with Resolved Dynamic parameters from batch" finished#
#2026 08 18 11:45:02.881#Z#DEBUG#3e4f6cdc-9afa-11f1-818d-eeee0a9896c2.OPERATION#flowable-async-job-executor-thread-11270#
[CheckServiceOperationStateStep] Executing task "CheckServiceOperationStateTask" of process "3fc25d7a-9afa-11f1-818d-eeee0a9896c2"...#
#2026 08 18 11:45:02.889#Z#DEBUG#3e4f6cdc-9afa-11f1-818d-eeee0a9896c2.OPERATION#flowable-async-job-executor-thread-11270#
[CheckServiceOperationStateStep] Getting service instance "bookscapm-destination-service"...#
#2026 08 18 11:45:02.945#Z#DEBUG#3e4f6cdc-9afa-11f1-818d-eeee0a9896c2.OPERATION#flowable-async-job-executor-thread-11270#
Step "Check for service operations in Progress" finished#
#2026 08 18 11:45:03.086#Z#DEBUG#3e4f6cdc-9afa-11f1-818d-eeee0a9896c2.OPERATION#flowable-async-job-executor-thread-11266#
[DetermineServiceCreateUpdateServiceActionsStep] Executing task "DetermineServiceCreateUpdateActionsTask" of process "3fc25d7a-9afa-11f1-818d-eeee0a9896c2"...#
#2026 08 18 11:45:03.089#Z#INFO#3e4f6cdc-9afa-11f1-818d-eeee0a9896c2.OPERATION#flowable-async-job-executor-thread-11266#
[DetermineServiceCreateUpdateServiceActionsStep] Processing service "bookscapm-destination-service"...#
#2026 08 18 11:45:03.095#Z#DEBUG#3e4f6cdc-9afa-11f1-818d-eeee0a9896c2.OPERATION#flowable-async-job-executor-thread-11266#
[DetermineServiceCreateUpdateServiceActionsStep] Getting service instance "bookscapm-destination-service"...#
#2026 08 18 11:45:03.129#Z#DEBUG#3e4f6cdc-9afa-11f1-818d-eeee0a9896c2.OPERATION#flowable-async-job-executor-thread-11266#
[DetermineServiceCreateUpdateServiceActionsStep] Service should be created#
#2026 08 18 11:45:03.140#Z#DEBUG#3e4f6cdc-9afa-11f1-818d-eeee0a9896c2.OPERATION#flowable-async-job-executor-thread-11266#
Step "Determine update actions" finished#
#2026 08 18 11:45:03.355#Z#DEBUG#3e4f6cdc-9afa-11f1-818d-eeee0a9896c2.OPERATION#flowable-async-job-executor-thread-11269#
[CreateServiceStep] Executing task "CreateServiceTask" of process "3fc25d7a-9afa-11f1-818d-eeee0a9896c2"...#
#2026 08 18 11:45:03.390#Z#INFO#3e4f6cdc-9afa-11f1-818d-eeee0a9896c2.OPERATION#flowable-async-job-executor-thread-11269#
[CreateServiceStep] Creating service "bookscapm-destination-service" from MTA resource "bookscapm-destination-service"...#
#2026 08 18 11:45:03.397#Z#DEBUG#3e4f6cdc-9afa-11f1-818d-eeee0a9896c2.OPERATION#flowable-async-job-executor-thread-11269#
[CreateServiceStep] Creating service instance: {
  "isOptional" : false,
  "isManaged" : true,
  "name" : "bookscapm-destination-service",
  "v3Metadata" : {
    "annotations" : {
      "mta_id" : "bookscapm",
      "mta_version" : "1.0.0",
      "mta_resource" : "{\"name\":\"bookscapm-destination-service\"}"
    },
    "labels" : {
      "mta_id" : "ae3834d4d96122b7278fff014e221e64"
    }
  },
  "label" : "destination",
  "plan" : "lite",
  "credentials" : "********",
  "tags" : [ ],
  "type" : "managed",
  "resourceName" : "bookscapm-destination-service",
  "shouldSkipParametersUpdate" : false,
  "shouldSkipPlanUpdate" : false,
  "shouldSkipTagsUpdate" : false,
  "shouldSkipSyslogUrlUpdate" : false
}#
#2026 08 18 11:45:03.619#Z#DEBUG#3e4f6cdc-9afa-11f1-818d-eeee0a9896c2.OPERATION#flowable-async-job-executor-thread-11269#
[CreateServiceStep] Service "bookscapm-destination-service" created#
#2026 08 18 11:45:03.619#Z#DEBUG#3e4f6cdc-9afa-11f1-818d-eeee0a9896c2.OPERATION#flowable-async-job-executor-thread-11269#
[CreateServiceStep] Triggered service operations: {
  "bookscapm-destination-service" : "CREATE"
}#
#2026 08 18 11:45:03.621#Z#DEBUG#3e4f6cdc-9afa-11f1-818d-eeee0a9896c2.OPERATION#flowable-async-job-executor-thread-11269#
Step "Create" finished#
#2026 08 18 11:45:05.145#Z#DEBUG#3e4f6cdc-9afa-11f1-818d-eeee0a9896c2.OPERATION#flowable-async-job-executor-thread-11264#
[CheckServiceOperationStateStep] Executing task "CheckServiceOperationStateTask" of process "410cdf30-9afa-11f1-818d-eeee0a9896c2"...#
#2026 08 18 11:45:05.158#Z#DEBUG#3e4f6cdc-9afa-11f1-818d-eeee0a9896c2.OPERATION#flowable-async-job-executor-thread-11264#
[CheckServiceOperationStateStep] Getting service instance "bookscapm-db"...#
#2026 08 18 11:45:05.188#Z#DEBUG#3e4f6cdc-9afa-11f1-818d-eeee0a9896c2.OPERATION#flowable-async-job-executor-thread-11264#
Step "Check for service operations in Progress" finished#
#2026 08 18 11:45:05.218#Z#DEBUG#3e4f6cdc-9afa-11f1-818d-eeee0a9896c2.OPERATION#flowable-async-job-executor-thread-11264#
[DetermineServiceCreateUpdateServiceActionsStep] Executing task "DetermineServiceCreateUpdateActionsTask" of process "410cdf30-9afa-11f1-818d-eeee0a9896c2"...#
#2026 08 18 11:45:05.220#Z#INFO#3e4f6cdc-9afa-11f1-818d-eeee0a9896c2.OPERATION#flowable-async-job-executor-thread-11264#
[DetermineServiceCreateUpdateServiceActionsStep] Processing service "bookscapm-db"...#
#2026 08 18 11:45:05.226#Z#DEBUG#3e4f6cdc-9afa-11f1-818d-eeee0a9896c2.OPERATION#flowable-async-job-executor-thread-11264#
[DetermineServiceCreateUpdateServiceActionsStep] Getting service instance "bookscapm-db"...#
#2026 08 18 11:45:05.259#Z#DEBUG#3e4f6cdc-9afa-11f1-818d-eeee0a9896c2.OPERATION#flowable-async-job-executor-thread-11264#
[DetermineServiceCreateUpdateServiceActionsStep] Service should be created#
#2026 08 18 11:45:05.262#Z#DEBUG#3e4f6cdc-9afa-11f1-818d-eeee0a9896c2.OPERATION#flowable-async-job-executor-thread-11264#
Step "Determine update actions" finished#
#2026 08 18 11:45:05.424#Z#DEBUG#3e4f6cdc-9afa-11f1-818d-eeee0a9896c2.OPERATION#flowable-async-job-executor-thread-13430#
[CheckServiceOperationStateStep] Executing task "CheckServiceOperationStateTask" of process "41564486-9afa-11f1-8e71-eeee0a87f90b"...#
#2026 08 18 11:45:05.488#Z#DEBUG#3e4f6cdc-9afa-11f1-818d-eeee0a9896c2.OPERATION#flowable-async-job-executor-thread-13430#
[CheckServiceOperationStateStep] Getting service instance "bookscapm-html5-app-host-service"...#
#2026 08 18 11:45:05.531#Z#DEBUG#3e4f6cdc-9afa-11f1-818d-eeee0a9896c2.OPERATION#flowable-async-job-executor-thread-13430#
Step "Check for service operations in Progress" finished#
#2026 08 18 11:45:05.318#Z#DEBUG#3e4f6cdc-9afa-11f1-818d-eeee0a9896c2.OPERATION#flowable-async-job-executor-thread-11264#
[CreateServiceStep] Executing task "CreateServiceTask" of process "410cdf30-9afa-11f1-818d-eeee0a9896c2"...#
#2026 08 18 11:45:05.323#Z#INFO#3e4f6cdc-9afa-11f1-818d-eeee0a9896c2.OPERATION#flowable-async-job-executor-thread-11264#
[CreateServiceStep] Creating service "bookscapm-db" from MTA resource "bookscapm-db"...#
#2026 08 18 11:45:05.328#Z#DEBUG#3e4f6cdc-9afa-11f1-818d-eeee0a9896c2.OPERATION#flowable-async-job-executor-thread-11264#
[CreateServiceStep] Creating service instance: {
  "isOptional" : false,
  "isManaged" : true,
  "name" : "bookscapm-db",
  "v3Metadata" : {
    "annotations" : {
      "mta_id" : "bookscapm",
      "mta_version" : "1.0.0",
      "mta_resource" : "{\"name\":\"bookscapm-db\"}"
    },
    "labels" : {
      "mta_id" : "ae3834d4d96122b7278fff014e221e64"
    }
  },
  "label" : "hana",
  "plan" : "hdi-shared",
  "credentials" : "********",
  "tags" : [ ],
  "type" : "managed",
  "resourceName" : "bookscapm-db",
  "shouldSkipParametersUpdate" : false,
  "shouldSkipPlanUpdate" : false,
  "shouldSkipTagsUpdate" : false,
  "shouldSkipSyslogUrlUpdate" : false
}#
#2026 08 18 11:45:05.570#Z#DEBUG#3e4f6cdc-9afa-11f1-818d-eeee0a9896c2.OPERATION#flowable-async-job-executor-thread-11264#
[CreateServiceStep] Service "bookscapm-db" created#
#2026 08 18 11:45:05.570#Z#DEBUG#3e4f6cdc-9afa-11f1-818d-eeee0a9896c2.OPERATION#flowable-async-job-executor-thread-11264#
[CreateServiceStep] Triggered service operations: {
  "bookscapm-db" : "CREATE"
}#
#2026 08 18 11:45:05.571#Z#DEBUG#3e4f6cdc-9afa-11f1-818d-eeee0a9896c2.OPERATION#flowable-async-job-executor-thread-11264#
Step "Create" finished#
#2026 08 18 11:45:05.559#Z#DEBUG#3e4f6cdc-9afa-11f1-818d-eeee0a9896c2.OPERATION#flowable-async-job-executor-thread-13431#
[DetermineServiceCreateUpdateServiceActionsStep] Executing task "DetermineServiceCreateUpdateActionsTask" of process "41564486-9afa-11f1-8e71-eeee0a87f90b"...#
#2026 08 18 11:45:05.561#Z#INFO#3e4f6cdc-9afa-11f1-818d-eeee0a9896c2.OPERATION#flowable-async-job-executor-thread-13431#
[DetermineServiceCreateUpdateServiceActionsStep] Processing service "bookscapm-html5-app-host-service"...#
#2026 08 18 11:45:05.564#Z#DEBUG#3e4f6cdc-9afa-11f1-818d-eeee0a9896c2.OPERATION#flowable-async-job-executor-thread-13431#
[DetermineServiceCreateUpdateServiceActionsStep] Getting service instance "bookscapm-html5-app-host-service"...#
#2026 08 18 11:45:05.593#Z#DEBUG#3e4f6cdc-9afa-11f1-818d-eeee0a9896c2.OPERATION#flowable-async-job-executor-thread-13431#
[DetermineServiceCreateUpdateServiceActionsStep] Service should be created#
#2026 08 18 11:45:05.596#Z#DEBUG#3e4f6cdc-9afa-11f1-818d-eeee0a9896c2.OPERATION#flowable-async-job-executor-thread-13431#
Step "Determine update actions" finished#
#2026 08 18 11:45:05.636#Z#DEBUG#3e4f6cdc-9afa-11f1-818d-eeee0a9896c2.OPERATION#flowable-async-job-executor-thread-13432#
[CreateServiceStep] Executing task "CreateServiceTask" of process "41564486-9afa-11f1-8e71-eeee0a87f90b"...#
#2026 08 18 11:45:05.638#Z#INFO#3e4f6cdc-9afa-11f1-818d-eeee0a9896c2.OPERATION#flowable-async-job-executor-thread-13432#
[CreateServiceStep] Creating service "bookscapm-html5-app-host-service" from MTA resource "bookscapm_html_repo_host"...#
#2026 08 18 11:45:05.643#Z#DEBUG#3e4f6cdc-9afa-11f1-818d-eeee0a9896c2.OPERATION#flowable-async-job-executor-thread-13432#
[CreateServiceStep] Creating service instance: {
  "isOptional" : false,
  "isManaged" : true,
  "name" : "bookscapm-html5-app-host-service",
  "v3Metadata" : {
    "annotations" : {
      "mta_id" : "bookscapm",
      "mta_version" : "1.0.0",
      "mta_resource" : "{\"name\":\"bookscapm_html_repo_host\"}"
    },
    "labels" : {
      "mta_id" : "ae3834d4d96122b7278fff014e221e64"
    }
  },
  "label" : "html5-apps-repo",
  "plan" : "app-host",
  "credentials" : "********",
  "tags" : [ ],
  "type" : "managed",
  "resourceName" : "bookscapm_html_repo_host",
  "shouldSkipParametersUpdate" : false,
  "shouldSkipPlanUpdate" : false,
  "shouldSkipTagsUpdate" : false,
  "shouldSkipSyslogUrlUpdate" : false
}#
#2026 08 18 11:45:05.871#Z#DEBUG#3e4f6cdc-9afa-11f1-818d-eeee0a9896c2.OPERATION#flowable-async-job-executor-thread-13432#
[CreateServiceStep] Service "bookscapm-html5-app-host-service" created#
#2026 08 18 11:45:05.871#Z#DEBUG#3e4f6cdc-9afa-11f1-818d-eeee0a9896c2.OPERATION#flowable-async-job-executor-thread-13432#
[CreateServiceStep] Triggered service operations: {
  "bookscapm-html5-app-host-service" : "CREATE"
}#
#2026 08 18 11:45:05.873#Z#DEBUG#3e4f6cdc-9afa-11f1-818d-eeee0a9896c2.OPERATION#flowable-async-job-executor-thread-13432#
Step "Create" finished#
#2026 08 18 11:45:07.908#Z#DEBUG#3e4f6cdc-9afa-11f1-818d-eeee0a9896c2.OPERATION#flowable-async-job-executor-thread-11267#
[CheckServiceOperationStateStep] Executing task "CheckServiceOperationStateTask" of process "42cf9da2-9afa-11f1-818d-eeee0a9896c2"...#
#2026 08 18 11:45:07.909#Z#DEBUG#3e4f6cdc-9afa-11f1-818d-eeee0a9896c2.OPERATION#flowable-async-job-executor-thread-11267#
[CheckServiceOperationStateStep] Getting service instance "bookscapm-xsuaa-service"...#
#2026 08 18 11:45:07.932#Z#DEBUG#3e4f6cdc-9afa-11f1-818d-eeee0a9896c2.OPERATION#flowable-async-job-executor-thread-11267#
Step "Check for service operations in Progress" finished#
#2026 08 18 11:45:07.964#Z#DEBUG#3e4f6cdc-9afa-11f1-818d-eeee0a9896c2.OPERATION#flowable-async-job-executor-thread-11267#
[DetermineServiceCreateUpdateServiceActionsStep] Executing task "DetermineServiceCreateUpdateActionsTask" of process "42cf9da2-9afa-11f1-818d-eeee0a9896c2"...#
#2026 08 18 11:45:07.966#Z#INFO#3e4f6cdc-9afa-11f1-818d-eeee0a9896c2.OPERATION#flowable-async-job-executor-thread-11267#
[DetermineServiceCreateUpdateServiceActionsStep] Processing service "bookscapm-xsuaa-service"...#
#2026 08 18 11:45:07.970#Z#DEBUG#3e4f6cdc-9afa-11f1-818d-eeee0a9896c2.OPERATION#flowable-async-job-executor-thread-11267#
[DetermineServiceCreateUpdateServiceActionsStep] Getting service instance "bookscapm-xsuaa-service"...#
#2026 08 18 11:45:08.003#Z#INFO#3e4f6cdc-9afa-11f1-818d-eeee0a9896c2.OPERATION#flowable-async-job-executor-thread-11267#
[DetermineServiceCreateUpdateServiceActionsStep] Setting service "bookscapm-xsuaa-service" parameters from "xs-security.json"#
#2026 08 18 11:45:08.040#Z#DEBUG#3e4f6cdc-9afa-11f1-818d-eeee0a9896c2.OPERATION#flowable-async-job-executor-thread-11267#
[DetermineServiceCreateUpdateServiceActionsStep] Service should be created#
#2026 08 18 11:45:08.044#Z#DEBUG#3e4f6cdc-9afa-11f1-818d-eeee0a9896c2.OPERATION#flowable-async-job-executor-thread-11267#
Step "Determine update actions" finished#
#2026 08 18 11:45:08.090#Z#DEBUG#3e4f6cdc-9afa-11f1-818d-eeee0a9896c2.OPERATION#flowable-async-job-executor-thread-11267#
[CreateServiceStep] Executing task "CreateServiceTask" of process "42cf9da2-9afa-11f1-818d-eeee0a9896c2"...#
#2026 08 18 11:45:08.093#Z#INFO#3e4f6cdc-9afa-11f1-818d-eeee0a9896c2.OPERATION#flowable-async-job-executor-thread-11267#
[CreateServiceStep] Creating service "bookscapm-xsuaa-service" from MTA resource "uaa_bookscapm"...#
#2026 08 18 11:45:08.098#Z#DEBUG#3e4f6cdc-9afa-11f1-818d-eeee0a9896c2.OPERATION#flowable-async-job-executor-thread-11267#
[CreateServiceStep] Creating service instance: {
  "isOptional" : false,
  "isManaged" : true,
  "name" : "bookscapm-xsuaa-service",
  "v3Metadata" : {
    "annotations" : {
      "mta_id" : "bookscapm",
      "mta_version" : "1.0.0",
      "mta_resource" : "{\"name\":\"uaa_bookscapm\"}"
    },
    "labels" : {
      "mta_id" : "ae3834d4d96122b7278fff014e221e64"
    }
  },
  "label" : "xsuaa",
  "plan" : "application",
  "credentials" : "********",
  "tags" : [ ],
  "type" : "managed",
  "resourceName" : "uaa_bookscapm",
  "shouldSkipParametersUpdate" : false,
  "shouldSkipPlanUpdate" : false,
  "shouldSkipTagsUpdate" : false,
  "shouldSkipSyslogUrlUpdate" : false
}#
#2026 08 18 11:45:08.353#Z#DEBUG#3e4f6cdc-9afa-11f1-818d-eeee0a9896c2.OPERATION#flowable-async-job-executor-thread-11267#
[CreateServiceStep] Service "bookscapm-xsuaa-service" created#
#2026 08 18 11:45:08.353#Z#DEBUG#3e4f6cdc-9afa-11f1-818d-eeee0a9896c2.OPERATION#flowable-async-job-executor-thread-11267#
[CreateServiceStep] Triggered service operations: {
  "bookscapm-xsuaa-service" : "CREATE"
}#
#2026 08 18 11:45:08.355#Z#DEBUG#3e4f6cdc-9afa-11f1-818d-eeee0a9896c2.OPERATION#flowable-async-job-executor-thread-11267#
Step "Create" finished#
#2026 08 18 11:45:09.134#Z#DEBUG#3e4f6cdc-9afa-11f1-818d-eeee0a9896c2.OPERATION#flowable-async-job-executor-thread-13432#
[CreateServiceStep] Executing task "CreateServiceTask" of process "3fc25d7a-9afa-11f1-818d-eeee0a9896c2"...#
#2026 08 18 11:45:09.136#Z#DEBUG#3e4f6cdc-9afa-11f1-818d-eeee0a9896c2.OPERATION#flowable-async-job-executor-thread-13432#
[CreateServiceStep] Polling service operations...#
#2026 08 18 11:45:09.142#Z#DEBUG#3e4f6cdc-9afa-11f1-818d-eeee0a9896c2.OPERATION#flowable-async-job-executor-thread-13432#
[CreateServiceStep] Getting service instance "bookscapm-destination-service"...#
#2026 08 18 11:45:09.281#Z#DEBUG#3e4f6cdc-9afa-11f1-818d-eeee0a9896c2.OPERATION#flowable-async-job-executor-thread-13432#
[CreateServiceStep] Last operation for service "bookscapm-destination-service": {
  "type" : "CREATE",
  "description" : "",
  "state" : "SUCCEEDED"
}#
#2026 08 18 11:45:09.281#Z#DEBUG#3e4f6cdc-9afa-11f1-818d-eeee0a9896c2.OPERATION#flowable-async-job-executor-thread-13432#
[CreateServiceStep] Service "bookscapm-destination-service" created#
#2026 08 18 11:45:09.281#Z#INFO#3e4f6cdc-9afa-11f1-818d-eeee0a9896c2.OPERATION#flowable-async-job-executor-thread-13432#
[CreateServiceStep] 1 of 1 done#
#2026 08 18 11:45:09.303#Z#DEBUG#3e4f6cdc-9afa-11f1-818d-eeee0a9896c2.OPERATION#flowable-async-job-executor-thread-13432#
[CreateServiceStep] Remaining services to poll: [ ]#
#2026 08 18 11:45:09.304#Z#DEBUG#3e4f6cdc-9afa-11f1-818d-eeee0a9896c2.OPERATION#flowable-async-job-executor-thread-13432#
Step "Create" finished#
#2026 08 18 11:45:19.010#Z#DEBUG#3e4f6cdc-9afa-11f1-818d-eeee0a9896c2.OPERATION#flowable-async-job-executor-thread-11267#
[CreateServiceStep] Executing task "CreateServiceTask" of process "42cf9da2-9afa-11f1-818d-eeee0a9896c2"...#
#2026 08 18 11:45:19.012#Z#DEBUG#3e4f6cdc-9afa-11f1-818d-eeee0a9896c2.OPERATION#flowable-async-job-executor-thread-11267#
[CreateServiceStep] Polling service operations...#
#2026 08 18 11:45:19.016#Z#DEBUG#3e4f6cdc-9afa-11f1-818d-eeee0a9896c2.OPERATION#flowable-async-job-executor-thread-11267#
[CreateServiceStep] Getting service instance "bookscapm-xsuaa-service"...#
#2026 08 18 11:45:19.110#Z#DEBUG#3e4f6cdc-9afa-11f1-818d-eeee0a9896c2.OPERATION#flowable-async-job-executor-thread-11268#
[CreateServiceStep] Executing task "CreateServiceTask" of process "410cdf30-9afa-11f1-818d-eeee0a9896c2"...#
#2026 08 18 11:45:19.112#Z#DEBUG#3e4f6cdc-9afa-11f1-818d-eeee0a9896c2.OPERATION#flowable-async-job-executor-thread-11268#
[CreateServiceStep] Polling service operations...#
#2026 08 18 11:45:19.119#Z#DEBUG#3e4f6cdc-9afa-11f1-818d-eeee0a9896c2.OPERATION#flowable-async-job-executor-thread-11268#
[CreateServiceStep] Getting service instance "bookscapm-db"...#
#2026 08 18 11:45:19.145#Z#DEBUG#3e4f6cdc-9afa-11f1-818d-eeee0a9896c2.OPERATION#flowable-async-job-executor-thread-11267#
[CreateServiceStep] Last operation for service "bookscapm-xsuaa-service": {
  "type" : "CREATE",
  "description" : "",
  "state" : "SUCCEEDED"
}#
#2026 08 18 11:45:19.145#Z#DEBUG#3e4f6cdc-9afa-11f1-818d-eeee0a9896c2.OPERATION#flowable-async-job-executor-thread-11267#
[CreateServiceStep] Service "bookscapm-xsuaa-service" created#
#2026 08 18 11:45:19.145#Z#INFO#3e4f6cdc-9afa-11f1-818d-eeee0a9896c2.OPERATION#flowable-async-job-executor-thread-11267#
[CreateServiceStep] 1 of 1 done#
#2026 08 18 11:45:19.152#Z#DEBUG#3e4f6cdc-9afa-11f1-818d-eeee0a9896c2.OPERATION#flowable-async-job-executor-thread-11267#
[CreateServiceStep] Remaining services to poll: [ ]#
#2026 08 18 11:45:19.154#Z#DEBUG#3e4f6cdc-9afa-11f1-818d-eeee0a9896c2.OPERATION#flowable-async-job-executor-thread-11267#
Step "Create" finished#
#2026 08 18 11:45:19.091#Z#DEBUG#3e4f6cdc-9afa-11f1-818d-eeee0a9896c2.OPERATION#flowable-async-job-executor-thread-13430#
[CreateServiceStep] Executing task "CreateServiceTask" of process "41564486-9afa-11f1-8e71-eeee0a87f90b"...#
#2026 08 18 11:45:19.092#Z#DEBUG#3e4f6cdc-9afa-11f1-818d-eeee0a9896c2.OPERATION#flowable-async-job-executor-thread-13430#
[CreateServiceStep] Polling service operations...#
#2026 08 18 11:45:19.094#Z#DEBUG#3e4f6cdc-9afa-11f1-818d-eeee0a9896c2.OPERATION#flowable-async-job-executor-thread-13430#
[CreateServiceStep] Getting service instance "bookscapm-html5-app-host-service"...#
#2026 08 18 11:45:19.211#Z#DEBUG#3e4f6cdc-9afa-11f1-818d-eeee0a9896c2.OPERATION#flowable-async-job-executor-thread-13430#
[CreateServiceStep] Last operation for service "bookscapm-html5-app-host-service": {
  "type" : "CREATE",
  "description" : "",
  "state" : "SUCCEEDED"
}#
#2026 08 18 11:45:19.211#Z#DEBUG#3e4f6cdc-9afa-11f1-818d-eeee0a9896c2.OPERATION#flowable-async-job-executor-thread-13430#
[CreateServiceStep] Service "bookscapm-html5-app-host-service" created#
#2026 08 18 11:45:19.211#Z#INFO#3e4f6cdc-9afa-11f1-818d-eeee0a9896c2.OPERATION#flowable-async-job-executor-thread-13430#
[CreateServiceStep] 1 of 1 done#
#2026 08 18 11:45:19.218#Z#DEBUG#3e4f6cdc-9afa-11f1-818d-eeee0a9896c2.OPERATION#flowable-async-job-executor-thread-13430#
[CreateServiceStep] Remaining services to poll: [ ]#
#2026 08 18 11:45:19.219#Z#DEBUG#3e4f6cdc-9afa-11f1-818d-eeee0a9896c2.OPERATION#flowable-async-job-executor-thread-13430#
Step "Create" finished#
#2026 08 18 11:45:19.246#Z#DEBUG#3e4f6cdc-9afa-11f1-818d-eeee0a9896c2.OPERATION#flowable-async-job-executor-thread-11268#
[CreateServiceStep] Last operation for service "bookscapm-db": {
  "type" : "CREATE",
  "state" : "SUCCEEDED"
}#
#2026 08 18 11:45:19.246#Z#DEBUG#3e4f6cdc-9afa-11f1-818d-eeee0a9896c2.OPERATION#flowable-async-job-executor-thread-11268#
[CreateServiceStep] Service "bookscapm-db" created#
#2026 08 18 11:45:19.246#Z#INFO#3e4f6cdc-9afa-11f1-818d-eeee0a9896c2.OPERATION#flowable-async-job-executor-thread-11268#
[CreateServiceStep] 1 of 1 done#
#2026 08 18 11:45:19.252#Z#DEBUG#3e4f6cdc-9afa-11f1-818d-eeee0a9896c2.OPERATION#flowable-async-job-executor-thread-11268#
[CreateServiceStep] Remaining services to poll: [ ]#
#2026 08 18 11:45:19.254#Z#DEBUG#3e4f6cdc-9afa-11f1-818d-eeee0a9896c2.OPERATION#flowable-async-job-executor-thread-11268#
Step "Create" finished#
#2026 08 18 11:45:20.723#Z#DEBUG#3e4f6cdc-9afa-11f1-818d-eeee0a9896c2.OPERATION#flowable-async-job-executor-thread-13432#
[PrepareModulesDeploymentStep] Executing task "prepareModulesDeploymentTask" of process "4a6f5e16-9afa-11f1-8e71-eeee0a87f90b"...#
#2026 08 18 11:45:20.724#Z#DEBUG#3e4f6cdc-9afa-11f1-818d-eeee0a9896c2.OPERATION#flowable-async-job-executor-thread-13432#
[PrepareModulesDeploymentStep] Preparing modules deployment...#
#2026 08 18 11:45:20.731#Z#DEBUG#3e4f6cdc-9afa-11f1-818d-eeee0a9896c2.OPERATION#flowable-async-job-executor-thread-13432#
Step "Prepare Modules Deployment" finished#
#2026 08 18 11:45:20.775#Z#DEBUG#3e4f6cdc-9afa-11f1-818d-eeee0a9896c2.OPERATION#flowable-async-job-executor-thread-13432#
[ComputeNextModulesStep] Executing task "computeNextModulesToDeployInParallel" of process "4a6f5e16-9afa-11f1-8e71-eeee0a87f90b"...#
#2026 08 18 11:45:20.776#Z#DEBUG#3e4f6cdc-9afa-11f1-818d-eeee0a9896c2.OPERATION#flowable-async-job-executor-thread-13432#
[ComputeNextModulesStep] Computing modules for next parallel iteration...#
#2026 08 18 11:45:20.780#Z#DEBUG#3e4f6cdc-9afa-11f1-818d-eeee0a9896c2.OPERATION#flowable-async-job-executor-thread-13432#
[ComputeNextModulesStep] Completed modules detected: []#
#2026 08 18 11:45:20.780#Z#DEBUG#3e4f6cdc-9afa-11f1-818d-eeee0a9896c2.OPERATION#flowable-async-job-executor-thread-13432#
[ComputeNextModulesStep] All modules for deploy detected: [bookscapm-srv, bookscapm-app-content, bookscapm-db-deployer, bookscapm-destination-content]#
#2026 08 18 11:45:20.780#Z#DEBUG#3e4f6cdc-9afa-11f1-818d-eeee0a9896c2.OPERATION#flowable-async-job-executor-thread-13432#
[ComputeNextModulesStep] Modules not for deploy detected: []#
#2026 08 18 11:45:20.781#Z#DEBUG#3e4f6cdc-9afa-11f1-818d-eeee0a9896c2.OPERATION#flowable-async-job-executor-thread-13432#
[ComputeNextModulesStep] Computed modules for next parallel iteration: [ {
  "majorSchemaVersion" : 3,
  "name" : "bookscapm-srv",
  "type" : "javascript.nodejs",
  "path" : "bookscapm-srv",
  "properties" : { },
  "parameters" : {
    "app-name" : "bookscapm-srv",
    "buildpack" : "nodejs_buildpack",
    "default-app-name" : "bookscapm-srv",
    "default-host" : "1fb9e48dtrial-dev-bookscapm-srv",
    "default-instances" : 1,
    "default-live-app-name" : "bookscapm-srv",
    "default-live-domain" : "cfapps.us10-001.hana.ondemand.com",
    "default-live-host" : "1fb9e48dtrial-dev-bookscapm-srv",
    "default-live-uri" : "1fb9e48dtrial-dev-bookscapm-srv.cfapps.us10-001.hana.ondemand.com",
    "default-live-url" : "https://1fb9e48dtrial-dev-bookscapm-srv.cfapps.us10-001.hana.ondemand.com",
    "default-uri" : "1fb9e48dtrial-dev-bookscapm-srv.cfapps.us10-001.hana.ondemand.com",
    "default-url" : "https://1fb9e48dtrial-dev-bookscapm-srv.cfapps.us10-001.hana.ondemand.com",
    "dependency-type" : "soft",
    "domain" : "cfapps.us10-001.hana.ondemand.com",
    "generated-password" : "********",
    "generated-user" : "********",
    "host" : "1fb9e48dtrial-dev-bookscapm-srv",
    "instances" : 1,
    "protocol" : "https"
  },
  "requiredDependencies" : [ {
    "majorSchemaVersion" : 3,
    "name" : "bookscapm-db",
    "properties" : { },
    "parameters" : { },
    "propertiesMetadata" : {
      "metadata" : { }
    },
    "parametersMetadata" : {
      "metadata" : { }
    }
  }, {
    "majorSchemaVersion" : 3,
    "name" : "uaa_bookscapm",
    "properties" : { },
    "parameters" : { },
    "propertiesMetadata" : {
      "metadata" : { }
    },
    "parametersMetadata" : {
      "metadata" : { }
    }
  } ],
  "providedDependencies" : [ {
    "majorSchemaVersion" : 3,
    "name" : "srv-api",
    "isPublic" : false,
    "properties" : {
      "srv-url" : "https://1fb9e48dtrial-dev-bookscapm-srv.cfapps.us10-001.hana.ondemand.com"
    },
    "parameters" : { },
    "propertiesMetadata" : {
      "metadata" : { }
    },
    "parametersMetadata" : {
      "metadata" : { }
    }
  }, {
    "majorSchemaVersion" : 3,
    "name" : "bookscapm-srv",
    "isPublic" : false,
    "properties" : { },
    "parameters" : { },
    "propertiesMetadata" : {
      "metadata" : { }
    },
    "parametersMetadata" : {
      "metadata" : { }
    }
  } ],
  "propertiesMetadata" : {
    "metadata" : { }
  },
  "parametersMetadata" : {
    "metadata" : { }
  },
  "deployedAfter" : [ ],
  "hooks" : [ ]
}, {
  "majorSchemaVersion" : 3,
  "name" : "bookscapm-db-deployer",
  "type" : "com.sap.xs.hdi",
  "path" : "bookscapm-db-deployer",
  "properties" : {
    "EXIT" : 1
  },
  "parameters" : {
    "app-name" : "bookscapm-db-deployer",
    "buildpack" : "nodejs_buildpack",
    "default-app-name" : "bookscapm-db-deployer",
    "default-host" : "1fb9e48dtrial-dev-bookscapm-db-deployer",
    "default-instances" : 1,
    "default-live-app-name" : "bookscapm-db-deployer",
    "default-live-domain" : "cfapps.us10-001.hana.ondemand.com",
    "default-live-host" : "1fb9e48dtrial-dev-bookscapm-db-deployer",
    "default-live-uri" : "1fb9e48dtrial-dev-bookscapm-db-deployer.cfapps.us10-001.hana.ondemand.com",
    "default-live-url" : "https://1fb9e48dtrial-dev-bookscapm-db-deployer.cfapps.us10-001.hana.ondemand.com",
    "default-uri" : "1fb9e48dtrial-dev-bookscapm-db-deployer.cfapps.us10-001.hana.ondemand.com",
    "default-url" : "https://1fb9e48dtrial-dev-bookscapm-db-deployer.cfapps.us10-001.hana.ondemand.com",
    "dependency-type" : "hard",
    "domain" : "cfapps.us10-001.hana.ondemand.com",
    "generated-password" : "********",
    "generated-user" : "********",
    "host" : "1fb9e48dtrial-dev-bookscapm-db-deployer",
    "instances" : 1,
    "memory" : "256M",
    "no-route" : true,
    "no-start" : true,
    "protocol" : "https",
    "tasks" : [ {
      "command" : "npm start",
      "memory" : "256M",
      "name" : "deploy"
    } ]
  },
  "requiredDependencies" : [ {
    "majorSchemaVersion" : 3,
    "name" : "bookscapm-db",
    "properties" : { },
    "parameters" : { },
    "propertiesMetadata" : {
      "metadata" : { }
    },
    "parametersMetadata" : {
      "metadata" : { }
    }
  } ],
  "providedDependencies" : [ {
    "majorSchemaVersion" : 3,
    "name" : "bookscapm-db-deployer",
    "isPublic" : false,
    "properties" : { },
    "parameters" : { },
    "propertiesMetadata" : {
      "metadata" : { }
    },
    "parametersMetadata" : {
      "metadata" : { }
    }
  } ],
  "propertiesMetadata" : {
    "metadata" : { }
  },
  "parametersMetadata" : {
    "metadata" : { }
  },
  "deployedAfter" : [ ],
  "hooks" : [ ]
}, {
  "majorSchemaVersion" : 3,
  "name" : "bookscapm-destination-content",
  "type" : "com.sap.application.content",
  "properties" : { },
  "parameters" : {
    "app-name" : "bookscapm-destination-content",
    "content" : {
      "instance" : {
        "destinations" : [ {
          "Name" : "bookscapmapplicationrouter_bookscapm_html_repo_host",
          "ServiceInstanceName" : "bookscapm-html5-app-host-service",
          "ServiceKeyName" : "********",
          "sap.cloud.service" : "bookscapmapplicationrouter"
        }, {
          "Authentication" : "********",
          "Name" : "bookscapmapplicationrouter_uaa_bookscapm",
          "ServiceInstanceName" : "bookscapm-xsuaa-service",
          "ServiceKeyName" : "********",
          "sap.cloud.service" : "bookscapmapplicationrouter"
        } ],
        "existing_destinations_policy" : "ignore"
      }
    },
    "default-app-name" : "bookscapm-destination-content",
    "default-host" : "1fb9e48dtrial-dev-bookscapm-destination-content",
    "default-instances" : 1,
    "default-live-app-name" : "bookscapm-destination-content",
    "default-live-domain" : "cfapps.us10-001.hana.ondemand.com",
    "default-live-host" : "1fb9e48dtrial-dev-bookscapm-destination-content",
    "default-live-uri" : "1fb9e48dtrial-dev-bookscapm-destination-content.cfapps.us10-001.hana.ondemand.com",
    "default-live-url" : "https://1fb9e48dtrial-dev-bookscapm-destination-content.cfapps.us10-001.hana.ondemand.com",
    "default-uri" : "1fb9e48dtrial-dev-bookscapm-destination-content.cfapps.us10-001.hana.ondemand.com",
    "default-url" : "https://1fb9e48dtrial-dev-bookscapm-destination-content.cfapps.us10-001.hana.ondemand.com",
    "dependency-type" : "soft",
    "domain" : "cfapps.us10-001.hana.ondemand.com",
    "generated-password" : "********",
    "generated-user" : "********",
    "host" : "1fb9e48dtrial-dev-bookscapm-destination-content",
    "instances" : 1,
    "protocol" : "https"
  },
  "requiredDependencies" : [ {
    "majorSchemaVersion" : 3,
    "name" : "bookscapm-destination-service",
    "properties" : { },
    "parameters" : {
      "content-target" : true
    },
    "propertiesMetadata" : {
      "metadata" : { }
    },
    "parametersMetadata" : {
      "metadata" : { }
    }
  }, {
    "majorSchemaVersion" : 3,
    "name" : "bookscapm_html_repo_host",
    "properties" : { },
    "parameters" : {
      "service-key" : "********"
    },
    "propertiesMetadata" : {
      "metadata" : { }
    },
    "parametersMetadata" : {
      "metadata" : { }
    }
  }, {
    "majorSchemaVersion" : 3,
    "name" : "uaa_bookscapm",
    "properties" : { },
    "parameters" : {
      "service-key" : "********"
    },
    "propertiesMetadata" : {
      "metadata" : { }
    },
    "parametersMetadata" : {
      "metadata" : { }
    }
  } ],
  "providedDependencies" : [ {
    "majorSchemaVersion" : 3,
    "name" : "bookscapm-destination-content",
    "isPublic" : false,
    "properties" : { },
    "parameters" : { },
    "propertiesMetadata" : {
      "metadata" : { }
    },
    "parametersMetadata" : {
      "metadata" : { }
    }
  } ],
  "propertiesMetadata" : {
    "metadata" : { }
  },
  "parametersMetadata" : {
    "metadata" : { }
  },
  "deployedAfter" : [ ],
  "hooks" : [ ]
}, {
  "majorSchemaVersion" : 3,
  "name" : "bookscapm-app-content",
  "type" : "com.sap.application.content",
  "path" : "bookscapm-app-content",
  "properties" : { },
  "parameters" : {
    "app-name" : "bookscapm-app-content",
    "default-app-name" : "bookscapm-app-content",
    "default-host" : "1fb9e48dtrial-dev-bookscapm-app-content",
    "default-instances" : 1,
    "default-live-app-name" : "bookscapm-app-content",
    "default-live-domain" : "cfapps.us10-001.hana.ondemand.com",
    "default-live-host" : "1fb9e48dtrial-dev-bookscapm-app-content",
    "default-live-uri" : "1fb9e48dtrial-dev-bookscapm-app-content.cfapps.us10-001.hana.ondemand.com",
    "default-live-url" : "https://1fb9e48dtrial-dev-bookscapm-app-content.cfapps.us10-001.hana.ondemand.com",
    "default-uri" : "1fb9e48dtrial-dev-bookscapm-app-content.cfapps.us10-001.hana.ondemand.com",
    "default-url" : "https://1fb9e48dtrial-dev-bookscapm-app-content.cfapps.us10-001.hana.ondemand.com",
    "dependency-type" : "soft",
    "domain" : "cfapps.us10-001.hana.ondemand.com",
    "generated-password" : "********",
    "generated-user" : "********",
    "host" : "1fb9e48dtrial-dev-bookscapm-app-content",
    "instances" : 1,
    "protocol" : "https"
  },
  "requiredDependencies" : [ {
    "majorSchemaVersion" : 3,
    "name" : "bookscapm_html_repo_host",
    "properties" : { },
    "parameters" : {
      "content-target" : true
    },
    "propertiesMetadata" : {
      "metadata" : { }
    },
    "parametersMetadata" : {
      "metadata" : { }
    }
  } ],
  "providedDependencies" : [ {
    "majorSchemaVersion" : 3,
    "name" : "bookscapm-app-content",
    "isPublic" : false,
    "properties" : { },
    "parameters" : { },
    "propertiesMetadata" : {
      "metadata" : { }
    },
    "parametersMetadata" : {
      "metadata" : { }
    }
  } ],
  "propertiesMetadata" : {
    "metadata" : { }
  },
  "parametersMetadata" : {
    "metadata" : { }
  },
  "deployedAfter" : [ ],
  "hooks" : [ ]
} ]#
#2026 08 18 11:45:20.781#Z#DEBUG#3e4f6cdc-9afa-11f1-818d-eeee0a9896c2.OPERATION#flowable-async-job-executor-thread-13432#
Step "Compute Next Modules To Deploy" finished#
#2026 08 18 11:45:20.917#Z#DEBUG#3e4f6cdc-9afa-11f1-818d-eeee0a9896c2.OPERATION#flowable-async-job-executor-thread-13432#
[ProcessDescriptorStep] Executing task "reprocessDescriptorTask" of process "4a8f4276-9afa-11f1-8e71-eeee0a87f90b"...#
#2026 08 18 11:45:20.917#Z#DEBUG#3e4f6cdc-9afa-11f1-818d-eeee0a9896c2.OPERATION#flowable-async-job-executor-thread-13432#
[ProcessDescriptorStep] Resolving properties and parameters in merged descriptor...#
#2026 08 18 11:45:20.921#Z#DEBUG#3e4f6cdc-9afa-11f1-818d-eeee0a9896c2.OPERATION#flowable-async-job-executor-thread-13432#
[ProcessDescriptorStep] Subscriptions: [ ]#
#2026 08 18 11:45:20.928#Z#DEBUG#3e4f6cdc-9afa-11f1-818d-eeee0a9896c2.OPERATION#flowable-async-job-executor-thread-13432#
[ProcessDescriptorStep] MTA modules: [bookscapm-srv, bookscapm-app-content, bookscapm-db-deployer, bookscapm-destination-content]#
#2026 08 18 11:45:20.931#Z#DEBUG#3e4f6cdc-9afa-11f1-818d-eeee0a9896c2.OPERATION#flowable-async-job-executor-thread-13432#
[ProcessDescriptorStep] Resolved deployment descriptor: {
  "majorSchemaVersion" : 3,
  "schemaVersion" : "3.3.0",
  "id" : "bookscapm",
  "version" : "1.0.0",
  "modules" : [ {
    "majorSchemaVersion" : 3,
    "name" : "bookscapm-srv",
    "type" : "javascript.nodejs",
    "path" : "bookscapm-srv",
    "properties" : { },
    "parameters" : {
      "default-url" : "https://1fb9e48dtrial-dev-bookscapm-srv.cfapps.us10-001.hana.ondemand.com",
      "default-app-name" : "bookscapm-srv",
      "generated-password" : "********",
      "default-live-url" : "https://1fb9e48dtrial-dev-bookscapm-srv.cfapps.us10-001.hana.ondemand.com",
      "default-uri" : "1fb9e48dtrial-dev-bookscapm-srv.cfapps.us10-001.hana.ondemand.com",
      "default-instances" : 1,
      "default-live-host" : "1fb9e48dtrial-dev-bookscapm-srv",
      "instances" : 1,
      "buildpack" : "nodejs_buildpack",
      "default-host" : "1fb9e48dtrial-dev-bookscapm-srv",
      "app-name" : "bookscapm-srv",
      "default-live-uri" : "1fb9e48dtrial-dev-bookscapm-srv.cfapps.us10-001.hana.ondemand.com",
      "protocol" : "https",
      "default-live-app-name" : "bookscapm-srv",
      "default-live-domain" : "cfapps.us10-001.hana.ondemand.com",
      "domain" : "cfapps.us10-001.hana.ondemand.com",
      "host" : "1fb9e48dtrial-dev-bookscapm-srv",
      "generated-user" : "********"
    },
    "requiredDependencies" : [ {
      "majorSchemaVersion" : 3,
      "name" : "bookscapm-db",
      "properties" : { },
      "parameters" : { },
      "propertiesMetadata" : {
        "metadata" : { }
      },
      "parametersMetadata" : {
        "metadata" : { }
      }
    }, {
      "majorSchemaVersion" : 3,
      "name" : "uaa_bookscapm",
      "properties" : { },
      "parameters" : { },
      "propertiesMetadata" : {
        "metadata" : { }
      },
      "parametersMetadata" : {
        "metadata" : { }
      }
    } ],
    "providedDependencies" : [ {
      "majorSchemaVersion" : 3,
      "name" : "srv-api",
      "isPublic" : false,
      "properties" : {
        "srv-url" : "https://1fb9e48dtrial-dev-bookscapm-srv.cfapps.us10-001.hana.ondemand.com"
      },
      "parameters" : { },
      "propertiesMetadata" : {
        "metadata" : { }
      },
      "parametersMetadata" : {
        "metadata" : { }
      }
    }, {
      "majorSchemaVersion" : 3,
      "name" : "bookscapm-srv",
      "isPublic" : false,
      "properties" : { },
      "parameters" : { },
      "propertiesMetadata" : {
        "metadata" : { }
      },
      "parametersMetadata" : {
        "metadata" : { }
      }
    } ],
    "propertiesMetadata" : {
      "metadata" : { }
    },
    "parametersMetadata" : {
      "metadata" : { }
    },
    "hooks" : [ ]
  }, {
    "majorSchemaVersion" : 3,
    "name" : "bookscapm-db-deployer",
    "type" : "com.sap.xs.hdi",
    "path" : "bookscapm-db-deployer",
    "properties" : {
      "EXIT" : 1
    },
    "parameters" : {
      "default-url" : "https://1fb9e48dtrial-dev-bookscapm-db-deployer.cfapps.us10-001.hana.ondemand.com",
      "default-app-name" : "bookscapm-db-deployer",
      "generated-password" : "********",
      "default-live-url" : "https://1fb9e48dtrial-dev-bookscapm-db-deployer.cfapps.us10-001.hana.ondemand.com",
      "default-uri" : "1fb9e48dtrial-dev-bookscapm-db-deployer.cfapps.us10-001.hana.ondemand.com",
      "memory" : "256M",
      "default-instances" : 1,
      "no-route" : true,
      "default-live-host" : "1fb9e48dtrial-dev-bookscapm-db-deployer",
      "instances" : 1,
      "buildpack" : "nodejs_buildpack",
      "default-host" : "1fb9e48dtrial-dev-bookscapm-db-deployer",
      "app-name" : "bookscapm-db-deployer",
      "default-live-uri" : "1fb9e48dtrial-dev-bookscapm-db-deployer.cfapps.us10-001.hana.ondemand.com",
      "protocol" : "https",
      "default-live-app-name" : "bookscapm-db-deployer",
      "default-live-domain" : "cfapps.us10-001.hana.ondemand.com",
      "dependency-type" : "hard",
      "domain" : "cfapps.us10-001.hana.ondemand.com",
      "host" : "1fb9e48dtrial-dev-bookscapm-db-deployer",
      "generated-user" : "********",
      "tasks" : [ {
        "command" : "npm start",
        "memory" : "256M",
        "name" : "deploy"
      } ],
      "no-start" : true
    },
    "requiredDependencies" : [ {
      "majorSchemaVersion" : 3,
      "name" : "bookscapm-db",
      "properties" : { },
      "parameters" : { },
      "propertiesMetadata" : {
        "metadata" : { }
      },
      "parametersMetadata" : {
        "metadata" : { }
      }
    } ],
    "providedDependencies" : [ {
      "majorSchemaVersion" : 3,
      "name" : "bookscapm-db-deployer",
      "isPublic" : false,
      "properties" : { },
      "parameters" : { },
      "propertiesMetadata" : {
        "metadata" : { }
      },
      "parametersMetadata" : {
        "metadata" : { }
      }
    } ],
    "propertiesMetadata" : {
      "metadata" : { }
    },
    "parametersMetadata" : {
      "metadata" : { }
    },
    "hooks" : [ ]
  }, {
    "majorSchemaVersion" : 3,
    "name" : "bookscapm-destination-content",
    "type" : "com.sap.application.content",
    "properties" : { },
    "parameters" : {
      "default-url" : "https://1fb9e48dtrial-dev-bookscapm-destination-content.cfapps.us10-001.hana.ondemand.com",
      "default-app-name" : "bookscapm-destination-content",
      "generated-password" : "********",
      "default-live-url" : "https://1fb9e48dtrial-dev-bookscapm-destination-content.cfapps.us10-001.hana.ondemand.com",
      "default-uri" : "1fb9e48dtrial-dev-bookscapm-destination-content.cfapps.us10-001.hana.ondemand.com",
      "default-instances" : 1,
      "default-live-host" : "1fb9e48dtrial-dev-bookscapm-destination-content",
      "instances" : 1,
      "default-host" : "1fb9e48dtrial-dev-bookscapm-destination-content",
      "content" : {
        "instance" : {
          "destinations" : [ {
            "Name" : "bookscapmapplicationrouter_bookscapm_html_repo_host",
            "ServiceInstanceName" : "bookscapm-html5-app-host-service",
            "ServiceKeyName" : "********",
            "sap.cloud.service" : "bookscapmapplicationrouter"
          }, {
            "Authentication" : "********",
            "Name" : "bookscapmapplicationrouter_uaa_bookscapm",
            "ServiceInstanceName" : "bookscapm-xsuaa-service",
            "ServiceKeyName" : "********",
            "sap.cloud.service" : "bookscapmapplicationrouter"
          } ],
          "existing_destinations_policy" : "ignore"
        }
      },
      "app-name" : "bookscapm-destination-content",
      "default-live-uri" : "1fb9e48dtrial-dev-bookscapm-destination-content.cfapps.us10-001.hana.ondemand.com",
      "protocol" : "https",
      "default-live-app-name" : "bookscapm-destination-content",
      "default-live-domain" : "cfapps.us10-001.hana.ondemand.com",
      "domain" : "cfapps.us10-001.hana.ondemand.com",
      "host" : "1fb9e48dtrial-dev-bookscapm-destination-content",
      "generated-user" : "********"
    },
    "requiredDependencies" : [ {
      "majorSchemaVersion" : 3,
      "name" : "bookscapm-destination-service",
      "properties" : { },
      "parameters" : {
        "content-target" : true
      },
      "propertiesMetadata" : {
        "metadata" : { }
      },
      "parametersMetadata" : {
        "metadata" : { }
      }
    }, {
      "majorSchemaVersion" : 3,
      "name" : "bookscapm_html_repo_host",
      "properties" : { },
      "parameters" : {
        "service-key" : "********"
      },
      "propertiesMetadata" : {
        "metadata" : { }
      },
      "parametersMetadata" : {
        "metadata" : { }
      }
    }, {
      "majorSchemaVersion" : 3,
      "name" : "uaa_bookscapm",
      "properties" : { },
      "parameters" : {
        "service-key" : "********"
      },
      "propertiesMetadata" : {
        "metadata" : { }
      },
      "parametersMetadata" : {
        "metadata" : { }
      }
    } ],
    "providedDependencies" : [ {
      "majorSchemaVersion" : 3,
      "name" : "bookscapm-destination-content",
      "isPublic" : false,
      "properties" : { },
      "parameters" : { },
      "propertiesMetadata" : {
        "metadata" : { }
      },
      "parametersMetadata" : {
        "metadata" : { }
      }
    } ],
    "propertiesMetadata" : {
      "metadata" : { }
    },
    "parametersMetadata" : {
      "metadata" : { }
    },
    "hooks" : [ ]
  }, {
    "majorSchemaVersion" : 3,
    "name" : "bookscapm-app-content",
    "type" : "com.sap.application.content",
    "path" : "bookscapm-app-content",
    "properties" : { },
    "parameters" : {
      "default-url" : "https://1fb9e48dtrial-dev-bookscapm-app-content.cfapps.us10-001.hana.ondemand.com",
      "default-app-name" : "bookscapm-app-content",
      "generated-password" : "********",
      "default-live-url" : "https://1fb9e48dtrial-dev-bookscapm-app-content.cfapps.us10-001.hana.ondemand.com",
      "default-uri" : "1fb9e48dtrial-dev-bookscapm-app-content.cfapps.us10-001.hana.ondemand.com",
      "default-instances" : 1,
      "default-live-host" : "1fb9e48dtrial-dev-bookscapm-app-content",
      "instances" : 1,
      "default-host" : "1fb9e48dtrial-dev-bookscapm-app-content",
      "app-name" : "bookscapm-app-content",
      "default-live-uri" : "1fb9e48dtrial-dev-bookscapm-app-content.cfapps.us10-001.hana.ondemand.com",
      "protocol" : "https",
      "default-live-app-name" : "bookscapm-app-content",
      "default-live-domain" : "cfapps.us10-001.hana.ondemand.com",
      "domain" : "cfapps.us10-001.hana.ondemand.com",
      "host" : "1fb9e48dtrial-dev-bookscapm-app-content",
      "generated-user" : "********"
    },
    "requiredDependencies" : [ {
      "majorSchemaVersion" : 3,
      "name" : "bookscapm_html_repo_host",
      "properties" : { },
      "parameters" : {
        "content-target" : true
      },
      "propertiesMetadata" : {
        "metadata" : { }
      },
      "parametersMetadata" : {
        "metadata" : { }
      }
    } ],
    "providedDependencies" : [ {
      "majorSchemaVersion" : 3,
      "name" : "bookscapm-app-content",
      "isPublic" : false,
      "properties" : { },
      "parameters" : { },
      "propertiesMetadata" : {
        "metadata" : { }
      },
      "parametersMetadata" : {
        "metadata" : { }
      }
    } ],
    "propertiesMetadata" : {
      "metadata" : { }
    },
    "parametersMetadata" : {
      "metadata" : { }
    },
    "hooks" : [ ]
  } ],
  "resources" : [ {
    "majorSchemaVersion" : 3,
    "name" : "bookscapm-db",
    "type" : "com.sap.xs.hdi-container",
    "properties" : { },
    "parameters" : {
      "generated-password" : "********",
      "service-name" : "bookscapm-db",
      "service-plan" : "hdi-shared",
      "service" : "hana",
      "generated-user" : "********",
      "default-xsappname" : "bookscapm-db",
      "type" : "managed-service",
      "default-service-name" : "bookscapm-db",
      "default-container-name" : "1FB9E48DTRIAL_DEV_BOOKSCAPM_DB"
    },
    "isActive" : true,
    "isOptional" : false,
    "propertiesMetadata" : {
      "metadata" : { }
    },
    "parametersMetadata" : {
      "metadata" : { }
    },
    "requiredDependencies" : [ ],
    "processedAfter" : [ ]
  }, {
    "majorSchemaVersion" : 3,
    "name" : "bookscapm-destination-service",
    "type" : "org.cloudfoundry.managed-service",
    "properties" : { },
    "parameters" : {
      "generated-password" : "********",
      "service-name" : "bookscapm-destination-service",
      "service-plan" : "lite",
      "service" : "destination",
      "generated-user" : "********",
      "default-xsappname" : "bookscapm-destination-service",
      "type" : "managed-service",
      "config" : {
        "HTML5Runtime_enabled" : true,
        "init_data" : {
          "instance" : {
            "destinations" : [ {
              "Authentication" : "********",
              "Name" : "ui5",
              "ProxyType" : "Internet",
              "Type" : "HTTP",
              "URL" : "https://ui5.sap.com"
            }, {
              "Authentication" : "********",
              "HTML5.DynamicDestination" : true,
              "HTML5.ForwardAuthToken" : "********",
              "Name" : "srv-api",
              "ProxyType" : "Internet",
              "Type" : "HTTP",
              "URL" : "https://1fb9e48dtrial-dev-bookscapm-srv.cfapps.us10-001.hana.ondemand.com"
            } ],
            "existing_destinations_policy" : "update"
          }
        },
        "version" : "1.0.0"
      },
      "default-service-name" : "bookscapm-destination-service",
      "default-container-name" : "1FB9E48DTRIAL_DEV_BOOKSCAPM_DESTINATION_SERVICE"
    },
    "isActive" : true,
    "isOptional" : false,
    "propertiesMetadata" : {
      "metadata" : { }
    },
    "parametersMetadata" : {
      "metadata" : { }
    },
    "requiredDependencies" : [ {
      "majorSchemaVersion" : 3,
      "name" : "srv-api",
      "properties" : { },
      "parameters" : { },
      "propertiesMetadata" : {
        "metadata" : { }
      },
      "parametersMetadata" : {
        "metadata" : { }
      }
    } ],
    "processedAfter" : [ ]
  }, {
    "majorSchemaVersion" : 3,
    "name" : "bookscapm_html_repo_host",
    "type" : "org.cloudfoundry.managed-service",
    "properties" : { },
    "parameters" : {
      "generated-password" : "********",
      "service-name" : "bookscapm-html5-app-host-service",
      "service-plan" : "app-host",
      "service" : "html5-apps-repo",
      "generated-user" : "********",
      "default-xsappname" : "bookscapm_html_repo_host",
      "type" : "managed-service",
      "default-service-name" : "bookscapm_html_repo_host",
      "default-container-name" : "1FB9E48DTRIAL_DEV_BOOKSCAPM_HTML_REPO_HOST"
    },
    "isActive" : true,
    "isOptional" : false,
    "propertiesMetadata" : {
      "metadata" : { }
    },
    "parametersMetadata" : {
      "metadata" : { }
    },
    "requiredDependencies" : [ ],
    "processedAfter" : [ ]
  }, {
    "majorSchemaVersion" : 3,
    "name" : "uaa_bookscapm",
    "type" : "org.cloudfoundry.managed-service",
    "properties" : { },
    "parameters" : {
      "generated-password" : "********",
      "path" : "./xs-security.json",
      "service-name" : "bookscapm-xsuaa-service",
      "service-plan" : "application",
      "service" : "xsuaa",
      "generated-user" : "********",
      "default-xsappname" : "uaa_bookscapm",
      "type" : "managed-service",
      "default-service-name" : "uaa_bookscapm",
      "default-container-name" : "1FB9E48DTRIAL_DEV_UAA_BOOKSCAPM"
    },
    "isActive" : true,
    "isOptional" : false,
    "propertiesMetadata" : {
      "metadata" : { }
    },
    "parametersMetadata" : {
      "metadata" : { }
    },
    "requiredDependencies" : [ ],
    "processedAfter" : [ ]
  } ],
  "parameters" : {
    "deploy_mode" : "html5-repo",
    "mta-id" : "bookscapm",
    "authorization-url" : "********",
    "org-guid" : "8ca7719c-a1c5-4100-832b-9bfcd0e73c43",
    "org" : "1fb9e48dtrial",
    "deploy-target" : "1fb9e48dtrial dev",
    "enable-parallel-deployments" : true,
    "region-primary-domain" : "us10.hana.ondemand.com",
    "space" : "dev",
    "region-domain" : "us10-001.hana.ondemand.com",
    "xs-api-url" : "https://api.cf.us10-001.hana.ondemand.com",
    "deploy-url" : "deploy-service.cfapps.us10-001.hana.ondemand.com",
    "xs-type" : "CF",
    "default-domain" : "cfapps.us10-001.hana.ondemand.com",
    "mta-version" : "1.0.0",
    "xs-auth-url" : "********",
    "space-guid" : "5d8a2d66-1cdf-4f95-ae67-ef9fb5cde8d1",
    "user" : "********",
    "controller-url" : "https://api.cf.us10-001.hana.ondemand.com",
    "timestamp" : "20260818114500"
  },
  "parametersMetadata" : {
    "metadata" : { }
  }
}#
#2026 08 18 11:45:20.931#Z#DEBUG#3e4f6cdc-9afa-11f1-818d-eeee0a9896c2.OPERATION#flowable-async-job-executor-thread-13432#
[ProcessDescriptorStep] Merged descriptor properties and parameters resolved#
#2026 08 18 11:45:20.931#Z#DEBUG#3e4f6cdc-9afa-11f1-818d-eeee0a9896c2.OPERATION#flowable-async-job-executor-thread-13432#
Step "Re-Process Descriptor Step" finished#
#2026 08 18 11:45:20.965#Z#DEBUG#3e4f6cdc-9afa-11f1-818d-eeee0a9896c2.OPERATION#flowable-async-job-executor-thread-13432#
[BuildApplicationDeployModelStep] Executing task "buildApplicationDeployModelTask" of process "4a8f4276-9afa-11f1-8e71-eeee0a87f90b"...#
#2026 08 18 11:45:20.967#Z#DEBUG#3e4f6cdc-9afa-11f1-818d-eeee0a9896c2.OPERATION#flowable-async-job-executor-thread-13432#
[BuildApplicationDeployModelStep] Building cloud deployment model for application "bookscapm-srv"...#
#2026 08 18 11:45:20.971#Z#DEBUG#3e4f6cdc-9afa-11f1-818d-eeee0a9896c2.OPERATION#flowable-async-job-executor-thread-13432#
[BuildApplicationDeployModelStep] No health-check-type is specified. Setting default type: port#
#2026 08 18 11:45:20.971#Z#INFO#3e4f6cdc-9afa-11f1-818d-eeee0a9896c2.OPERATION#flowable-async-job-executor-thread-13432#
[BuildApplicationDeployModelStep] Building configuration entries for org 1fb9e48dtrial, space dev, spaceId 5d8a2d66-1cdf-4f95-ae67-ef9fb5cde8d1 and namespace null!#
#2026 08 18 11:45:20.972#Z#DEBUG#3e4f6cdc-9afa-11f1-818d-eeee0a9896c2.OPERATION#flowable-async-job-executor-thread-13432#
[BuildApplicationDeployModelStep] Configuration entries to publish: [ ]#
#2026 08 18 11:45:20.972#Z#DEBUG#3e4f6cdc-9afa-11f1-818d-eeee0a9896c2.OPERATION#flowable-async-job-executor-thread-13432#
[BuildApplicationDeployModelStep] Cloud deployment model for application built#
#2026 08 18 11:45:20.972#Z#DEBUG#3e4f6cdc-9afa-11f1-818d-eeee0a9896c2.OPERATION#flowable-async-job-executor-thread-13432#
Step "Build Application Deploy Model" finished#
#2026 08 18 11:45:21.012#Z#DEBUG#3e4f6cdc-9afa-11f1-818d-eeee0a9896c2.OPERATION#flowable-async-job-executor-thread-13432#
[CreateOrUpdateAppStep] Executing task "createAppTask" of process "4a8f4276-9afa-11f1-8e71-eeee0a87f90b"...#
#2026 08 18 11:45:21.014#Z#DEBUG#3e4f6cdc-9afa-11f1-818d-eeee0a9896c2.OPERATION#flowable-async-job-executor-thread-13432#
[CreateOrUpdateAppStep] Getting application "bookscapm-srv"...#
#2026 08 18 11:45:21.046#Z#INFO#3e4f6cdc-9afa-11f1-818d-eeee0a9896c2.OPERATION#flowable-async-job-executor-thread-13432#
[CreateOrUpdateAppStep] Creating application "bookscapm-srv" from MTA module "bookscapm-srv"...#
#2026 08 18 11:45:21.051#Z#DEBUG#3e4f6cdc-9afa-11f1-818d-eeee0a9896c2.OPERATION#flowable-async-job-executor-thread-13432#
[CreateOrUpdateAppStep] Creating application "bookscapm-srv" with disk "null" memory "null", URIs "1fb9e48dtrial-dev-bookscapm-srv.cfapps.us10-001.hana.ondemand.com" and staging: "{
  "buildpacks" : [ "nodejs_buildpack" ],
  "healthCheckType" : "port",
  "appFeatures" : { }
}"#
#2026 08 18 11:45:21.473#Z#DEBUG#3e4f6cdc-9afa-11f1-818d-eeee0a9896c2.OPERATION#flowable-async-job-executor-thread-13432#
[CreateOrUpdateAppStep] Application "bookscapm-srv" created#
#2026 08 18 11:45:21.473#Z#DEBUG#3e4f6cdc-9afa-11f1-818d-eeee0a9896c2.OPERATION#flowable-async-job-executor-thread-13432#
Step "Create App" finished#
#2026 08 18 11:45:21.551#Z#DEBUG#3e4f6cdc-9afa-11f1-818d-eeee0a9896c2.OPERATION#flowable-async-job-executor-thread-13432#
[CheckServiceBindingOperationStep] Executing task "checkForServiceBindingOperationInProgress" of process "4af3825a-9afa-11f1-8e71-eeee0a87f90b"...#
#2026 08 18 11:45:21.551#Z#DEBUG#3e4f6cdc-9afa-11f1-818d-eeee0a9896c2.OPERATION#flowable-async-job-executor-thread-13432#
[CheckServiceBindingOperationStep] Checking for service binding operation in progress between app "bookscapm-srv" and service instance "bookscapm-db"#
#2026 08 18 11:45:21.551#Z#DEBUG#3e4f6cdc-9afa-11f1-818d-eeee0a9896c2.OPERATION#flowable-async-job-executor-thread-13432#
[CheckServiceBindingOperationStep] Getting application guid "bookscapm-srv"...#
#2026 08 18 11:45:21.585#Z#DEBUG#3e4f6cdc-9afa-11f1-818d-eeee0a9896c2.OPERATION#flowable-async-job-executor-thread-13432#
[CheckServiceBindingOperationStep] Getting GUID of required service instance "bookscapm-db"...#
#2026 08 18 11:45:21.613#Z#DEBUG#3e4f6cdc-9afa-11f1-818d-eeee0a9896c2.OPERATION#flowable-async-job-executor-thread-13432#
[CheckServiceBindingOperationStep] Getting binding of service instance "24df4fe9-e67b-4d75-a6ed-b547dc8c357e" with application "e4fbc9e0-0224-4a88-a46f-eef717330b07"...#
#2026 08 18 11:45:21.638#Z#DEBUG#3e4f6cdc-9afa-11f1-818d-eeee0a9896c2.OPERATION#flowable-async-job-executor-thread-13432#
Step "Check For Service Binding Operation In Progress" finished#
#2026 08 18 11:45:21.666#Z#DEBUG#3e4f6cdc-9afa-11f1-818d-eeee0a9896c2.OPERATION#flowable-async-job-executor-thread-13432#
[DetermineApplicationServiceBindingActionsStep] Executing task "determineApplicationServiceBindingActionsTask" of process "4af3825a-9afa-11f1-8e71-eeee0a87f90b"...#
#2026 08 18 11:45:21.667#Z#DEBUG#3e4f6cdc-9afa-11f1-818d-eeee0a9896c2.OPERATION#flowable-async-job-executor-thread-13432#
[DetermineApplicationServiceBindingActionsStep] Determine bind/unbind operations of application "bookscapm-srv" to service instance "bookscapm-db"#
#2026 08 18 11:45:21.667#Z#DEBUG#3e4f6cdc-9afa-11f1-818d-eeee0a9896c2.OPERATION#flowable-async-job-executor-thread-13432#
[DetermineApplicationServiceBindingActionsStep] Getting application "bookscapm-srv"...#
#2026 08 18 11:45:21.702#Z#DEBUG#3e4f6cdc-9afa-11f1-818d-eeee0a9896c2.OPERATION#flowable-async-job-executor-thread-13432#
[DetermineApplicationServiceBindingActionsStep] Binding parameters for application "bookscapm-srv": { }#
#2026 08 18 11:45:21.734#Z#DEBUG#3e4f6cdc-9afa-11f1-818d-eeee0a9896c2.OPERATION#flowable-async-job-executor-thread-13432#
[DetermineApplicationServiceBindingActionsStep] Calculated binding operations between application "bookscapm-srv" and service instance "bookscapm-db": unbind - false bind - true#
#2026 08 18 11:45:21.734#Z#DEBUG#3e4f6cdc-9afa-11f1-818d-eeee0a9896c2.OPERATION#flowable-async-job-executor-thread-13432#
Step "Determine Application Service Binding Actions" finished#
#2026 08 18 11:45:21.765#Z#DEBUG#3e4f6cdc-9afa-11f1-818d-eeee0a9896c2.OPERATION#flowable-async-job-executor-thread-13432#
[BindServiceToApplicationStep] Executing task "bindServiceToApplicationTask" of process "4af3825a-9afa-11f1-8e71-eeee0a87f90b"...#
#2026 08 18 11:45:21.766#Z#INFO#3e4f6cdc-9afa-11f1-818d-eeee0a9896c2.OPERATION#flowable-async-job-executor-thread-13432#
[BindServiceToApplicationStep] Binding service instance "bookscapm-db" to application "bookscapm-srv"...#
#2026 08 18 11:45:21.772#Z#DEBUG#3e4f6cdc-9afa-11f1-818d-eeee0a9896c2.OPERATION#flowable-async-job-executor-thread-13432#
[BindServiceToApplicationStep] Binding service instance "bookscapm-db" to application "bookscapm-srv" with parameters: { }#
#2026 08 18 11:45:21.883#Z#DEBUG#3e4f6cdc-9afa-11f1-818d-eeee0a9896c2.OPERATION#flowable-async-job-executor-thread-13432#
Step "Bind Service to Application" finished#
#2026 08 18 11:45:23.593#Z#DEBUG#3e4f6cdc-9afa-11f1-818d-eeee0a9896c2.OPERATION#flowable-async-job-executor-thread-13434#
[ProcessDescriptorStep] Executing task "reprocessDescriptorTask" of process "4c2599bd-9afa-11f1-8e71-eeee0a87f90b"...#
#2026 08 18 11:45:23.594#Z#DEBUG#3e4f6cdc-9afa-11f1-818d-eeee0a9896c2.OPERATION#flowable-async-job-executor-thread-13434#
[ProcessDescriptorStep] Resolving properties and parameters in merged descriptor...#
#2026 08 18 11:45:23.599#Z#DEBUG#3e4f6cdc-9afa-11f1-818d-eeee0a9896c2.OPERATION#flowable-async-job-executor-thread-13434#
[ProcessDescriptorStep] Subscriptions: [ ]#
#2026 08 18 11:45:23.608#Z#DEBUG#3e4f6cdc-9afa-11f1-818d-eeee0a9896c2.OPERATION#flowable-async-job-executor-thread-13434#
[ProcessDescriptorStep] MTA modules: [bookscapm-srv, bookscapm-app-content, bookscapm-db-deployer, bookscapm-destination-content]#
#2026 08 18 11:45:23.613#Z#DEBUG#3e4f6cdc-9afa-11f1-818d-eeee0a9896c2.OPERATION#flowable-async-job-executor-thread-13434#
[ProcessDescriptorStep] Resolved deployment descriptor: {
  "majorSchemaVersion" : 3,
  "schemaVersion" : "3.3.0",
  "id" : "bookscapm",
  "version" : "1.0.0",
  "modules" : [ {
    "majorSchemaVersion" : 3,
    "name" : "bookscapm-srv",
    "type" : "javascript.nodejs",
    "path" : "bookscapm-srv",
    "properties" : { },
    "parameters" : {
      "default-url" : "https://1fb9e48dtrial-dev-bookscapm-srv.cfapps.us10-001.hana.ondemand.com",
      "default-app-name" : "bookscapm-srv",
      "generated-password" : "********",
      "default-live-url" : "https://1fb9e48dtrial-dev-bookscapm-srv.cfapps.us10-001.hana.ondemand.com",
      "default-uri" : "1fb9e48dtrial-dev-bookscapm-srv.cfapps.us10-001.hana.ondemand.com",
      "default-instances" : 1,
      "default-live-host" : "1fb9e48dtrial-dev-bookscapm-srv",
      "instances" : 1,
      "buildpack" : "nodejs_buildpack",
      "default-host" : "1fb9e48dtrial-dev-bookscapm-srv",
      "app-name" : "bookscapm-srv",
      "default-live-uri" : "1fb9e48dtrial-dev-bookscapm-srv.cfapps.us10-001.hana.ondemand.com",
      "protocol" : "https",
      "default-live-app-name" : "bookscapm-srv",
      "default-live-domain" : "cfapps.us10-001.hana.ondemand.com",
      "domain" : "cfapps.us10-001.hana.ondemand.com",
      "host" : "1fb9e48dtrial-dev-bookscapm-srv",
      "generated-user" : "********"
    },
    "requiredDependencies" : [ {
      "majorSchemaVersion" : 3,
      "name" : "bookscapm-db",
      "properties" : { },
      "parameters" : { },
      "propertiesMetadata" : {
        "metadata" : { }
      },
      "parametersMetadata" : {
        "metadata" : { }
      }
    }, {
      "majorSchemaVersion" : 3,
      "name" : "uaa_bookscapm",
      "properties" : { },
      "parameters" : { },
      "propertiesMetadata" : {
        "metadata" : { }
      },
      "parametersMetadata" : {
        "metadata" : { }
      }
    } ],
    "providedDependencies" : [ {
      "majorSchemaVersion" : 3,
      "name" : "srv-api",
      "isPublic" : false,
      "properties" : {
        "srv-url" : "https://1fb9e48dtrial-dev-bookscapm-srv.cfapps.us10-001.hana.ondemand.com"
      },
      "parameters" : { },
      "propertiesMetadata" : {
        "metadata" : { }
      },
      "parametersMetadata" : {
        "metadata" : { }
      }
    }, {
      "majorSchemaVersion" : 3,
      "name" : "bookscapm-srv",
      "isPublic" : false,
      "properties" : { },
      "parameters" : { },
      "propertiesMetadata" : {
        "metadata" : { }
      },
      "parametersMetadata" : {
        "metadata" : { }
      }
    } ],
    "propertiesMetadata" : {
      "metadata" : { }
    },
    "parametersMetadata" : {
      "metadata" : { }
    },
    "hooks" : [ ]
  }, {
    "majorSchemaVersion" : 3,
    "name" : "bookscapm-db-deployer",
    "type" : "com.sap.xs.hdi",
    "path" : "bookscapm-db-deployer",
    "properties" : {
      "EXIT" : 1
    },
    "parameters" : {
      "default-url" : "https://1fb9e48dtrial-dev-bookscapm-db-deployer.cfapps.us10-001.hana.ondemand.com",
      "default-app-name" : "bookscapm-db-deployer",
      "generated-password" : "********",
      "default-live-url" : "https://1fb9e48dtrial-dev-bookscapm-db-deployer.cfapps.us10-001.hana.ondemand.com",
      "default-uri" : "1fb9e48dtrial-dev-bookscapm-db-deployer.cfapps.us10-001.hana.ondemand.com",
      "memory" : "256M",
      "default-instances" : 1,
      "no-route" : true,
      "default-live-host" : "1fb9e48dtrial-dev-bookscapm-db-deployer",
      "instances" : 1,
      "buildpack" : "nodejs_buildpack",
      "default-host" : "1fb9e48dtrial-dev-bookscapm-db-deployer",
      "app-name" : "bookscapm-db-deployer",
      "default-live-uri" : "1fb9e48dtrial-dev-bookscapm-db-deployer.cfapps.us10-001.hana.ondemand.com",
      "protocol" : "https",
      "default-live-app-name" : "bookscapm-db-deployer",
      "default-live-domain" : "cfapps.us10-001.hana.ondemand.com",
      "dependency-type" : "hard",
      "domain" : "cfapps.us10-001.hana.ondemand.com",
      "host" : "1fb9e48dtrial-dev-bookscapm-db-deployer",
      "generated-user" : "********",
      "tasks" : [ {
        "command" : "npm start",
        "memory" : "256M",
        "name" : "deploy"
      } ],
      "no-start" : true
    },
    "requiredDependencies" : [ {
      "majorSchemaVersion" : 3,
      "name" : "bookscapm-db",
      "properties" : { },
      "parameters" : { },
      "propertiesMetadata" : {
        "metadata" : { }
      },
      "parametersMetadata" : {
        "metadata" : { }
      }
    } ],
    "providedDependencies" : [ {
      "majorSchemaVersion" : 3,
      "name" : "bookscapm-db-deployer",
      "isPublic" : false,
      "properties" : { },
      "parameters" : { },
      "propertiesMetadata" : {
        "metadata" : { }
      },
      "parametersMetadata" : {
        "metadata" : { }
      }
    } ],
    "propertiesMetadata" : {
      "metadata" : { }
    },
    "parametersMetadata" : {
      "metadata" : { }
    },
    "hooks" : [ ]
  }, {
    "majorSchemaVersion" : 3,
    "name" : "bookscapm-destination-content",
    "type" : "com.sap.application.content",
    "properties" : { },
    "parameters" : {
      "default-url" : "https://1fb9e48dtrial-dev-bookscapm-destination-content.cfapps.us10-001.hana.ondemand.com",
      "default-app-name" : "bookscapm-destination-content",
      "generated-password" : "********",
      "default-live-url" : "https://1fb9e48dtrial-dev-bookscapm-destination-content.cfapps.us10-001.hana.ondemand.com",
      "default-uri" : "1fb9e48dtrial-dev-bookscapm-destination-content.cfapps.us10-001.hana.ondemand.com",
      "default-instances" : 1,
      "default-live-host" : "1fb9e48dtrial-dev-bookscapm-destination-content",
      "instances" : 1,
      "default-host" : "1fb9e48dtrial-dev-bookscapm-destination-content",
      "content" : {
        "instance" : {
          "destinations" : [ {
            "Name" : "bookscapmapplicationrouter_bookscapm_html_repo_host",
            "ServiceInstanceName" : "bookscapm-html5-app-host-service",
            "ServiceKeyName" : "********",
            "sap.cloud.service" : "bookscapmapplicationrouter"
          }, {
            "Authentication" : "********",
            "Name" : "bookscapmapplicationrouter_uaa_bookscapm",
            "ServiceInstanceName" : "bookscapm-xsuaa-service",
            "ServiceKeyName" : "********",
            "sap.cloud.service" : "bookscapmapplicationrouter"
          } ],
          "existing_destinations_policy" : "ignore"
        }
      },
      "app-name" : "bookscapm-destination-content",
      "default-live-uri" : "1fb9e48dtrial-dev-bookscapm-destination-content.cfapps.us10-001.hana.ondemand.com",
      "protocol" : "https",
      "default-live-app-name" : "bookscapm-destination-content",
      "default-live-domain" : "cfapps.us10-001.hana.ondemand.com",
      "domain" : "cfapps.us10-001.hana.ondemand.com",
      "host" : "1fb9e48dtrial-dev-bookscapm-destination-content",
      "generated-user" : "********"
    },
    "requiredDependencies" : [ {
      "majorSchemaVersion" : 3,
      "name" : "bookscapm-destination-service",
      "properties" : { },
      "parameters" : {
        "content-target" : true
      },
      "propertiesMetadata" : {
        "metadata" : { }
      },
      "parametersMetadata" : {
        "metadata" : { }
      }
    }, {
      "majorSchemaVersion" : 3,
      "name" : "bookscapm_html_repo_host",
      "properties" : { },
      "parameters" : {
        "service-key" : "********"
      },
      "propertiesMetadata" : {
        "metadata" : { }
      },
      "parametersMetadata" : {
        "metadata" : { }
      }
    }, {
      "majorSchemaVersion" : 3,
      "name" : "uaa_bookscapm",
      "properties" : { },
      "parameters" : {
        "service-key" : "********"
      },
      "propertiesMetadata" : {
        "metadata" : { }
      },
      "parametersMetadata" : {
        "metadata" : { }
      }
    } ],
    "providedDependencies" : [ {
      "majorSchemaVersion" : 3,
      "name" : "bookscapm-destination-content",
      "isPublic" : false,
      "properties" : { },
      "parameters" : { },
      "propertiesMetadata" : {
        "metadata" : { }
      },
      "parametersMetadata" : {
        "metadata" : { }
      }
    } ],
    "propertiesMetadata" : {
      "metadata" : { }
    },
    "parametersMetadata" : {
      "metadata" : { }
    },
    "hooks" : [ ]
  }, {
    "majorSchemaVersion" : 3,
    "name" : "bookscapm-app-content",
    "type" : "com.sap.application.content",
    "path" : "bookscapm-app-content",
    "properties" : { },
    "parameters" : {
      "default-url" : "https://1fb9e48dtrial-dev-bookscapm-app-content.cfapps.us10-001.hana.ondemand.com",
      "default-app-name" : "bookscapm-app-content",
      "generated-password" : "********",
      "default-live-url" : "https://1fb9e48dtrial-dev-bookscapm-app-content.cfapps.us10-001.hana.ondemand.com",
      "default-uri" : "1fb9e48dtrial-dev-bookscapm-app-content.cfapps.us10-001.hana.ondemand.com",
      "default-instances" : 1,
      "default-live-host" : "1fb9e48dtrial-dev-bookscapm-app-content",
      "instances" : 1,
      "default-host" : "1fb9e48dtrial-dev-bookscapm-app-content",
      "app-name" : "bookscapm-app-content",
      "default-live-uri" : "1fb9e48dtrial-dev-bookscapm-app-content.cfapps.us10-001.hana.ondemand.com",
      "protocol" : "https",
      "default-live-app-name" : "bookscapm-app-content",
      "default-live-domain" : "cfapps.us10-001.hana.ondemand.com",
      "domain" : "cfapps.us10-001.hana.ondemand.com",
      "host" : "1fb9e48dtrial-dev-bookscapm-app-content",
      "generated-user" : "********"
    },
    "requiredDependencies" : [ {
      "majorSchemaVersion" : 3,
      "name" : "bookscapm_html_repo_host",
      "properties" : { },
      "parameters" : {
        "content-target" : true
      },
      "propertiesMetadata" : {
        "metadata" : { }
      },
      "parametersMetadata" : {
        "metadata" : { }
      }
    } ],
    "providedDependencies" : [ {
      "majorSchemaVersion" : 3,
      "name" : "bookscapm-app-content",
      "isPublic" : false,
      "properties" : { },
      "parameters" : { },
      "propertiesMetadata" : {
        "metadata" : { }
      },
      "parametersMetadata" : {
        "metadata" : { }
      }
    } ],
    "propertiesMetadata" : {
      "metadata" : { }
    },
    "parametersMetadata" : {
      "metadata" : { }
    },
    "hooks" : [ ]
  } ],
  "resources" : [ {
    "majorSchemaVersion" : 3,
    "name" : "bookscapm-db",
    "type" : "com.sap.xs.hdi-container",
    "properties" : { },
    "parameters" : {
      "generated-password" : "********",
      "service-name" : "bookscapm-db",
      "service-plan" : "hdi-shared",
      "service" : "hana",
      "generated-user" : "********",
      "default-xsappname" : "bookscapm-db",
      "type" : "managed-service",
      "default-service-name" : "bookscapm-db",
      "default-container-name" : "1FB9E48DTRIAL_DEV_BOOKSCAPM_DB"
    },
    "isActive" : true,
    "isOptional" : false,
    "propertiesMetadata" : {
      "metadata" : { }
    },
    "parametersMetadata" : {
      "metadata" : { }
    },
    "requiredDependencies" : [ ],
    "processedAfter" : [ ]
  }, {
    "majorSchemaVersion" : 3,
    "name" : "bookscapm-destination-service",
    "type" : "org.cloudfoundry.managed-service",
    "properties" : { },
    "parameters" : {
      "generated-password" : "********",
      "service-name" : "bookscapm-destination-service",
      "service-plan" : "lite",
      "service" : "destination",
      "generated-user" : "********",
      "default-xsappname" : "bookscapm-destination-service",
      "type" : "managed-service",
      "config" : {
        "HTML5Runtime_enabled" : true,
        "init_data" : {
          "instance" : {
            "destinations" : [ {
              "Authentication" : "********",
              "Name" : "ui5",
              "ProxyType" : "Internet",
              "Type" : "HTTP",
              "URL" : "https://ui5.sap.com"
            }, {
              "Authentication" : "********",
              "HTML5.DynamicDestination" : true,
              "HTML5.ForwardAuthToken" : "********",
              "Name" : "srv-api",
              "ProxyType" : "Internet",
              "Type" : "HTTP",
              "URL" : "https://1fb9e48dtrial-dev-bookscapm-srv.cfapps.us10-001.hana.ondemand.com"
            } ],
            "existing_destinations_policy" : "update"
          }
        },
        "version" : "1.0.0"
      },
      "default-service-name" : "bookscapm-destination-service",
      "default-container-name" : "1FB9E48DTRIAL_DEV_BOOKSCAPM_DESTINATION_SERVICE"
    },
    "isActive" : true,
    "isOptional" : false,
    "propertiesMetadata" : {
      "metadata" : { }
    },
    "parametersMetadata" : {
      "metadata" : { }
    },
    "requiredDependencies" : [ {
      "majorSchemaVersion" : 3,
      "name" : "srv-api",
      "properties" : { },
      "parameters" : { },
      "propertiesMetadata" : {
        "metadata" : { }
      },
      "parametersMetadata" : {
        "metadata" : { }
      }
    } ],
    "processedAfter" : [ ]
  }, {
    "majorSchemaVersion" : 3,
    "name" : "bookscapm_html_repo_host",
    "type" : "org.cloudfoundry.managed-service",
    "properties" : { },
    "parameters" : {
      "generated-password" : "********",
      "service-name" : "bookscapm-html5-app-host-service",
      "service-plan" : "app-host",
      "service" : "html5-apps-repo",
      "generated-user" : "********",
      "default-xsappname" : "bookscapm_html_repo_host",
      "type" : "managed-service",
      "default-service-name" : "bookscapm_html_repo_host",
      "default-container-name" : "1FB9E48DTRIAL_DEV_BOOKSCAPM_HTML_REPO_HOST"
    },
    "isActive" : true,
    "isOptional" : false,
    "propertiesMetadata" : {
      "metadata" : { }
    },
    "parametersMetadata" : {
      "metadata" : { }
    },
    "requiredDependencies" : [ ],
    "processedAfter" : [ ]
  }, {
    "majorSchemaVersion" : 3,
    "name" : "uaa_bookscapm",
    "type" : "org.cloudfoundry.managed-service",
    "properties" : { },
    "parameters" : {
      "generated-password" : "********",
      "path" : "./xs-security.json",
      "service-name" : "bookscapm-xsuaa-service",
      "service-plan" : "application",
      "service" : "xsuaa",
      "generated-user" : "********",
      "default-xsappname" : "uaa_bookscapm",
      "type" : "managed-service",
      "default-service-name" : "uaa_bookscapm",
      "default-container-name" : "1FB9E48DTRIAL_DEV_UAA_BOOKSCAPM"
    },
    "isActive" : true,
    "isOptional" : false,
    "propertiesMetadata" : {
      "metadata" : { }
    },
    "parametersMetadata" : {
      "metadata" : { }
    },
    "requiredDependencies" : [ ],
    "processedAfter" : [ ]
  } ],
  "parameters" : {
    "deploy_mode" : "html5-repo",
    "mta-id" : "bookscapm",
    "authorization-url" : "********",
    "org-guid" : "8ca7719c-a1c5-4100-832b-9bfcd0e73c43",
    "org" : "1fb9e48dtrial",
    "deploy-target" : "1fb9e48dtrial dev",
    "enable-parallel-deployments" : true,
    "region-primary-domain" : "us10.hana.ondemand.com",
    "space" : "dev",
    "region-domain" : "us10-001.hana.ondemand.com",
    "xs-api-url" : "https://api.cf.us10-001.hana.ondemand.com",
    "deploy-url" : "deploy-service.cfapps.us10-001.hana.ondemand.com",
    "xs-type" : "CF",
    "default-domain" : "cfapps.us10-001.hana.ondemand.com",
    "mta-version" : "1.0.0",
    "xs-auth-url" : "********",
    "space-guid" : "5d8a2d66-1cdf-4f95-ae67-ef9fb5cde8d1",
    "user" : "********",
    "controller-url" : "https://api.cf.us10-001.hana.ondemand.com",
    "timestamp" : "20260818114500"
  },
  "parametersMetadata" : {
    "metadata" : { }
  }
}#
#2026 08 18 11:45:23.613#Z#DEBUG#3e4f6cdc-9afa-11f1-818d-eeee0a9896c2.OPERATION#flowable-async-job-executor-thread-13434#
[ProcessDescriptorStep] Merged descriptor properties and parameters resolved#
#2026 08 18 11:45:23.613#Z#DEBUG#3e4f6cdc-9afa-11f1-818d-eeee0a9896c2.OPERATION#flowable-async-job-executor-thread-13434#
Step "Re-Process Descriptor Step" finished#
#2026 08 18 11:45:23.649#Z#DEBUG#3e4f6cdc-9afa-11f1-818d-eeee0a9896c2.OPERATION#flowable-async-job-executor-thread-13434#
[BuildApplicationDeployModelStep] Executing task "buildApplicationDeployModelTask" of process "4c2599bd-9afa-11f1-8e71-eeee0a87f90b"...#
#2026 08 18 11:45:23.653#Z#DEBUG#3e4f6cdc-9afa-11f1-818d-eeee0a9896c2.OPERATION#flowable-async-job-executor-thread-13434#
[BuildApplicationDeployModelStep] Building cloud deployment model for application "bookscapm-db-deployer"...#
#2026 08 18 11:45:23.658#Z#DEBUG#3e4f6cdc-9afa-11f1-818d-eeee0a9896c2.OPERATION#flowable-async-job-executor-thread-13434#
[BuildApplicationDeployModelStep] No health-check-type is specified. Setting default type: port#
#2026 08 18 11:45:23.658#Z#INFO#3e4f6cdc-9afa-11f1-818d-eeee0a9896c2.OPERATION#flowable-async-job-executor-thread-13434#
[BuildApplicationDeployModelStep] Building configuration entries for org 1fb9e48dtrial, space dev, spaceId 5d8a2d66-1cdf-4f95-ae67-ef9fb5cde8d1 and namespace null!#
#2026 08 18 11:45:23.659#Z#DEBUG#3e4f6cdc-9afa-11f1-818d-eeee0a9896c2.OPERATION#flowable-async-job-executor-thread-13434#
[BuildApplicationDeployModelStep] Configuration entries to publish: [ ]#
#2026 08 18 11:45:23.659#Z#DEBUG#3e4f6cdc-9afa-11f1-818d-eeee0a9896c2.OPERATION#flowable-async-job-executor-thread-13434#
[BuildApplicationDeployModelStep] Cloud deployment model for application built#
#2026 08 18 11:45:23.659#Z#DEBUG#3e4f6cdc-9afa-11f1-818d-eeee0a9896c2.OPERATION#flowable-async-job-executor-thread-13434#
Step "Build Application Deploy Model" finished#
#2026 08 18 11:45:23.607#Z#DEBUG#3e4f6cdc-9afa-11f1-818d-eeee0a9896c2.OPERATION#flowable-async-job-executor-thread-13422#
[CheckServiceBindingOperationStep] Executing task "checkForServiceBindingOperationInProgress" of process "4c2b8d7e-9afa-11f1-8e71-eeee0a87f90b"...#
#2026 08 18 11:45:23.607#Z#DEBUG#3e4f6cdc-9afa-11f1-818d-eeee0a9896c2.OPERATION#flowable-async-job-executor-thread-13422#
[CheckServiceBindingOperationStep] Checking for service binding operation in progress between app "bookscapm-srv" and service instance "bookscapm-xsuaa-service"#
#2026 08 18 11:45:23.608#Z#DEBUG#3e4f6cdc-9afa-11f1-818d-eeee0a9896c2.OPERATION#flowable-async-job-executor-thread-13422#
[CheckServiceBindingOperationStep] Getting application guid "bookscapm-srv"...#
#2026 08 18 11:45:23.639#Z#DEBUG#3e4f6cdc-9afa-11f1-818d-eeee0a9896c2.OPERATION#flowable-async-job-executor-thread-13422#
[CheckServiceBindingOperationStep] Getting GUID of required service instance "bookscapm-xsuaa-service"...#
#2026 08 18 11:45:23.668#Z#DEBUG#3e4f6cdc-9afa-11f1-818d-eeee0a9896c2.OPERATION#flowable-async-job-executor-thread-13422#
[CheckServiceBindingOperationStep] Getting binding of service instance "651b5a33-914f-4737-b7bd-350a7a9d2a6d" with application "e4fbc9e0-0224-4a88-a46f-eef717330b07"...#
#2026 08 18 11:45:23.697#Z#DEBUG#3e4f6cdc-9afa-11f1-818d-eeee0a9896c2.OPERATION#flowable-async-job-executor-thread-13422#
Step "Check For Service Binding Operation In Progress" finished#
#2026 08 18 11:45:23.727#Z#DEBUG#3e4f6cdc-9afa-11f1-818d-eeee0a9896c2.OPERATION#flowable-async-job-executor-thread-13422#
[DetermineApplicationServiceBindingActionsStep] Executing task "determineApplicationServiceBindingActionsTask" of process "4c2b8d7e-9afa-11f1-8e71-eeee0a87f90b"...#
#2026 08 18 11:45:23.728#Z#DEBUG#3e4f6cdc-9afa-11f1-818d-eeee0a9896c2.OPERATION#flowable-async-job-executor-thread-13422#
[DetermineApplicationServiceBindingActionsStep] Determine bind/unbind operations of application "bookscapm-srv" to service instance "bookscapm-xsuaa-service"#
#2026 08 18 11:45:23.728#Z#DEBUG#3e4f6cdc-9afa-11f1-818d-eeee0a9896c2.OPERATION#flowable-async-job-executor-thread-13422#
[DetermineApplicationServiceBindingActionsStep] Getting application "bookscapm-srv"...#
#2026 08 18 11:45:23.762#Z#DEBUG#3e4f6cdc-9afa-11f1-818d-eeee0a9896c2.OPERATION#flowable-async-job-executor-thread-13422#
[DetermineApplicationServiceBindingActionsStep] Binding parameters for application "bookscapm-srv": { }#
#2026 08 18 11:45:23.793#Z#DEBUG#3e4f6cdc-9afa-11f1-818d-eeee0a9896c2.OPERATION#flowable-async-job-executor-thread-13422#
[DetermineApplicationServiceBindingActionsStep] Calculated binding operations between application "bookscapm-srv" and service instance "bookscapm-xsuaa-service": unbind - false bind - true#
#2026 08 18 11:45:23.793#Z#DEBUG#3e4f6cdc-9afa-11f1-818d-eeee0a9896c2.OPERATION#flowable-async-job-executor-thread-13422#
Step "Determine Application Service Binding Actions" finished#
#2026 08 18 11:45:23.828#Z#DEBUG#3e4f6cdc-9afa-11f1-818d-eeee0a9896c2.OPERATION#flowable-async-job-executor-thread-13422#
[BindServiceToApplicationStep] Executing task "bindServiceToApplicationTask" of process "4c2b8d7e-9afa-11f1-8e71-eeee0a87f90b"...#
#2026 08 18 11:45:23.832#Z#INFO#3e4f6cdc-9afa-11f1-818d-eeee0a9896c2.OPERATION#flowable-async-job-executor-thread-13422#
[BindServiceToApplicationStep] Binding service instance "bookscapm-xsuaa-service" to application "bookscapm-srv"...#
#2026 08 18 11:45:23.838#Z#DEBUG#3e4f6cdc-9afa-11f1-818d-eeee0a9896c2.OPERATION#flowable-async-job-executor-thread-13422#
[BindServiceToApplicationStep] Binding service instance "bookscapm-xsuaa-service" to application "bookscapm-srv" with parameters: { }#
#2026 08 18 11:45:23.979#Z#DEBUG#3e4f6cdc-9afa-11f1-818d-eeee0a9896c2.OPERATION#flowable-async-job-executor-thread-13422#
Step "Bind Service to Application" finished#
#2026 08 18 11:45:23.695#Z#DEBUG#3e4f6cdc-9afa-11f1-818d-eeee0a9896c2.OPERATION#flowable-async-job-executor-thread-13434#
[CreateOrUpdateAppStep] Executing task "createAppTask" of process "4c2599bd-9afa-11f1-8e71-eeee0a87f90b"...#
#2026 08 18 11:45:23.697#Z#DEBUG#3e4f6cdc-9afa-11f1-818d-eeee0a9896c2.OPERATION#flowable-async-job-executor-thread-13434#
[CreateOrUpdateAppStep] Getting application "bookscapm-db-deployer"...#
#2026 08 18 11:45:23.727#Z#INFO#3e4f6cdc-9afa-11f1-818d-eeee0a9896c2.OPERATION#flowable-async-job-executor-thread-13434#
[CreateOrUpdateAppStep] Creating application "bookscapm-db-deployer" from MTA module "bookscapm-db-deployer"...#
#2026 08 18 11:45:23.736#Z#DEBUG#3e4f6cdc-9afa-11f1-818d-eeee0a9896c2.OPERATION#flowable-async-job-executor-thread-13434#
[CreateOrUpdateAppStep] Creating application "bookscapm-db-deployer" with disk "null" memory "256", URIs "" and staging: "{
  "buildpacks" : [ "nodejs_buildpack" ],
  "healthCheckType" : "port",
  "appFeatures" : { }
}"#
#2026 08 18 11:45:24.018#Z#DEBUG#3e4f6cdc-9afa-11f1-818d-eeee0a9896c2.OPERATION#flowable-async-job-executor-thread-13434#
[CreateOrUpdateAppStep] Application "bookscapm-db-deployer" created#
#2026 08 18 11:45:24.018#Z#DEBUG#3e4f6cdc-9afa-11f1-818d-eeee0a9896c2.OPERATION#flowable-async-job-executor-thread-13434#
Step "Create App" finished#
#2026 08 18 11:45:24.103#Z#DEBUG#3e4f6cdc-9afa-11f1-818d-eeee0a9896c2.OPERATION#flowable-async-job-executor-thread-13434#
[CheckServiceBindingOperationStep] Executing task "checkForServiceBindingOperationInProgress" of process "4c787491-9afa-11f1-8e71-eeee0a87f90b"...#
#2026 08 18 11:45:24.103#Z#DEBUG#3e4f6cdc-9afa-11f1-818d-eeee0a9896c2.OPERATION#flowable-async-job-executor-thread-13434#
[CheckServiceBindingOperationStep] Checking for service binding operation in progress between app "bookscapm-db-deployer" and service instance "bookscapm-db"#
#2026 08 18 11:45:24.104#Z#DEBUG#3e4f6cdc-9afa-11f1-818d-eeee0a9896c2.OPERATION#flowable-async-job-executor-thread-13434#
[CheckServiceBindingOperationStep] Getting application guid "bookscapm-db-deployer"...#
#2026 08 18 11:45:24.137#Z#DEBUG#3e4f6cdc-9afa-11f1-818d-eeee0a9896c2.OPERATION#flowable-async-job-executor-thread-13434#
[CheckServiceBindingOperationStep] Getting GUID of required service instance "bookscapm-db"...#
#2026 08 18 11:45:24.174#Z#DEBUG#3e4f6cdc-9afa-11f1-818d-eeee0a9896c2.OPERATION#flowable-async-job-executor-thread-13434#
[CheckServiceBindingOperationStep] Getting binding of service instance "24df4fe9-e67b-4d75-a6ed-b547dc8c357e" with application "eed2b67a-83f4-424b-8876-9856be729ff6"...#
#2026 08 18 11:45:24.198#Z#DEBUG#3e4f6cdc-9afa-11f1-818d-eeee0a9896c2.OPERATION#flowable-async-job-executor-thread-13434#
Step "Check For Service Binding Operation In Progress" finished#
#2026 08 18 11:45:24.223#Z#DEBUG#3e4f6cdc-9afa-11f1-818d-eeee0a9896c2.OPERATION#flowable-async-job-executor-thread-13434#
[DetermineApplicationServiceBindingActionsStep] Executing task "determineApplicationServiceBindingActionsTask" of process "4c787491-9afa-11f1-8e71-eeee0a87f90b"...#
#2026 08 18 11:45:24.224#Z#DEBUG#3e4f6cdc-9afa-11f1-818d-eeee0a9896c2.OPERATION#flowable-async-job-executor-thread-13434#
[DetermineApplicationServiceBindingActionsStep] Determine bind/unbind operations of application "bookscapm-db-deployer" to service instance "bookscapm-db"#
#2026 08 18 11:45:24.224#Z#DEBUG#3e4f6cdc-9afa-11f1-818d-eeee0a9896c2.OPERATION#flowable-async-job-executor-thread-13434#
[DetermineApplicationServiceBindingActionsStep] Getting application "bookscapm-db-deployer"...#
#2026 08 18 11:45:24.258#Z#DEBUG#3e4f6cdc-9afa-11f1-818d-eeee0a9896c2.OPERATION#flowable-async-job-executor-thread-13434#
[DetermineApplicationServiceBindingActionsStep] Binding parameters for application "bookscapm-db-deployer": { }#
#2026 08 18 11:45:24.281#Z#DEBUG#3e4f6cdc-9afa-11f1-818d-eeee0a9896c2.OPERATION#flowable-async-job-executor-thread-13434#
[DetermineApplicationServiceBindingActionsStep] Calculated binding operations between application "bookscapm-db-deployer" and service instance "bookscapm-db": unbind - false bind - true#
#2026 08 18 11:45:24.281#Z#DEBUG#3e4f6cdc-9afa-11f1-818d-eeee0a9896c2.OPERATION#flowable-async-job-executor-thread-13434#
Step "Determine Application Service Binding Actions" finished#
#2026 08 18 11:45:24.314#Z#DEBUG#3e4f6cdc-9afa-11f1-818d-eeee0a9896c2.OPERATION#flowable-async-job-executor-thread-13434#
[BindServiceToApplicationStep] Executing task "bindServiceToApplicationTask" of process "4c787491-9afa-11f1-8e71-eeee0a87f90b"...#
#2026 08 18 11:45:24.316#Z#INFO#3e4f6cdc-9afa-11f1-818d-eeee0a9896c2.OPERATION#flowable-async-job-executor-thread-13434#
[BindServiceToApplicationStep] Binding service instance "bookscapm-db" to application "bookscapm-db-deployer"...#
#2026 08 18 11:45:24.321#Z#DEBUG#3e4f6cdc-9afa-11f1-818d-eeee0a9896c2.OPERATION#flowable-async-job-executor-thread-13434#
[BindServiceToApplicationStep] Binding service instance "bookscapm-db" to application "bookscapm-db-deployer" with parameters: { }#
#2026 08 18 11:45:24.447#Z#DEBUG#3e4f6cdc-9afa-11f1-818d-eeee0a9896c2.OPERATION#flowable-async-job-executor-thread-13434#
Step "Bind Service to Application" finished#
#2026 08 18 11:45:23.692#Z#DEBUG#3e4f6cdc-9afa-11f1-818d-eeee0a9896c2.OPERATION#flowable-async-job-executor-thread-13433#
[BuildContentDeploymentConfigurationStep] Executing task "buildContentDeploymentConfigurationTask" of process "4c35ed8d-9afa-11f1-8e71-eeee0a87f90b"...#
#2026 08 18 11:45:23.700#Z#DEBUG#3e4f6cdc-9afa-11f1-818d-eeee0a9896c2.OPERATION#ForkJoinPool-265-worker-1#
[BuildContentDeploymentConfigurationStep] Getting service key "bookscapm-destination-content-bookscapm-destination-service-credentials" for service instance "bookscapm-destination-service"...#
#2026 08 18 11:45:23.700#Z#DEBUG#3e4f6cdc-9afa-11f1-818d-eeee0a9896c2.OPERATION#ForkJoinPool-265-worker-2#
[BuildContentDeploymentConfigurationStep] Getting service key "uaa_bookscapm-key" for service instance "bookscapm-xsuaa-service"...#
#2026 08 18 11:45:23.700#Z#DEBUG#3e4f6cdc-9afa-11f1-818d-eeee0a9896c2.OPERATION#ForkJoinPool-265-worker-3#
[BuildContentDeploymentConfigurationStep] Getting service key "bookscapm_html_repo_host-key" for service instance "bookscapm-html5-app-host-service"...#
#2026 08 18 11:45:23.846#Z#INFO#3e4f6cdc-9afa-11f1-818d-eeee0a9896c2.OPERATION#ForkJoinPool-265-worker-3#
[BuildContentDeploymentConfigurationStep] Creating service key "bookscapm_html_repo_host-key" for service instance "bookscapm-html5-app-host-service"...#
#2026 08 18 11:45:23.849#Z#INFO#3e4f6cdc-9afa-11f1-818d-eeee0a9896c2.OPERATION#ForkJoinPool-265-worker-1#
[BuildContentDeploymentConfigurationStep] Creating service key "bookscapm-destination-content-bookscapm-destination-service-credentials" for service instance "bookscapm-destination-service"...#
#2026 08 18 11:45:23.851#Z#DEBUG#3e4f6cdc-9afa-11f1-818d-eeee0a9896c2.OPERATION#ForkJoinPool-265-worker-3#
[BuildContentDeploymentConfigurationStep] Creating service key "bookscapm_html_repo_host-key" for service instance "bookscapm-html5-app-host-service" with parameters: { }#
#2026 08 18 11:45:23.855#Z#INFO#3e4f6cdc-9afa-11f1-818d-eeee0a9896c2.OPERATION#ForkJoinPool-265-worker-2#
[BuildContentDeploymentConfigurationStep] Creating service key "uaa_bookscapm-key" for service instance "bookscapm-xsuaa-service"...#
#2026 08 18 11:45:23.858#Z#DEBUG#3e4f6cdc-9afa-11f1-818d-eeee0a9896c2.OPERATION#ForkJoinPool-265-worker-1#
[BuildContentDeploymentConfigurationStep] Creating service key "bookscapm-destination-content-bookscapm-destination-service-credentials" for service instance "bookscapm-destination-service" with parameters: {
  "service_key_type" : "********"
}#
#2026 08 18 11:45:23.861#Z#DEBUG#3e4f6cdc-9afa-11f1-818d-eeee0a9896c2.OPERATION#ForkJoinPool-265-worker-2#
[BuildContentDeploymentConfigurationStep] Creating service key "uaa_bookscapm-key" for service instance "bookscapm-xsuaa-service" with parameters: { }#
#2026 08 18 11:45:25.204#Z#DEBUG#3e4f6cdc-9afa-11f1-818d-eeee0a9896c2.OPERATION#ForkJoinPool-265-worker-3#
[BuildContentDeploymentConfigurationStep] Service key "bookscapm_html_repo_host-key" created#
#2026 08 18 11:45:25.215#Z#DEBUG#3e4f6cdc-9afa-11f1-818d-eeee0a9896c2.OPERATION#ForkJoinPool-265-worker-2#
[BuildContentDeploymentConfigurationStep] Service key "uaa_bookscapm-key" created#
#2026 08 18 11:45:27.282#Z#DEBUG#3e4f6cdc-9afa-11f1-818d-eeee0a9896c2.OPERATION#ForkJoinPool-265-worker-1#
[BuildContentDeploymentConfigurationStep] Service key "bookscapm-destination-content-bookscapm-destination-service-credentials" created#
#2026 08 18 11:45:27.283#Z#DEBUG#3e4f6cdc-9afa-11f1-818d-eeee0a9896c2.OPERATION#flowable-async-job-executor-thread-13433#
Step "Build Content Deployment Configuration" finished#
#2026 08 18 11:45:27.286#Z#DEBUG#3e4f6cdc-9afa-11f1-818d-eeee0a9896c2.OPERATION#flowable-async-job-executor-thread-13433#
[CreateContentDeployClientConfigurationStep] Executing task "createContentDeployClientConfigurationTask" of process "4e63a279-9afa-11f1-8e71-eeee0a87f90b"...#
#2026 08 18 11:45:27.287#Z#DEBUG#3e4f6cdc-9afa-11f1-818d-eeee0a9896c2.OPERATION#flowable-async-job-executor-thread-13433#
[CreateContentDeployClientConfigurationStep] Content deployer client configuration: {
  "contentDeployerUrl" : "https://destination-configuration.cfapps.us10.hana.ondemand.com/destination-configuration/gacd",
  "uaaClientConfiguration" : {
    "url" : "********",
    "credentials" : "********",
    "authenticationStrategyType" : "********"
  },
  "httpRequestHeaders" : {
    "X-CorrelationID" : "3e4f6cdc-9afa-11f1-818d-eeee0a9896c2"
  },
  "spaceId" : "5d8a2d66-1cdf-4f95-ae67-ef9fb5cde8d1",
  "serviceName" : "bookscapm-destination-service"
}#
#2026 08 18 11:45:27.490#Z#DEBUG#3e4f6cdc-9afa-11f1-818d-eeee0a9896c2.OPERATION#flowable-async-job-executor-thread-13433#
Step "Create Content Deploy Client Configuration" finished#
#2026 08 18 11:45:27.492#Z#DEBUG#3e4f6cdc-9afa-11f1-818d-eeee0a9896c2.OPERATION#flowable-async-job-executor-thread-13433#
[GetContentFromDeploymentDescriptorStep] Executing task "getContentFromDeploymentDescriptorTask" of process "4e63a279-9afa-11f1-8e71-eeee0a87f90b"...#
#2026 08 18 11:45:27.492#Z#DEBUG#3e4f6cdc-9afa-11f1-818d-eeee0a9896c2.OPERATION#flowable-async-job-executor-thread-13433#
[GetContentFromDeploymentDescriptorStep] Content for module: "bookscapm-destination-content" is: "{
  "id" : "d2675c52-5b32-4881-9c9b-9c1f2e653590",
  "contentType" : "EMBEDDED",
  "content" : {
    "instance" : {
      "destinations" : [ {
        "Name" : "bookscapmapplicationrouter_bookscapm_html_repo_host",
        "ServiceInstanceName" : "bookscapm-html5-app-host-service",
        "ServiceKeyName" : "********",
        "sap.cloud.service" : "bookscapmapplicationrouter"
      }, {
        "Authentication" : "********",
        "Name" : "bookscapmapplicationrouter_uaa_bookscapm",
        "ServiceInstanceName" : "bookscapm-xsuaa-service",
        "ServiceKeyName" : "********",
        "sap.cloud.service" : "bookscapmapplicationrouter"
      } ],
      "existing_destinations_policy" : "ignore"
    }
  }
}"#
#2026 08 18 11:45:27.492#Z#DEBUG#3e4f6cdc-9afa-11f1-818d-eeee0a9896c2.OPERATION#flowable-async-job-executor-thread-13433#
Step "Get Content From Deployment Descriptor" finished#
#2026 08 18 11:45:27.494#Z#DEBUG#3e4f6cdc-9afa-11f1-818d-eeee0a9896c2.OPERATION#flowable-async-job-executor-thread-13433#
[SynchronousContentDeployStep] Executing task "synchronousContentDeployTask" of process "4e63a279-9afa-11f1-8e71-eeee0a87f90b"...#
#2026 08 18 11:45:27.494#Z#INFO#3e4f6cdc-9afa-11f1-818d-eeee0a9896c2.OPERATION#flowable-async-job-executor-thread-13433#
[SynchronousContentDeployStep] Deploying content module "bookscapm-destination-content" in target service "bookscapm-destination-service"...#
#2026 08 18 11:45:27.672#Z#DEBUG#3e4f6cdc-9afa-11f1-818d-eeee0a9896c2.OPERATION#flowable-async-job-executor-thread-13433#
[SynchronousContentDeployStep] Processing inline content upload for module: bookscapm-destination-content#
#2026 08 18 11:45:28.067#Z#DEBUG#3e4f6cdc-9afa-11f1-818d-eeee0a9896c2.OPERATION#flowable-async-job-executor-thread-13433#
Step "Synchronous Deploy" finished#
#2026 08 18 11:45:26.633#Z#DEBUG#3e4f6cdc-9afa-11f1-818d-eeee0a9896c2.OPERATION#flowable-async-job-executor-thread-11272#
[BuildContentDeploymentConfigurationStep] Executing task "buildContentDeploymentConfigurationTask" of process "4df59f85-9afa-11f1-818d-eeee0a9896c2"...#
#2026 08 18 11:45:26.640#Z#DEBUG#3e4f6cdc-9afa-11f1-818d-eeee0a9896c2.OPERATION#flowable-async-job-executor-thread-11272#
[BuildContentDeploymentConfigurationStep] Getting service key "bookscapm-app-content-bookscapm_html_repo_host-credentials" for service instance "bookscapm-html5-app-host-service"...#
#2026 08 18 11:45:26.803#Z#INFO#3e4f6cdc-9afa-11f1-818d-eeee0a9896c2.OPERATION#flowable-async-job-executor-thread-11272#
[BuildContentDeploymentConfigurationStep] Creating service key "bookscapm-app-content-bookscapm_html_repo_host-credentials" for service instance "bookscapm-html5-app-host-service"...#
#2026 08 18 11:45:26.810#Z#DEBUG#3e4f6cdc-9afa-11f1-818d-eeee0a9896c2.OPERATION#flowable-async-job-executor-thread-11272#
[BuildContentDeploymentConfigurationStep] Creating service key "bookscapm-app-content-bookscapm_html_repo_host-credentials" for service instance "bookscapm-html5-app-host-service" with parameters: {
  "service_key_type" : "********"
}#
#2026 08 18 11:45:28.136#Z#DEBUG#3e4f6cdc-9afa-11f1-818d-eeee0a9896c2.OPERATION#flowable-async-job-executor-thread-11272#
[BuildContentDeploymentConfigurationStep] Service key "bookscapm-app-content-bookscapm_html_repo_host-credentials" created#
#2026 08 18 11:45:28.137#Z#DEBUG#3e4f6cdc-9afa-11f1-818d-eeee0a9896c2.OPERATION#flowable-async-job-executor-thread-11272#
Step "Build Content Deployment Configuration" finished#
#2026 08 18 11:45:28.142#Z#DEBUG#3e4f6cdc-9afa-11f1-818d-eeee0a9896c2.OPERATION#flowable-async-job-executor-thread-11272#
[CreateContentDeployClientConfigurationStep] Executing task "createContentDeployClientConfigurationTask" of process "4ee61979-9afa-11f1-818d-eeee0a9896c2"...#
#2026 08 18 11:45:28.143#Z#DEBUG#3e4f6cdc-9afa-11f1-818d-eeee0a9896c2.OPERATION#flowable-async-job-executor-thread-11272#
[CreateContentDeployClientConfigurationStep] Content deployer client configuration: {
  "contentDeployerUrl" : "https://html5-apps-repo-dt.cfapps.us10.hana.ondemand.com",
  "uaaClientConfiguration" : {
    "url" : "********",
    "credentials" : "********",
    "authenticationStrategyType" : "********"
  },
  "httpRequestHeaders" : {
    "X-CorrelationID" : "3e4f6cdc-9afa-11f1-818d-eeee0a9896c2"
  },
  "spaceId" : "5d8a2d66-1cdf-4f95-ae67-ef9fb5cde8d1",
  "serviceName" : "bookscapm_html_repo_host"
}#
#2026 08 18 11:45:28.357#Z#DEBUG#3e4f6cdc-9afa-11f1-818d-eeee0a9896c2.OPERATION#flowable-async-job-executor-thread-11272#
Step "Create Content Deploy Client Configuration" finished#
#2026 08 18 11:45:28.358#Z#DEBUG#3e4f6cdc-9afa-11f1-818d-eeee0a9896c2.OPERATION#flowable-async-job-executor-thread-11272#
[GetContentFromDeploymentDescriptorStep] Executing task "getContentFromDeploymentDescriptorTask" of process "4ee61979-9afa-11f1-818d-eeee0a9896c2"...#
#2026 08 18 11:45:28.359#Z#DEBUG#3e4f6cdc-9afa-11f1-818d-eeee0a9896c2.OPERATION#flowable-async-job-executor-thread-11272#
Step "Get Content From Deployment Descriptor" finished#
#2026 08 18 11:45:28.360#Z#DEBUG#3e4f6cdc-9afa-11f1-818d-eeee0a9896c2.OPERATION#flowable-async-job-executor-thread-11272#
[UploadContentStep] Executing task "uploadContentTask" of process "4ee61979-9afa-11f1-818d-eeee0a9896c2"...#
#2026 08 18 11:45:28.360#Z#INFO#3e4f6cdc-9afa-11f1-818d-eeee0a9896c2.OPERATION#flowable-async-job-executor-thread-11272#
[UploadContentStep] Uploading content module "bookscapm-app-content" in target service "bookscapm_html_repo_host"...#
#2026 08 18 11:45:28.365#Z#DEBUG#3e4f6cdc-9afa-11f1-818d-eeee0a9896c2.OPERATION#flowable-async-job-executor-thread-11272#
[UploadContentStep] Uploading file "bookscapm-app-content/resources/data.zip" for content module "bookscapm-app-content" in service "bookscapm_html_repo_host"#
#2026 08 18 11:45:28.562#Z#INFO#3e4f6cdc-9afa-11f1-818d-eeee0a9896c2.OPERATION#flowable-async-job-executor-thread-11272#
[UploadContentStep] Content to deploy size: 5,143 in bytes#
#2026 08 18 11:45:29.148#Z#DEBUG#3e4f6cdc-9afa-11f1-818d-eeee0a9896c2.OPERATION#flowable-async-job-executor-thread-11272#
[UploadContentStep] Uploaded content: {
  "id" : "c174726f-1177-4671-8329-9553852660c7",
  "name" : "content.zip",
  "contentType" : "FILE"
}#
#2026 08 18 11:45:29.148#Z#DEBUG#3e4f6cdc-9afa-11f1-818d-eeee0a9896c2.OPERATION#flowable-async-job-executor-thread-11272#
Step "Upload Content" finished#
#2026 08 18 11:45:29.180#Z#DEBUG#3e4f6cdc-9afa-11f1-818d-eeee0a9896c2.OPERATION#flowable-async-job-executor-thread-11275#
[BindServiceToApplicationStep] Executing task "bindServiceToApplicationTask" of process "4c2b8d7e-9afa-11f1-8e71-eeee0a87f90b"...#
#2026 08 18 11:45:29.183#Z#DEBUG#3e4f6cdc-9afa-11f1-818d-eeee0a9896c2.OPERATION#flowable-async-job-executor-thread-11275#
[BindServiceToApplicationStep] Getting async job "339c1de9-41a7-49d8-b5a4-3bd01c7f3b7f"#
#2026 08 18 11:45:29.220#Z#DEBUG#3e4f6cdc-9afa-11f1-818d-eeee0a9896c2.OPERATION#flowable-async-job-executor-thread-11275#
[BindServiceToApplicationStep] Getting service instance "bookscapm-xsuaa-service"...#
#2026 08 18 11:45:29.367#Z#DEBUG#3e4f6cdc-9afa-11f1-818d-eeee0a9896c2.OPERATION#flowable-async-job-executor-thread-11275#
[BindServiceToApplicationStep] Async service binding operation with id "339c1de9-41a7-49d8-b5a4-3bd01c7f3b7f" finished#
#2026 08 18 11:45:29.369#Z#DEBUG#3e4f6cdc-9afa-11f1-818d-eeee0a9896c2.OPERATION#flowable-async-job-executor-thread-11275#
Step "Bind Service to Application" finished#
#2026 08 18 11:45:29.201#Z#DEBUG#3e4f6cdc-9afa-11f1-818d-eeee0a9896c2.OPERATION#flowable-async-job-executor-thread-12002#
[BindServiceToApplicationStep] Executing task "bindServiceToApplicationTask" of process "4af3825a-9afa-11f1-8e71-eeee0a87f90b"...#
#2026 08 18 11:45:29.279#Z#DEBUG#3e4f6cdc-9afa-11f1-818d-eeee0a9896c2.OPERATION#flowable-async-job-executor-thread-12002#
[BindServiceToApplicationStep] Getting async job "b2b4ce8a-b1bf-4df5-b0a2-fafda5a5bda1"#
#2026 08 18 11:45:29.327#Z#DEBUG#3e4f6cdc-9afa-11f1-818d-eeee0a9896c2.OPERATION#flowable-async-job-executor-thread-12002#
[BindServiceToApplicationStep] Getting service instance "bookscapm-db"...#
#2026 08 18 11:45:29.435#Z#DEBUG#3e4f6cdc-9afa-11f1-818d-eeee0a9896c2.OPERATION#flowable-async-job-executor-thread-12002#
[BindServiceToApplicationStep] Async service binding operation with id "b2b4ce8a-b1bf-4df5-b0a2-fafda5a5bda1" finished#
#2026 08 18 11:45:29.437#Z#DEBUG#3e4f6cdc-9afa-11f1-818d-eeee0a9896c2.OPERATION#flowable-async-job-executor-thread-12002#
Step "Bind Service to Application" finished#
#2026 08 18 11:45:29.150#Z#DEBUG#3e4f6cdc-9afa-11f1-818d-eeee0a9896c2.OPERATION#flowable-async-job-executor-thread-11272#
[StartContentDeployStep] Executing task "startContentDeployTask" of process "4ee61979-9afa-11f1-818d-eeee0a9896c2"...#
#2026 08 18 11:45:29.150#Z#INFO#3e4f6cdc-9afa-11f1-818d-eeee0a9896c2.OPERATION#flowable-async-job-executor-thread-11272#
[StartContentDeployStep] Deploying content module "bookscapm-app-content" in target service "bookscapm_html_repo_host"...#
#2026 08 18 11:45:29.490#Z#DEBUG#3e4f6cdc-9afa-11f1-818d-eeee0a9896c2.OPERATION#flowable-async-job-executor-thread-11272#
Step "Start Content Deploy" finished#
#2026 08 18 11:45:30.358#Z#DEBUG#3e4f6cdc-9afa-11f1-818d-eeee0a9896c2.OPERATION#flowable-async-job-executor-thread-11271#
[DetermineVcapServicesPropertiesChangedStep] Executing task "determineVcapServicesPropertiesChangedTask" of process "4ffedc43-9afa-11f1-818d-eeee0a9896c2"...#
#2026 08 18 11:45:30.366#Z#DEBUG#3e4f6cdc-9afa-11f1-818d-eeee0a9896c2.OPERATION#flowable-async-job-executor-thread-11271#
[DetermineVcapServicesPropertiesChangedStep] VCAP_SERVICES properties for application "bookscapm-srv" changed: true#
#2026 08 18 11:45:30.366#Z#DEBUG#3e4f6cdc-9afa-11f1-818d-eeee0a9896c2.OPERATION#flowable-async-job-executor-thread-11271#
Step "Determine vcap services properties changed" finished#
#2026 08 18 11:45:30.448#Z#DEBUG#3e4f6cdc-9afa-11f1-818d-eeee0a9896c2.OPERATION#flowable-async-job-executor-thread-11271#
[UploadAppStep] Executing task "uploadAppTask" of process "4ffedc43-9afa-11f1-818d-eeee0a9896c2"...#
#2026 08 18 11:45:30.453#Z#DEBUG#3e4f6cdc-9afa-11f1-818d-eeee0a9896c2.OPERATION#flowable-async-job-executor-thread-11271#
[UploadAppStep] Application upload timeout is default one: 3,600 seconds#
#2026 08 18 11:45:30.454#Z#INFO#3e4f6cdc-9afa-11f1-818d-eeee0a9896c2.OPERATION#flowable-async-job-executor-thread-11271#
[UploadAppStep] Uploading application "bookscapm-srv"...#
#2026 08 18 11:45:30.467#Z#DEBUG#3e4f6cdc-9afa-11f1-818d-eeee0a9896c2.OPERATION#flowable-async-job-executor-thread-11271#
[UploadAppStep] Getting application "bookscapm-srv"...#
#2026 08 18 11:45:30.508#Z#DEBUG#3e4f6cdc-9afa-11f1-818d-eeee0a9896c2.OPERATION#flowable-async-job-executor-thread-11271#
[UploadAppStep] Getting environment of application "e4fbc9e0-0224-4a88-a46f-eef717330b07"...#
#2026 08 18 11:45:30.556#Z#INFO#3e4f6cdc-9afa-11f1-818d-eeee0a9896c2.OPERATION#flowable-async-job-executor-thread-11271#
[UploadAppStep] Calculating application digest: "bookscapm-srv"#
#2026 08 18 11:45:30.630#Z#DEBUG#3e4f6cdc-9afa-11f1-818d-eeee0a9896c2.OPERATION#flowable-async-job-executor-thread-11271#
Step "Upload App" finished#
#2026 08 18 11:45:39.417#Z#DEBUG#3e4f6cdc-9afa-11f1-818d-eeee0a9896c2.OPERATION#flowable-async-job-executor-thread-11276#
[BindServiceToApplicationStep] Executing task "bindServiceToApplicationTask" of process "4c787491-9afa-11f1-8e71-eeee0a87f90b"...#
#2026 08 18 11:45:39.420#Z#DEBUG#3e4f6cdc-9afa-11f1-818d-eeee0a9896c2.OPERATION#flowable-async-job-executor-thread-11276#
[BindServiceToApplicationStep] Getting async job "9288f8a1-4e72-49e4-9470-cf795d9136cf"#
#2026 08 18 11:45:39.463#Z#DEBUG#3e4f6cdc-9afa-11f1-818d-eeee0a9896c2.OPERATION#flowable-async-job-executor-thread-11276#
[BindServiceToApplicationStep] Getting service instance "bookscapm-db"...#
#2026 08 18 11:45:39.587#Z#DEBUG#3e4f6cdc-9afa-11f1-818d-eeee0a9896c2.OPERATION#flowable-async-job-executor-thread-11276#
[BindServiceToApplicationStep] Async service binding operation with id "9288f8a1-4e72-49e4-9470-cf795d9136cf" finished#
#2026 08 18 11:45:39.588#Z#DEBUG#3e4f6cdc-9afa-11f1-818d-eeee0a9896c2.OPERATION#flowable-async-job-executor-thread-11276#
Step "Bind Service to Application" finished#
#2026 08 18 11:45:39.767#Z#DEBUG#3e4f6cdc-9afa-11f1-818d-eeee0a9896c2.OPERATION#flowable-async-job-executor-thread-11276#
[DetermineVcapServicesPropertiesChangedStep] Executing task "determineVcapServicesPropertiesChangedTask" of process "55c96766-9afa-11f1-818d-eeee0a9896c2"...#
#2026 08 18 11:45:39.769#Z#DEBUG#3e4f6cdc-9afa-11f1-818d-eeee0a9896c2.OPERATION#flowable-async-job-executor-thread-11276#
[DetermineVcapServicesPropertiesChangedStep] VCAP_SERVICES properties for application "bookscapm-db-deployer" changed: true#
#2026 08 18 11:45:39.769#Z#DEBUG#3e4f6cdc-9afa-11f1-818d-eeee0a9896c2.OPERATION#flowable-async-job-executor-thread-11276#
Step "Determine vcap services properties changed" finished#
#2026 08 18 11:45:39.353#Z#DEBUG#3e4f6cdc-9afa-11f1-818d-eeee0a9896c2.OPERATION#flowable-async-job-executor-thread-13439#
[StartContentDeployStep] Executing task "startContentDeployTask" of process "4ee61979-9afa-11f1-818d-eeee0a9896c2"...#
#2026 08 18 11:45:39.355#Z#DEBUG#3e4f6cdc-9afa-11f1-818d-eeee0a9896c2.OPERATION#flowable-async-job-executor-thread-13439#
[StartContentDeployStep] Checking status of module content deployment "bookscapm-app-content" in service "bookscapm_html_repo_host"...#
#2026 08 18 11:45:39.845#Z#DEBUG#3e4f6cdc-9afa-11f1-818d-eeee0a9896c2.OPERATION#flowable-async-job-executor-thread-13439#
[StartContentDeployStep] Deleting content deployment resource "c174726f-1177-4671-8329-9553852660c7"...#
#2026 08 18 11:45:39.881#Z#DEBUG#3e4f6cdc-9afa-11f1-818d-eeee0a9896c2.OPERATION#flowable-async-job-executor-thread-13439#
Step "Start Content Deploy" finished#
#2026 08 18 11:45:39.803#Z#DEBUG#3e4f6cdc-9afa-11f1-818d-eeee0a9896c2.OPERATION#flowable-async-job-executor-thread-11276#
[UploadAppStep] Executing task "uploadAppTask" of process "55c96766-9afa-11f1-818d-eeee0a9896c2"...#
#2026 08 18 11:45:39.806#Z#DEBUG#3e4f6cdc-9afa-11f1-818d-eeee0a9896c2.OPERATION#flowable-async-job-executor-thread-11276#
[UploadAppStep] Application upload timeout is default one: 3,600 seconds#
#2026 08 18 11:45:39.806#Z#INFO#3e4f6cdc-9afa-11f1-818d-eeee0a9896c2.OPERATION#flowable-async-job-executor-thread-11276#
[UploadAppStep] Uploading application "bookscapm-db-deployer"...#
#2026 08 18 11:45:39.813#Z#DEBUG#3e4f6cdc-9afa-11f1-818d-eeee0a9896c2.OPERATION#flowable-async-job-executor-thread-11276#
[UploadAppStep] Getting application "bookscapm-db-deployer"...#
#2026 08 18 11:45:39.843#Z#DEBUG#3e4f6cdc-9afa-11f1-818d-eeee0a9896c2.OPERATION#flowable-async-job-executor-thread-11276#
[UploadAppStep] Getting environment of application "eed2b67a-83f4-424b-8876-9856be729ff6"...#
#2026 08 18 11:45:39.879#Z#INFO#3e4f6cdc-9afa-11f1-818d-eeee0a9896c2.OPERATION#flowable-async-job-executor-thread-11276#
[UploadAppStep] Calculating application digest: "bookscapm-db-deployer"#
#2026 08 18 11:45:39.936#Z#DEBUG#3e4f6cdc-9afa-11f1-818d-eeee0a9896c2.OPERATION#flowable-async-job-executor-thread-11276#
Step "Upload App" finished#
#2026 08 18 11:45:39.674#Z#DEBUG#3e4f6cdc-9afa-11f1-818d-eeee0a9896c2.OPERATION#flowable-async-job-executor-thread-12003#
[UploadAppStep] Executing task "uploadAppTask" of process "4ffedc43-9afa-11f1-818d-eeee0a9896c2"...#
#2026 08 18 11:45:39.679#Z#DEBUG#3e4f6cdc-9afa-11f1-818d-eeee0a9896c2.OPERATION#flowable-async-job-executor-thread-12003#
[UploadAppStep] Application upload timeout is default one: 3,600 seconds#
#2026 08 18 11:45:39.683#Z#DEBUG#3e4f6cdc-9afa-11f1-818d-eeee0a9896c2.OPERATION#pool-21-thread-5#
[UploadAppStep] Upload of application: bookscapm-srv started on instance: 2#
#2026 08 18 11:45:39.683#Z#DEBUG#3e4f6cdc-9afa-11f1-818d-eeee0a9896c2.OPERATION#pool-21-thread-5#
[UploadAppStep] Uploading file "bookscapm-srv/data.zip" for application "bookscapm-srv"#
#2026 08 18 11:45:39.742#Z#INFO#3e4f6cdc-9afa-11f1-818d-eeee0a9896c2.OPERATION#pool-21-thread-5#
[UploadAppStep] Time elapsed for app binary download: 58 in millis#
#2026 08 18 11:45:39.742#Z#INFO#3e4f6cdc-9afa-11f1-818d-eeee0a9896c2.OPERATION#pool-21-thread-5#
[UploadAppStep] Size of app bookscapm-srv is 4,397,259 bytes#
#2026 08 18 11:45:39.742#Z#DEBUG#3e4f6cdc-9afa-11f1-818d-eeee0a9896c2.OPERATION#pool-21-thread-5#
[UploadAppStep] Asynchronously uploading binaries for application "bookscapm-srv"...#
#2026 08 18 11:45:39.945#Z#INFO#3e4f6cdc-9afa-11f1-818d-eeee0a9896c2.OPERATION#pool-21-thread-5#
[UploadAppStep] Started async upload of application "bookscapm-srv"#
#2026 08 18 11:45:39.952#Z#INFO#3e4f6cdc-9afa-11f1-818d-eeee0a9896c2.OPERATION#flowable-async-job-executor-thread-12003#
[UploadAppStep] Time elapsed for upload: 272 in millis#
#2026 08 18 11:45:39.952#Z#DEBUG#3e4f6cdc-9afa-11f1-818d-eeee0a9896c2.OPERATION#flowable-async-job-executor-thread-12003#
[UploadAppStep] Getting application "bookscapm-srv"...#
#2026 08 18 11:45:39.972#Z#DEBUG#3e4f6cdc-9afa-11f1-818d-eeee0a9896c2.OPERATION#App upload monitor: efe850e0-94c8-45f7-afe7-8db9269df692#
[UploadAppStep] Upload status: PROCESSING_UPLOAD#
#2026 08 18 11:45:39.981#Z#DEBUG#3e4f6cdc-9afa-11f1-818d-eeee0a9896c2.OPERATION#flowable-async-job-executor-thread-12003#
[UploadAppStep] Getting environment of application "e4fbc9e0-0224-4a88-a46f-eef717330b07"...#
#2026 08 18 11:45:40.009#Z#DEBUG#3e4f6cdc-9afa-11f1-818d-eeee0a9896c2.OPERATION#flowable-async-job-executor-thread-12003#
[UploadAppStep] Updating environment of application "bookscapm-srv"#
#2026 08 18 11:45:40.098#Z#DEBUG#3e4f6cdc-9afa-11f1-818d-eeee0a9896c2.OPERATION#flowable-async-job-executor-thread-12003#
Step "Upload App" finished#
#2026 08 18 11:45:44.993#Z#DEBUG#3e4f6cdc-9afa-11f1-818d-eeee0a9896c2.OPERATION#App upload monitor: efe850e0-94c8-45f7-afe7-8db9269df692#
[UploadAppStep] Upload status: READY#
#2026 08 18 11:45:49.563#Z#DEBUG#3e4f6cdc-9afa-11f1-818d-eeee0a9896c2.OPERATION#flowable-async-job-executor-thread-12006#
[UploadAppStep] Executing task "uploadAppTask" of process "55c96766-9afa-11f1-818d-eeee0a9896c2"...#
#2026 08 18 11:45:49.566#Z#DEBUG#3e4f6cdc-9afa-11f1-818d-eeee0a9896c2.OPERATION#flowable-async-job-executor-thread-12006#
[UploadAppStep] Application upload timeout is default one: 3,600 seconds#
#2026 08 18 11:45:49.569#Z#DEBUG#3e4f6cdc-9afa-11f1-818d-eeee0a9896c2.OPERATION#pool-21-thread-5#
[UploadAppStep] Upload of application: bookscapm-db-deployer started on instance: 2#
#2026 08 18 11:45:49.569#Z#DEBUG#3e4f6cdc-9afa-11f1-818d-eeee0a9896c2.OPERATION#pool-21-thread-5#
[UploadAppStep] Uploading file "bookscapm-db-deployer/data.zip" for application "bookscapm-db-deployer"#
#2026 08 18 11:45:49.606#Z#DEBUG#3e4f6cdc-9afa-11f1-818d-eeee0a9896c2.OPERATION#flowable-async-job-executor-thread-12005#
[UploadAppStep] Executing task "uploadAppTask" of process "4ffedc43-9afa-11f1-818d-eeee0a9896c2"...#
#2026 08 18 11:45:49.608#Z#DEBUG#3e4f6cdc-9afa-11f1-818d-eeee0a9896c2.OPERATION#flowable-async-job-executor-thread-12005#
[UploadAppStep] Application upload timeout is default one: 3,600 seconds#
#2026 08 18 11:45:49.608#Z#DEBUG#3e4f6cdc-9afa-11f1-818d-eeee0a9896c2.OPERATION#flowable-async-job-executor-thread-12005#
[UploadAppStep] Checking upload status of application "bookscapm-srv"...#
#2026 08 18 11:45:49.609#Z#DEBUG#3e4f6cdc-9afa-11f1-818d-eeee0a9896c2.OPERATION#flowable-async-job-executor-thread-12005#
[UploadAppStep] Getting package "efe850e0-94c8-45f7-afe7-8db9269df692"...#
#2026 08 18 11:45:49.634#Z#DEBUG#3e4f6cdc-9afa-11f1-818d-eeee0a9896c2.OPERATION#flowable-async-job-executor-thread-12005#
[UploadAppStep] Application "bookscapm-srv" uploaded#
#2026 08 18 11:45:49.635#Z#DEBUG#3e4f6cdc-9afa-11f1-818d-eeee0a9896c2.OPERATION#flowable-async-job-executor-thread-12005#
Step "Upload App" finished#
#2026 08 18 11:45:49.817#Z#DEBUG#3e4f6cdc-9afa-11f1-818d-eeee0a9896c2.OPERATION#flowable-async-job-executor-thread-12005#
[ScaleAppStep] Executing task "scaleAppTask" of process "4ffedc43-9afa-11f1-818d-eeee0a9896c2"...#
#2026 08 18 11:45:49.820#Z#DEBUG#3e4f6cdc-9afa-11f1-818d-eeee0a9896c2.OPERATION#flowable-async-job-executor-thread-12005#
[ScaleAppStep] Scaling application "bookscapm-srv"...#
#2026 08 18 11:45:49.820#Z#DEBUG#3e4f6cdc-9afa-11f1-818d-eeee0a9896c2.OPERATION#flowable-async-job-executor-thread-12005#
[ScaleAppStep] Application "bookscapm-srv" scaled#
#2026 08 18 11:45:49.820#Z#DEBUG#3e4f6cdc-9afa-11f1-818d-eeee0a9896c2.OPERATION#flowable-async-job-executor-thread-12005#
Step "Scale App" finished#
#2026 08 18 11:45:49.680#Z#INFO#3e4f6cdc-9afa-11f1-818d-eeee0a9896c2.OPERATION#pool-21-thread-5#
[UploadAppStep] Time elapsed for app binary download: 111 in millis#
#2026 08 18 11:45:49.680#Z#INFO#3e4f6cdc-9afa-11f1-818d-eeee0a9896c2.OPERATION#pool-21-thread-5#
[UploadAppStep] Size of app bookscapm-db-deployer is 2,447,422 bytes#
#2026 08 18 11:45:49.680#Z#DEBUG#3e4f6cdc-9afa-11f1-818d-eeee0a9896c2.OPERATION#pool-21-thread-5#
[UploadAppStep] Asynchronously uploading binaries for application "bookscapm-db-deployer"...#
#2026 08 18 11:45:49.903#Z#INFO#3e4f6cdc-9afa-11f1-818d-eeee0a9896c2.OPERATION#pool-21-thread-5#
[UploadAppStep] Started async upload of application "bookscapm-db-deployer"#
#2026 08 18 11:45:49.912#Z#INFO#3e4f6cdc-9afa-11f1-818d-eeee0a9896c2.OPERATION#flowable-async-job-executor-thread-12006#
[UploadAppStep] Time elapsed for upload: 346 in millis#
#2026 08 18 11:45:49.912#Z#DEBUG#3e4f6cdc-9afa-11f1-818d-eeee0a9896c2.OPERATION#flowable-async-job-executor-thread-12006#
[UploadAppStep] Getting application "bookscapm-db-deployer"...#
#2026 08 18 11:45:49.930#Z#DEBUG#3e4f6cdc-9afa-11f1-818d-eeee0a9896c2.OPERATION#App upload monitor: a2a83320-6598-4e10-b416-2ebacfcd0ba7#
[UploadAppStep] Upload status: PROCESSING_UPLOAD#
#2026 08 18 11:45:49.943#Z#DEBUG#3e4f6cdc-9afa-11f1-818d-eeee0a9896c2.OPERATION#flowable-async-job-executor-thread-12006#
[UploadAppStep] Getting environment of application "eed2b67a-83f4-424b-8876-9856be729ff6"...#
#2026 08 18 11:45:49.976#Z#DEBUG#3e4f6cdc-9afa-11f1-818d-eeee0a9896c2.OPERATION#flowable-async-job-executor-thread-12006#
[UploadAppStep] Updating environment of application "bookscapm-db-deployer"#
#2026 08 18 11:45:50.069#Z#DEBUG#3e4f6cdc-9afa-11f1-818d-eeee0a9896c2.OPERATION#flowable-async-job-executor-thread-12006#
Step "Upload App" finished#
#2026 08 18 11:45:50.054#Z#DEBUG#3e4f6cdc-9afa-11f1-818d-eeee0a9896c2.OPERATION#flowable-async-job-executor-thread-12010#
[DetermineDesiredStateAchievingActionsStep] Executing task "determineDesiredStateAchievingActionsTask" of process "4ffedc43-9afa-11f1-818d-eeee0a9896c2"...#
#2026 08 18 11:45:50.059#Z#DEBUG#3e4f6cdc-9afa-11f1-818d-eeee0a9896c2.OPERATION#flowable-async-job-executor-thread-12010#
[DetermineDesiredStateAchievingActionsStep] Getting application "bookscapm-srv"...#
#2026 08 18 11:45:50.095#Z#DEBUG#3e4f6cdc-9afa-11f1-818d-eeee0a9896c2.OPERATION#flowable-async-job-executor-thread-12010#
[DetermineDesiredStateAchievingActionsStep] Getting instances for application "bookscapm-srv"...#
#2026 08 18 11:45:50.095#Z#DEBUG#3e4f6cdc-9afa-11f1-818d-eeee0a9896c2.OPERATION#flowable-async-job-executor-thread-12010#
[DetermineDesiredStateAchievingActionsStep] Getting environment of application "e4fbc9e0-0224-4a88-a46f-eef717330b07"...#
#2026 08 18 11:45:50.133#Z#DEBUG#3e4f6cdc-9afa-11f1-818d-eeee0a9896c2.OPERATION#flowable-async-job-executor-thread-12010#
[DetermineDesiredStateAchievingActionsStep] Current state of application bookscapm-srv: STOPPED#
#2026 08 18 11:45:50.133#Z#DEBUG#3e4f6cdc-9afa-11f1-818d-eeee0a9896c2.OPERATION#flowable-async-job-executor-thread-12010#
[DetermineDesiredStateAchievingActionsStep] Desired state of application bookscapm-srv: STARTED#
#2026 08 18 11:45:50.133#Z#DEBUG#3e4f6cdc-9afa-11f1-818d-eeee0a9896c2.OPERATION#flowable-async-job-executor-thread-12010#
[DetermineDesiredStateAchievingActionsStep] Actions that should be executed on application bookscapm-srv: [STAGE, START]#
#2026 08 18 11:45:50.133#Z#DEBUG#3e4f6cdc-9afa-11f1-818d-eeee0a9896c2.OPERATION#flowable-async-job-executor-thread-12010#
Step "Determine Desired State Achieving Actions" finished#
#2026 08 18 11:45:50.219#Z#DEBUG#3e4f6cdc-9afa-11f1-818d-eeee0a9896c2.OPERATION#flowable-async-job-executor-thread-12010#
[StageAppStep] Executing task "stageAppTask" of process "4ffedc43-9afa-11f1-818d-eeee0a9896c2"...#
#2026 08 18 11:45:50.224#Z#DEBUG#3e4f6cdc-9afa-11f1-818d-eeee0a9896c2.OPERATION#flowable-async-job-executor-thread-12010#
[StageAppStep] Application stage timeout is default one: 3,600 seconds#
#2026 08 18 11:45:50.228#Z#INFO#3e4f6cdc-9afa-11f1-818d-eeee0a9896c2.OPERATION#flowable-async-job-executor-thread-12010#
[StageAppStep] Staging application "bookscapm-srv"...#
#2026 08 18 11:45:50.233#Z#DEBUG#3e4f6cdc-9afa-11f1-818d-eeee0a9896c2.OPERATION#flowable-async-job-executor-thread-12010#
[StageAppStep] Creating build for package "efe850e0-94c8-45f7-afe7-8db9269df692"...#
#2026 08 18 11:45:50.613#Z#DEBUG#3e4f6cdc-9afa-11f1-818d-eeee0a9896c2.OPERATION#flowable-async-job-executor-thread-12010#
Step "Stage App" finished#
#2026 08 18 11:45:54.956#Z#DEBUG#3e4f6cdc-9afa-11f1-818d-eeee0a9896c2.OPERATION#App upload monitor: a2a83320-6598-4e10-b416-2ebacfcd0ba7#
[UploadAppStep] Upload status: READY#
#2026 08 18 11:45:59.846#Z#DEBUG#3e4f6cdc-9afa-11f1-818d-eeee0a9896c2.OPERATION#flowable-async-job-executor-thread-13444#
[UploadAppStep] Executing task "uploadAppTask" of process "55c96766-9afa-11f1-818d-eeee0a9896c2"...#
#2026 08 18 11:45:59.849#Z#DEBUG#3e4f6cdc-9afa-11f1-818d-eeee0a9896c2.OPERATION#flowable-async-job-executor-thread-13444#
[UploadAppStep] Application upload timeout is default one: 3,600 seconds#
#2026 08 18 11:45:59.849#Z#DEBUG#3e4f6cdc-9afa-11f1-818d-eeee0a9896c2.OPERATION#flowable-async-job-executor-thread-13444#
[UploadAppStep] Checking upload status of application "bookscapm-db-deployer"...#
#2026 08 18 11:45:59.850#Z#DEBUG#3e4f6cdc-9afa-11f1-818d-eeee0a9896c2.OPERATION#flowable-async-job-executor-thread-13444#
[UploadAppStep] Getting package "a2a83320-6598-4e10-b416-2ebacfcd0ba7"...#
#2026 08 18 11:45:59.880#Z#DEBUG#3e4f6cdc-9afa-11f1-818d-eeee0a9896c2.OPERATION#flowable-async-job-executor-thread-13444#
[UploadAppStep] Application "bookscapm-db-deployer" uploaded#
#2026 08 18 11:45:59.882#Z#DEBUG#3e4f6cdc-9afa-11f1-818d-eeee0a9896c2.OPERATION#flowable-async-job-executor-thread-13444#
Step "Upload App" finished#
#2026 08 18 11:45:59.966#Z#DEBUG#3e4f6cdc-9afa-11f1-818d-eeee0a9896c2.OPERATION#flowable-async-job-executor-thread-13444#
[ScaleAppStep] Executing task "scaleAppTask" of process "55c96766-9afa-11f1-818d-eeee0a9896c2"...#
#2026 08 18 11:45:59.969#Z#DEBUG#3e4f6cdc-9afa-11f1-818d-eeee0a9896c2.OPERATION#flowable-async-job-executor-thread-13444#
[ScaleAppStep] Scaling application "bookscapm-db-deployer"...#
#2026 08 18 11:45:59.969#Z#DEBUG#3e4f6cdc-9afa-11f1-818d-eeee0a9896c2.OPERATION#flowable-async-job-executor-thread-13444#
[ScaleAppStep] Application "bookscapm-db-deployer" scaled#
#2026 08 18 11:45:59.969#Z#DEBUG#3e4f6cdc-9afa-11f1-818d-eeee0a9896c2.OPERATION#flowable-async-job-executor-thread-13444#
Step "Scale App" finished#
#2026 08 18 11:45:59.936#Z#DEBUG#3e4f6cdc-9afa-11f1-818d-eeee0a9896c2.OPERATION#flowable-async-job-executor-thread-12012#
[StageAppStep] Executing task "stageAppTask" of process "4ffedc43-9afa-11f1-818d-eeee0a9896c2"...#
#2026 08 18 11:45:59.939#Z#DEBUG#3e4f6cdc-9afa-11f1-818d-eeee0a9896c2.OPERATION#flowable-async-job-executor-thread-12012#
[StageAppStep] Application stage timeout is default one: 3,600 seconds#
#2026 08 18 11:45:59.941#Z#DEBUG#3e4f6cdc-9afa-11f1-818d-eeee0a9896c2.OPERATION#flowable-async-job-executor-thread-12012#
[StageAppStep] Checking status of application "bookscapm-srv"...#
#2026 08 18 11:45:59.941#Z#DEBUG#3e4f6cdc-9afa-11f1-818d-eeee0a9896c2.OPERATION#flowable-async-job-executor-thread-12012#
[StageAppStep] Getting build "081f71fa-7e64-4f72-bed9-80857e11ecdd"...#
#2026 08 18 11:45:59.970#Z#DEBUG#3e4f6cdc-9afa-11f1-818d-eeee0a9896c2.OPERATION#flowable-async-job-executor-thread-12012#
[StageAppStep] Staging status of application "bookscapm-srv": PENDING#
#2026 08 18 11:45:59.971#Z#DEBUG#3e4f6cdc-9afa-11f1-818d-eeee0a9896c2.OPERATION#flowable-async-job-executor-thread-12012#
[StageAppStep] Getting application guid "bookscapm-srv"...#
#2026 08 18 11:46:00.071#Z#DEBUG#3e4f6cdc-9afa-11f1-818d-eeee0a9896c2.OPERATION#flowable-async-job-executor-thread-12012#
Step "Stage App" finished#
#2026 08 18 11:46:00.164#Z#DEBUG#3e4f6cdc-9afa-11f1-818d-eeee0a9896c2.OPERATION#flowable-async-job-executor-thread-13441#
[DetermineDesiredStateAchievingActionsStep] Executing task "determineDesiredStateAchievingActionsTask" of process "55c96766-9afa-11f1-818d-eeee0a9896c2"...#
#2026 08 18 11:46:00.176#Z#DEBUG#3e4f6cdc-9afa-11f1-818d-eeee0a9896c2.OPERATION#flowable-async-job-executor-thread-13441#
[DetermineDesiredStateAchievingActionsStep] Getting application "bookscapm-db-deployer"...#
#2026 08 18 11:46:00.207#Z#DEBUG#3e4f6cdc-9afa-11f1-818d-eeee0a9896c2.OPERATION#flowable-async-job-executor-thread-13441#
[DetermineDesiredStateAchievingActionsStep] Getting instances for application "bookscapm-db-deployer"...#
#2026 08 18 11:46:00.207#Z#DEBUG#3e4f6cdc-9afa-11f1-818d-eeee0a9896c2.OPERATION#flowable-async-job-executor-thread-13441#
[DetermineDesiredStateAchievingActionsStep] Getting environment of application "eed2b67a-83f4-424b-8876-9856be729ff6"...#
#2026 08 18 11:46:00.252#Z#DEBUG#3e4f6cdc-9afa-11f1-818d-eeee0a9896c2.OPERATION#flowable-async-job-executor-thread-13441#
[DetermineDesiredStateAchievingActionsStep] Current state of application bookscapm-db-deployer: STOPPED#
#2026 08 18 11:46:00.252#Z#DEBUG#3e4f6cdc-9afa-11f1-818d-eeee0a9896c2.OPERATION#flowable-async-job-executor-thread-13441#
[DetermineDesiredStateAchievingActionsStep] Desired state of application bookscapm-db-deployer: STOPPED#
#2026 08 18 11:46:00.252#Z#DEBUG#3e4f6cdc-9afa-11f1-818d-eeee0a9896c2.OPERATION#flowable-async-job-executor-thread-13441#
[DetermineDesiredStateAchievingActionsStep] Actions that should be executed on application bookscapm-db-deployer: [STAGE]#
#2026 08 18 11:46:00.252#Z#DEBUG#3e4f6cdc-9afa-11f1-818d-eeee0a9896c2.OPERATION#flowable-async-job-executor-thread-13441#
Step "Determine Desired State Achieving Actions" finished#
#2026 08 18 11:46:00.345#Z#DEBUG#3e4f6cdc-9afa-11f1-818d-eeee0a9896c2.OPERATION#flowable-async-job-executor-thread-13441#
[StageAppStep] Executing task "stageAppTask" of process "55c96766-9afa-11f1-818d-eeee0a9896c2"...#
#2026 08 18 11:46:00.348#Z#DEBUG#3e4f6cdc-9afa-11f1-818d-eeee0a9896c2.OPERATION#flowable-async-job-executor-thread-13441#
[StageAppStep] Application stage timeout is default one: 3,600 seconds#
#2026 08 18 11:46:00.353#Z#INFO#3e4f6cdc-9afa-11f1-818d-eeee0a9896c2.OPERATION#flowable-async-job-executor-thread-13441#
[StageAppStep] Staging application "bookscapm-db-deployer"...#
#2026 08 18 11:46:00.370#Z#DEBUG#3e4f6cdc-9afa-11f1-818d-eeee0a9896c2.OPERATION#flowable-async-job-executor-thread-13441#
[StageAppStep] Creating build for package "a2a83320-6598-4e10-b416-2ebacfcd0ba7"...#
#2026 08 18 11:46:00.711#Z#DEBUG#3e4f6cdc-9afa-11f1-818d-eeee0a9896c2.OPERATION#flowable-async-job-executor-thread-13441#
Step "Stage App" finished#
#2026 08 18 11:46:10.206#Z#DEBUG#3e4f6cdc-9afa-11f1-818d-eeee0a9896c2.OPERATION#flowable-async-job-executor-thread-12022#
[StageAppStep] Executing task "stageAppTask" of process "55c96766-9afa-11f1-818d-eeee0a9896c2"...#
#2026 08 18 11:46:10.209#Z#DEBUG#3e4f6cdc-9afa-11f1-818d-eeee0a9896c2.OPERATION#flowable-async-job-executor-thread-12022#
[StageAppStep] Application stage timeout is default one: 3,600 seconds#
#2026 08 18 11:46:10.211#Z#DEBUG#3e4f6cdc-9afa-11f1-818d-eeee0a9896c2.OPERATION#flowable-async-job-executor-thread-12022#
[StageAppStep] Checking status of application "bookscapm-db-deployer"...#
#2026 08 18 11:46:10.211#Z#DEBUG#3e4f6cdc-9afa-11f1-818d-eeee0a9896c2.OPERATION#flowable-async-job-executor-thread-12022#
[StageAppStep] Getting build "365f88eb-da84-489f-ae1b-6b1911a38998"...#
#2026 08 18 11:46:10.257#Z#DEBUG#3e4f6cdc-9afa-11f1-818d-eeee0a9896c2.OPERATION#flowable-async-job-executor-thread-12022#
[StageAppStep] Staging status of application "bookscapm-db-deployer": PENDING#
#2026 08 18 11:46:10.258#Z#DEBUG#3e4f6cdc-9afa-11f1-818d-eeee0a9896c2.OPERATION#flowable-async-job-executor-thread-12022#
[StageAppStep] Getting application guid "bookscapm-db-deployer"...#
#2026 08 18 11:46:10.431#Z#DEBUG#3e4f6cdc-9afa-11f1-818d-eeee0a9896c2.OPERATION#flowable-async-job-executor-thread-12022#
Step "Stage App" finished#
#2026 08 18 11:46:10.653#Z#DEBUG#3e4f6cdc-9afa-11f1-818d-eeee0a9896c2.OPERATION#flowable-async-job-executor-thread-12021#
[StageAppStep] Executing task "stageAppTask" of process "4ffedc43-9afa-11f1-818d-eeee0a9896c2"...#
#2026 08 18 11:46:10.657#Z#DEBUG#3e4f6cdc-9afa-11f1-818d-eeee0a9896c2.OPERATION#flowable-async-job-executor-thread-12021#
[StageAppStep] Application stage timeout is default one: 3,600 seconds#
#2026 08 18 11:46:10.659#Z#DEBUG#3e4f6cdc-9afa-11f1-818d-eeee0a9896c2.OPERATION#flowable-async-job-executor-thread-12021#
[StageAppStep] Checking status of application "bookscapm-srv"...#
#2026 08 18 11:46:10.659#Z#DEBUG#3e4f6cdc-9afa-11f1-818d-eeee0a9896c2.OPERATION#flowable-async-job-executor-thread-12021#
[StageAppStep] Getting build "081f71fa-7e64-4f72-bed9-80857e11ecdd"...#
#2026 08 18 11:46:10.683#Z#DEBUG#3e4f6cdc-9afa-11f1-818d-eeee0a9896c2.OPERATION#flowable-async-job-executor-thread-12021#
[StageAppStep] Staging status of application "bookscapm-srv": PENDING#
#2026 08 18 11:46:10.684#Z#DEBUG#3e4f6cdc-9afa-11f1-818d-eeee0a9896c2.OPERATION#flowable-async-job-executor-thread-12021#
[StageAppStep] Getting application guid "bookscapm-srv"...#
#2026 08 18 11:46:10.783#Z#DEBUG#3e4f6cdc-9afa-11f1-818d-eeee0a9896c2.OPERATION#flowable-async-job-executor-thread-12021#
Step "Stage App" finished#
#2026 08 18 11:46:20.417#Z#DEBUG#3e4f6cdc-9afa-11f1-818d-eeee0a9896c2.OPERATION#flowable-async-job-executor-thread-12028#
[StageAppStep] Executing task "stageAppTask" of process "55c96766-9afa-11f1-818d-eeee0a9896c2"...#
#2026 08 18 11:46:20.421#Z#DEBUG#3e4f6cdc-9afa-11f1-818d-eeee0a9896c2.OPERATION#flowable-async-job-executor-thread-12028#
[StageAppStep] Application stage timeout is default one: 3,600 seconds#
#2026 08 18 11:46:20.423#Z#DEBUG#3e4f6cdc-9afa-11f1-818d-eeee0a9896c2.OPERATION#flowable-async-job-executor-thread-12028#
[StageAppStep] Checking status of application "bookscapm-db-deployer"...#
#2026 08 18 11:46:20.423#Z#DEBUG#3e4f6cdc-9afa-11f1-818d-eeee0a9896c2.OPERATION#flowable-async-job-executor-thread-12028#
[StageAppStep] Getting build "365f88eb-da84-489f-ae1b-6b1911a38998"...#
#2026 08 18 11:46:20.458#Z#DEBUG#3e4f6cdc-9afa-11f1-818d-eeee0a9896c2.OPERATION#flowable-async-job-executor-thread-12028#
[StageAppStep] Staging status of application "bookscapm-db-deployer": PENDING#
#2026 08 18 11:46:20.459#Z#DEBUG#3e4f6cdc-9afa-11f1-818d-eeee0a9896c2.OPERATION#flowable-async-job-executor-thread-12028#
[StageAppStep] Getting application guid "bookscapm-db-deployer"...#
#2026 08 18 11:46:20.547#Z#DEBUG#3e4f6cdc-9afa-11f1-818d-eeee0a9896c2.OPERATION#flowable-async-job-executor-thread-12028#
Step "Stage App" finished#
#2026 08 18 11:46:20.410#Z#DEBUG#3e4f6cdc-9afa-11f1-818d-eeee0a9896c2.OPERATION#flowable-async-job-executor-thread-13448#
[StageAppStep] Executing task "stageAppTask" of process "4ffedc43-9afa-11f1-818d-eeee0a9896c2"...#
#2026 08 18 11:46:20.413#Z#DEBUG#3e4f6cdc-9afa-11f1-818d-eeee0a9896c2.OPERATION#flowable-async-job-executor-thread-13448#
[StageAppStep] Application stage timeout is default one: 3,600 seconds#
#2026 08 18 11:46:20.415#Z#DEBUG#3e4f6cdc-9afa-11f1-818d-eeee0a9896c2.OPERATION#flowable-async-job-executor-thread-13448#
[StageAppStep] Checking status of application "bookscapm-srv"...#
#2026 08 18 11:46:20.415#Z#DEBUG#3e4f6cdc-9afa-11f1-818d-eeee0a9896c2.OPERATION#flowable-async-job-executor-thread-13448#
[StageAppStep] Getting build "081f71fa-7e64-4f72-bed9-80857e11ecdd"...#
#2026 08 18 11:46:20.442#Z#DEBUG#3e4f6cdc-9afa-11f1-818d-eeee0a9896c2.OPERATION#flowable-async-job-executor-thread-13448#
[StageAppStep] Staging status of application "bookscapm-srv": STAGED#
#2026 08 18 11:46:20.443#Z#DEBUG#3e4f6cdc-9afa-11f1-818d-eeee0a9896c2.OPERATION#flowable-async-job-executor-thread-13448#
[StageAppStep] Getting application guid "bookscapm-srv"...#
#2026 08 18 11:46:20.538#Z#DEBUG#3e4f6cdc-9afa-11f1-818d-eeee0a9896c2.OPERATION#flowable-async-job-executor-thread-13448#
[StageAppStep] Getting build "081f71fa-7e64-4f72-bed9-80857e11ecdd"...#
#2026 08 18 11:46:20.575#Z#DEBUG#3e4f6cdc-9afa-11f1-818d-eeee0a9896c2.OPERATION#flowable-async-job-executor-thread-13448#
[StageAppStep] Binding droplet "5e423eb2-ae8a-4a48-9545-5953cedf60b2" to application "e4fbc9e0-0224-4a88-a46f-eef717330b07"...#
#2026 08 18 11:46:20.625#Z#INFO#3e4f6cdc-9afa-11f1-818d-eeee0a9896c2.OPERATION#flowable-async-job-executor-thread-13448#
[StageAppStep] Application "bookscapm-srv" staged#
#2026 08 18 11:46:20.634#Z#DEBUG#3e4f6cdc-9afa-11f1-818d-eeee0a9896c2.OPERATION#flowable-async-job-executor-thread-13448#
Step "Stage App" finished#
#2026 08 18 11:46:20.678#Z#DEBUG#3e4f6cdc-9afa-11f1-818d-eeee0a9896c2.OPERATION#flowable-async-job-executor-thread-13448#
[RestartAppStep] Executing task "startAppTask" of process "4ffedc43-9afa-11f1-818d-eeee0a9896c2"...#
#2026 08 18 11:46:20.681#Z#DEBUG#3e4f6cdc-9afa-11f1-818d-eeee0a9896c2.OPERATION#flowable-async-job-executor-thread-13448#
[RestartAppStep] Application start timeout is default one: 3,600 seconds#
#2026 08 18 11:46:20.683#Z#DEBUG#3e4f6cdc-9afa-11f1-818d-eeee0a9896c2.OPERATION#flowable-async-job-executor-thread-13448#
[RestartAppStep] Getting application "bookscapm-srv"...#
#2026 08 18 11:46:20.717#Z#INFO#3e4f6cdc-9afa-11f1-818d-eeee0a9896c2.OPERATION#flowable-async-job-executor-thread-13448#
[RestartAppStep] Starting application "bookscapm-srv"...#
#2026 08 18 11:46:20.722#Z#DEBUG#3e4f6cdc-9afa-11f1-818d-eeee0a9896c2.OPERATION#flowable-async-job-executor-thread-13448#
[RestartAppStep] Starting application "bookscapm-srv"...#
#2026 08 18 11:46:20.973#Z#DEBUG#3e4f6cdc-9afa-11f1-818d-eeee0a9896c2.OPERATION#flowable-async-job-executor-thread-13448#
Step "Start App" finished#
#2026 08 18 11:46:30.536#Z#DEBUG#3e4f6cdc-9afa-11f1-818d-eeee0a9896c2.OPERATION#flowable-async-job-executor-thread-13456#
[StageAppStep] Executing task "stageAppTask" of process "55c96766-9afa-11f1-818d-eeee0a9896c2"...#
#2026 08 18 11:46:30.539#Z#DEBUG#3e4f6cdc-9afa-11f1-818d-eeee0a9896c2.OPERATION#flowable-async-job-executor-thread-13456#
[StageAppStep] Application stage timeout is default one: 3,600 seconds#
#2026 08 18 11:46:30.542#Z#DEBUG#3e4f6cdc-9afa-11f1-818d-eeee0a9896c2.OPERATION#flowable-async-job-executor-thread-13456#
[StageAppStep] Checking status of application "bookscapm-db-deployer"...#
#2026 08 18 11:46:30.542#Z#DEBUG#3e4f6cdc-9afa-11f1-818d-eeee0a9896c2.OPERATION#flowable-async-job-executor-thread-13456#
[StageAppStep] Getting build "365f88eb-da84-489f-ae1b-6b1911a38998"...#
#2026 08 18 11:46:30.571#Z#DEBUG#3e4f6cdc-9afa-11f1-818d-eeee0a9896c2.OPERATION#flowable-async-job-executor-thread-13456#
[StageAppStep] Staging status of application "bookscapm-db-deployer": STAGED#
#2026 08 18 11:46:30.573#Z#DEBUG#3e4f6cdc-9afa-11f1-818d-eeee0a9896c2.OPERATION#flowable-async-job-executor-thread-13456#
[StageAppStep] Getting application guid "bookscapm-db-deployer"...#
#2026 08 18 11:46:30.672#Z#DEBUG#3e4f6cdc-9afa-11f1-818d-eeee0a9896c2.OPERATION#flowable-async-job-executor-thread-13456#
[StageAppStep] Getting build "365f88eb-da84-489f-ae1b-6b1911a38998"...#
#2026 08 18 11:46:30.705#Z#DEBUG#3e4f6cdc-9afa-11f1-818d-eeee0a9896c2.OPERATION#flowable-async-job-executor-thread-13456#
[StageAppStep] Binding droplet "e8e06844-d5d3-45cd-8f16-7a5b89c5b1aa" to application "eed2b67a-83f4-424b-8876-9856be729ff6"...#
#2026 08 18 11:46:30.762#Z#INFO#3e4f6cdc-9afa-11f1-818d-eeee0a9896c2.OPERATION#flowable-async-job-executor-thread-13456#
[StageAppStep] Application "bookscapm-db-deployer" staged#
#2026 08 18 11:46:30.795#Z#DEBUG#3e4f6cdc-9afa-11f1-818d-eeee0a9896c2.OPERATION#flowable-async-job-executor-thread-13456#
Step "Stage App" finished#
#2026 08 18 11:46:30.700#Z#DEBUG#3e4f6cdc-9afa-11f1-818d-eeee0a9896c2.OPERATION#flowable-async-job-executor-thread-12038#
[RestartAppStep] Executing task "startAppTask" of process "6e643b9b-9afa-11f1-8e71-eeee0a87f90b"...#
#2026 08 18 11:46:30.707#Z#DEBUG#3e4f6cdc-9afa-11f1-818d-eeee0a9896c2.OPERATION#flowable-async-job-executor-thread-12038#
[RestartAppStep] Application start timeout is default one: 3,600 seconds#
#2026 08 18 11:46:30.709#Z#DEBUG#3e4f6cdc-9afa-11f1-818d-eeee0a9896c2.OPERATION#flowable-async-job-executor-thread-12038#
[RestartAppStep] Checking status of application "bookscapm-srv"...#
#2026 08 18 11:46:30.709#Z#DEBUG#3e4f6cdc-9afa-11f1-818d-eeee0a9896c2.OPERATION#flowable-async-job-executor-thread-12038#
[RestartAppStep] Getting application "bookscapm-srv"...#
#2026 08 18 11:46:30.742#Z#DEBUG#3e4f6cdc-9afa-11f1-818d-eeee0a9896c2.OPERATION#flowable-async-job-executor-thread-12038#
[RestartAppStep] Getting instances for application "bookscapm-srv"...#
#2026 08 18 11:46:30.777#Z#DEBUG#3e4f6cdc-9afa-11f1-818d-eeee0a9896c2.OPERATION#flowable-async-job-executor-thread-12038#
[RestartAppStep] Application "bookscapm-srv": 0 of 1 instances running (1 starting)#
#2026 08 18 11:46:30.815#Z#DEBUG#3e4f6cdc-9afa-11f1-818d-eeee0a9896c2.OPERATION#flowable-async-job-executor-thread-12038#
Step "Start App" finished#
#2026 08 18 11:46:31.391#Z#DEBUG#3e4f6cdc-9afa-11f1-818d-eeee0a9896c2.OPERATION#flowable-async-job-executor-thread-13453#
[PrepareToExecuteTasksStep] Executing task "prepareToExecuteTasksTask" of process "745ab86b-9afa-11f1-8e71-eeee0a87f90b"...#
#2026 08 18 11:46:31.393#Z#DEBUG#3e4f6cdc-9afa-11f1-818d-eeee0a9896c2.OPERATION#flowable-async-job-executor-thread-13453#
Step "Prepare To Execute Tasks" finished#
#2026 08 18 11:46:31.537#Z#DEBUG#3e4f6cdc-9afa-11f1-818d-eeee0a9896c2.OPERATION#flowable-async-job-executor-thread-13459#
[ExecuteTaskStep] Executing task "executeTaskTask" of process "745ab86b-9afa-11f1-8e71-eeee0a87f90b"...#
#2026 08 18 11:46:31.539#Z#DEBUG#3e4f6cdc-9afa-11f1-818d-eeee0a9896c2.OPERATION#flowable-async-job-executor-thread-13459#
[ExecuteTaskStep] Application task execution timeout is default one: 43,200 seconds#
#2026 08 18 11:46:31.541#Z#INFO#3e4f6cdc-9afa-11f1-818d-eeee0a9896c2.OPERATION#flowable-async-job-executor-thread-13459#
[ExecuteTaskStep] Executing task "deploy" on application "bookscapm-db-deployer"...#
#2026 08 18 11:46:31.549#Z#DEBUG#3e4f6cdc-9afa-11f1-818d-eeee0a9896c2.OPERATION#flowable-async-job-executor-thread-13459#
[ExecuteTaskStep] Running task on application "bookscapm-db-deployer": {
  "name" : "deploy",
  "command" : "npm start",
  "limits" : {
    "memory" : 256
  }
}#
#2026 08 18 11:46:31.831#Z#DEBUG#3e4f6cdc-9afa-11f1-818d-eeee0a9896c2.OPERATION#flowable-async-job-executor-thread-13459#
Step "Execute Task" finished#
#2026 08 18 11:46:41.000#Z#DEBUG#3e4f6cdc-9afa-11f1-818d-eeee0a9896c2.OPERATION#flowable-async-job-executor-thread-12042#
[ExecuteTaskStep] Executing task "executeTaskTask" of process "745ab86b-9afa-11f1-8e71-eeee0a87f90b"...#
#2026 08 18 11:46:41.004#Z#DEBUG#3e4f6cdc-9afa-11f1-818d-eeee0a9896c2.OPERATION#flowable-async-job-executor-thread-12042#
[ExecuteTaskStep] Application task execution timeout is default one: 43,200 seconds#
#2026 08 18 11:46:41.008#Z#DEBUG#3e4f6cdc-9afa-11f1-818d-eeee0a9896c2.OPERATION#flowable-async-job-executor-thread-12042#
[ExecuteTaskStep] Getting task "bb925916-d3ec-4ef0-acac-245dd1f7b257"...#
#2026 08 18 11:46:41.049#Z#DEBUG#3e4f6cdc-9afa-11f1-818d-eeee0a9896c2.OPERATION#flowable-async-job-executor-thread-12042#
[ExecuteTaskStep] Task execution status: running#
#2026 08 18 11:46:41.050#Z#DEBUG#3e4f6cdc-9afa-11f1-818d-eeee0a9896c2.OPERATION#flowable-async-job-executor-thread-12042#
[ExecuteTaskStep] Getting application guid "bookscapm-db-deployer"...#
#2026 08 18 11:46:41.154#Z#DEBUG#3e4f6cdc-9afa-11f1-818d-eeee0a9896c2.OPERATION#flowable-async-job-executor-thread-12042#
Step "Execute Task" finished#
#2026 08 18 11:46:41.244#Z#DEBUG#3e4f6cdc-9afa-11f1-818d-eeee0a9896c2.OPERATION#flowable-async-job-executor-thread-13467#
[RestartAppStep] Executing task "startAppTask" of process "74429d55-9afa-11f1-95b0-eeee0a9f1b77"...#
#2026 08 18 11:46:41.251#Z#DEBUG#3e4f6cdc-9afa-11f1-818d-eeee0a9896c2.OPERATION#flowable-async-job-executor-thread-13467#
[RestartAppStep] Application start timeout is default one: 3,600 seconds#
#2026 08 18 11:46:41.252#Z#DEBUG#3e4f6cdc-9afa-11f1-818d-eeee0a9896c2.OPERATION#flowable-async-job-executor-thread-13467#
[RestartAppStep] Checking status of application "bookscapm-srv"...#
#2026 08 18 11:46:41.254#Z#DEBUG#3e4f6cdc-9afa-11f1-818d-eeee0a9896c2.OPERATION#flowable-async-job-executor-thread-13467#
[RestartAppStep] Getting instances for application "bookscapm-srv"...#
#2026 08 18 11:46:41.301#Z#DEBUG#3e4f6cdc-9afa-11f1-818d-eeee0a9896c2.OPERATION#flowable-async-job-executor-thread-13467#
[RestartAppStep] Application "bookscapm-srv": 0 of 1 instances running (1 starting)#
#2026 08 18 11:46:41.345#Z#DEBUG#3e4f6cdc-9afa-11f1-818d-eeee0a9896c2.OPERATION#flowable-async-job-executor-thread-13467#
Step "Start App" finished#
#2026 08 18 11:46:51.533#Z#DEBUG#3e4f6cdc-9afa-11f1-818d-eeee0a9896c2.OPERATION#flowable-async-job-executor-thread-12035#
[ExecuteTaskStep] Executing task "executeTaskTask" of process "745ab86b-9afa-11f1-8e71-eeee0a87f90b"...#
#2026 08 18 11:46:51.535#Z#DEBUG#3e4f6cdc-9afa-11f1-818d-eeee0a9896c2.OPERATION#flowable-async-job-executor-thread-12035#
[ExecuteTaskStep] Application task execution timeout is default one: 43,200 seconds#
#2026 08 18 11:46:51.537#Z#DEBUG#3e4f6cdc-9afa-11f1-818d-eeee0a9896c2.OPERATION#flowable-async-job-executor-thread-12035#
[ExecuteTaskStep] Getting task "bb925916-d3ec-4ef0-acac-245dd1f7b257"...#
#2026 08 18 11:46:51.572#Z#DEBUG#3e4f6cdc-9afa-11f1-818d-eeee0a9896c2.OPERATION#flowable-async-job-executor-thread-12035#
[ExecuteTaskStep] Task execution status: succeeded#
#2026 08 18 11:46:51.573#Z#DEBUG#3e4f6cdc-9afa-11f1-818d-eeee0a9896c2.OPERATION#flowable-async-job-executor-thread-12035#
[ExecuteTaskStep] Getting application guid "bookscapm-db-deployer"...#
#2026 08 18 11:46:51.649#Z#DEBUG#3e4f6cdc-9afa-11f1-818d-eeee0a9896c2.OPERATION#flowable-async-job-executor-thread-12035#
Step "Execute Task" finished#
#2026 08 18 11:46:52.079#Z#DEBUG#3e4f6cdc-9afa-11f1-818d-eeee0a9896c2.OPERATION#flowable-async-job-executor-thread-12035#
[RestartAppStep] Executing task "startAppTask" of process "7a89aac8-9afa-11f1-8e71-eeee0a87f90b"...#
#2026 08 18 11:46:52.082#Z#DEBUG#3e4f6cdc-9afa-11f1-818d-eeee0a9896c2.OPERATION#flowable-async-job-executor-thread-12035#
[RestartAppStep] Application start timeout is default one: 3,600 seconds#
#2026 08 18 11:46:52.083#Z#DEBUG#3e4f6cdc-9afa-11f1-818d-eeee0a9896c2.OPERATION#flowable-async-job-executor-thread-12035#
[RestartAppStep] Checking status of application "bookscapm-srv"...#
#2026 08 18 11:46:52.084#Z#DEBUG#3e4f6cdc-9afa-11f1-818d-eeee0a9896c2.OPERATION#flowable-async-job-executor-thread-12035#
[RestartAppStep] Getting instances for application "bookscapm-srv"...#
#2026 08 18 11:46:52.117#Z#DEBUG#3e4f6cdc-9afa-11f1-818d-eeee0a9896c2.OPERATION#flowable-async-job-executor-thread-12035#
[RestartAppStep] Application "bookscapm-srv": 0 of 1 instances running (1 starting)#
#2026 08 18 11:46:52.174#Z#DEBUG#3e4f6cdc-9afa-11f1-818d-eeee0a9896c2.OPERATION#flowable-async-job-executor-thread-12035#
Step "Start App" finished#
#2026 08 18 11:46:53.079#Z#DEBUG#3e4f6cdc-9afa-11f1-818d-eeee0a9896c2.OPERATION#flowable-async-job-executor-thread-12035#
[IncrementIndexStep] Executing task "incrementTaskIndexTask" of process "745ab86b-9afa-11f1-8e71-eeee0a87f90b"...#
#2026 08 18 11:46:53.080#Z#DEBUG#3e4f6cdc-9afa-11f1-818d-eeee0a9896c2.OPERATION#flowable-async-job-executor-thread-12035#
Step "Increment Task Index" finished#
#2026 08 18 11:46:53.612#Z#DEBUG#3e4f6cdc-9afa-11f1-818d-eeee0a9896c2.OPERATION#flowable-async-job-executor-thread-12035#
[PublishConfigurationEntriesStep] Executing task "publishProvidedDependenciesTask" of process "55c96766-9afa-11f1-818d-eeee0a9896c2"...#
#2026 08 18 11:46:53.614#Z#DEBUG#3e4f6cdc-9afa-11f1-818d-eeee0a9896c2.OPERATION#flowable-async-job-executor-thread-12035#
[PublishConfigurationEntriesStep] Publishing public provided dependencies for application "bookscapm-db-deployer"...#
#2026 08 18 11:46:53.615#Z#DEBUG#3e4f6cdc-9afa-11f1-818d-eeee0a9896c2.OPERATION#flowable-async-job-executor-thread-12035#
[PublishConfigurationEntriesStep] No public provided dependencies for publishing#
#2026 08 18 11:46:53.615#Z#DEBUG#3e4f6cdc-9afa-11f1-818d-eeee0a9896c2.OPERATION#flowable-async-job-executor-thread-12035#
Step "Publish Provided Dependencies" finished#
#2026 08 18 11:46:53.666#Z#DEBUG#3e4f6cdc-9afa-11f1-818d-eeee0a9896c2.OPERATION#flowable-async-job-executor-thread-12040#
[CreateOrUpdateServiceBrokerStep] Executing task "createOrUpdateServiceBrokerTask" of process "55c96766-9afa-11f1-818d-eeee0a9896c2"...#
#2026 08 18 11:46:53.668#Z#DEBUG#3e4f6cdc-9afa-11f1-818d-eeee0a9896c2.OPERATION#flowable-async-job-executor-thread-12040#
[CreateOrUpdateServiceBrokerStep] Creating service brokers...#
#2026 08 18 11:46:53.669#Z#DEBUG#3e4f6cdc-9afa-11f1-818d-eeee0a9896c2.OPERATION#flowable-async-job-executor-thread-12040#
Step "Create Or Update Service Broker " finished#
#2026 08 18 11:47:01.368#Z#DEBUG#3e4f6cdc-9afa-11f1-818d-eeee0a9896c2.OPERATION#flowable-async-job-executor-thread-11331#
[RestartAppStep] Executing task "startAppTask" of process "80fd6f2c-9afa-11f1-95b0-eeee0a9f1b77"...#
#2026 08 18 11:47:01.372#Z#DEBUG#3e4f6cdc-9afa-11f1-818d-eeee0a9896c2.OPERATION#flowable-async-job-executor-thread-11331#
[RestartAppStep] Application start timeout is default one: 3,600 seconds#
#2026 08 18 11:47:01.373#Z#DEBUG#3e4f6cdc-9afa-11f1-818d-eeee0a9896c2.OPERATION#flowable-async-job-executor-thread-11331#
[RestartAppStep] Checking status of application "bookscapm-srv"...#
#2026 08 18 11:47:01.374#Z#DEBUG#3e4f6cdc-9afa-11f1-818d-eeee0a9896c2.OPERATION#flowable-async-job-executor-thread-11331#
[RestartAppStep] Getting instances for application "bookscapm-srv"...#
#2026 08 18 11:47:01.432#Z#DEBUG#3e4f6cdc-9afa-11f1-818d-eeee0a9896c2.OPERATION#flowable-async-job-executor-thread-11331#
[RestartAppStep] Application "bookscapm-srv": 0 of 1 instances running (1 crashed)#
#2026 08 18 11:47:01.498#Z#ERROR#3e4f6cdc-9afa-11f1-818d-eeee0a9896c2.OPERATION#flowable-async-job-executor-thread-11331#
[RestartAppStep] Error starting application "bookscapm-srv": Some instances have crashed. Check the application logs of your application for details.#
#2026 08 18 11:47:01.503#Z#INFO#3e4f6cdc-9afa-11f1-818d-eeee0a9896c2.OPERATION#flowable-async-job-executor-thread-11331#
[RestartAppStep] Download the MTA operation logs for more details.#
#2026 08 18 11:47:01.509#Z#DEBUG#3e4f6cdc-9afa-11f1-818d-eeee0a9896c2.OPERATION#flowable-async-job-executor-thread-11331#
Step "Start App" finished#
#2026 08 18 11:47:02.188#Z#DEBUG#3e4f6cdc-9afa-11f1-818d-eeee0a9896c2.OPERATION#flowable-async-job-executor-thread-12047#
[RestartAppStep] Executing task "startAppTask" of process "80fd6f2c-9afa-11f1-95b0-eeee0a9f1b77"...#
#2026 08 18 11:47:02.195#Z#DEBUG#3e4f6cdc-9afa-11f1-818d-eeee0a9896c2.OPERATION#flowable-async-job-executor-thread-12047#
[RestartAppStep] Application start timeout is default one: 3,600 seconds#
#2026 08 18 11:47:02.208#Z#DEBUG#3e4f6cdc-9afa-11f1-818d-eeee0a9896c2.OPERATION#flowable-async-job-executor-thread-12047#
[RestartAppStep] Getting application "bookscapm-srv"...#
#2026 08 18 11:47:02.239#Z#INFO#3e4f6cdc-9afa-11f1-818d-eeee0a9896c2.OPERATION#flowable-async-job-executor-thread-12047#
[RestartAppStep] Stopping application "bookscapm-srv"...#
#2026 08 18 11:47:02.244#Z#DEBUG#3e4f6cdc-9afa-11f1-818d-eeee0a9896c2.OPERATION#flowable-async-job-executor-thread-12047#
[RestartAppStep] Stopping application "bookscapm-srv"...#
#2026 08 18 11:47:02.369#Z#INFO#3e4f6cdc-9afa-11f1-818d-eeee0a9896c2.OPERATION#flowable-async-job-executor-thread-12047#
[RestartAppStep] Starting application "bookscapm-srv"...#
#2026 08 18 11:47:02.374#Z#DEBUG#3e4f6cdc-9afa-11f1-818d-eeee0a9896c2.OPERATION#flowable-async-job-executor-thread-12047#
[RestartAppStep] Starting application "bookscapm-srv"...#
#2026 08 18 11:47:02.669#Z#DEBUG#3e4f6cdc-9afa-11f1-818d-eeee0a9896c2.OPERATION#flowable-async-job-executor-thread-12047#
Step "Start App" finished#
#2026 08 18 11:47:11.474#Z#DEBUG#3e4f6cdc-9afa-11f1-818d-eeee0a9896c2.OPERATION#flowable-async-job-executor-thread-13469#
[RestartAppStep] Executing task "startAppTask" of process "873eb010-9afa-11f1-95b0-eeee0a9f1b77"...#
#2026 08 18 11:47:11.477#Z#DEBUG#3e4f6cdc-9afa-11f1-818d-eeee0a9896c2.OPERATION#flowable-async-job-executor-thread-13469#
[RestartAppStep] Application start timeout is default one: 3,600 seconds#
#2026 08 18 11:47:11.478#Z#DEBUG#3e4f6cdc-9afa-11f1-818d-eeee0a9896c2.OPERATION#flowable-async-job-executor-thread-13469#
[RestartAppStep] Checking status of application "bookscapm-srv"...#
#2026 08 18 11:47:11.478#Z#DEBUG#3e4f6cdc-9afa-11f1-818d-eeee0a9896c2.OPERATION#flowable-async-job-executor-thread-13469#
[RestartAppStep] Getting instances for application "bookscapm-srv"...#
#2026 08 18 11:47:11.518#Z#DEBUG#3e4f6cdc-9afa-11f1-818d-eeee0a9896c2.OPERATION#flowable-async-job-executor-thread-13469#
[RestartAppStep] Application "bookscapm-srv": 0 of 1 instances running (1 starting)#
#2026 08 18 11:47:11.589#Z#DEBUG#3e4f6cdc-9afa-11f1-818d-eeee0a9896c2.OPERATION#flowable-async-job-executor-thread-13469#
Step "Start App" finished#
#2026 08 18 11:47:21.549#Z#DEBUG#3e4f6cdc-9afa-11f1-818d-eeee0a9896c2.OPERATION#flowable-async-job-executor-thread-13486#
[RestartAppStep] Executing task "startAppTask" of process "8c906297-9afa-11f1-8e71-eeee0a87f90b"...#
#2026 08 18 11:47:21.555#Z#DEBUG#3e4f6cdc-9afa-11f1-818d-eeee0a9896c2.OPERATION#flowable-async-job-executor-thread-13486#
[RestartAppStep] Application start timeout is default one: 3,600 seconds#
#2026 08 18 11:47:21.556#Z#DEBUG#3e4f6cdc-9afa-11f1-818d-eeee0a9896c2.OPERATION#flowable-async-job-executor-thread-13486#
[RestartAppStep] Checking status of application "bookscapm-srv"...#
#2026 08 18 11:47:21.558#Z#DEBUG#3e4f6cdc-9afa-11f1-818d-eeee0a9896c2.OPERATION#flowable-async-job-executor-thread-13486#
[RestartAppStep] Getting instances for application "bookscapm-srv"...#
#2026 08 18 11:47:21.601#Z#DEBUG#3e4f6cdc-9afa-11f1-818d-eeee0a9896c2.OPERATION#flowable-async-job-executor-thread-13486#
[RestartAppStep] Application "bookscapm-srv": 0 of 1 instances running (1 starting)#
#2026 08 18 11:47:21.654#Z#DEBUG#3e4f6cdc-9afa-11f1-818d-eeee0a9896c2.OPERATION#flowable-async-job-executor-thread-13486#
Step "Start App" finished#
#2026 08 18 11:47:31.693#Z#DEBUG#3e4f6cdc-9afa-11f1-818d-eeee0a9896c2.OPERATION#flowable-async-job-executor-thread-13494#
[RestartAppStep] Executing task "startAppTask" of process "92907c53-9afa-11f1-8e71-eeee0a87f90b"...#
#2026 08 18 11:47:31.699#Z#DEBUG#3e4f6cdc-9afa-11f1-818d-eeee0a9896c2.OPERATION#flowable-async-job-executor-thread-13494#
[RestartAppStep] Application start timeout is default one: 3,600 seconds#
#2026 08 18 11:47:31.701#Z#DEBUG#3e4f6cdc-9afa-11f1-818d-eeee0a9896c2.OPERATION#flowable-async-job-executor-thread-13494#
[RestartAppStep] Checking status of application "bookscapm-srv"...#
#2026 08 18 11:47:31.702#Z#DEBUG#3e4f6cdc-9afa-11f1-818d-eeee0a9896c2.OPERATION#flowable-async-job-executor-thread-13494#
[RestartAppStep] Getting instances for application "bookscapm-srv"...#
#2026 08 18 11:47:31.766#Z#DEBUG#3e4f6cdc-9afa-11f1-818d-eeee0a9896c2.OPERATION#flowable-async-job-executor-thread-13494#
[RestartAppStep] Application "bookscapm-srv": 0 of 1 instances running (1 starting)#
#2026 08 18 11:47:31.801#Z#DEBUG#3e4f6cdc-9afa-11f1-818d-eeee0a9896c2.OPERATION#flowable-async-job-executor-thread-13494#
Step "Start App" finished#
#2026 08 18 11:47:41.785#Z#DEBUG#3e4f6cdc-9afa-11f1-818d-eeee0a9896c2.OPERATION#flowable-async-job-executor-thread-13501#
[RestartAppStep] Executing task "startAppTask" of process "989ca4a8-9afa-11f1-8e71-eeee0a87f90b"...#
#2026 08 18 11:47:41.788#Z#DEBUG#3e4f6cdc-9afa-11f1-818d-eeee0a9896c2.OPERATION#flowable-async-job-executor-thread-13501#
[RestartAppStep] Application start timeout is default one: 3,600 seconds#
#2026 08 18 11:47:41.789#Z#DEBUG#3e4f6cdc-9afa-11f1-818d-eeee0a9896c2.OPERATION#flowable-async-job-executor-thread-13501#
[RestartAppStep] Checking status of application "bookscapm-srv"...#
#2026 08 18 11:47:41.790#Z#DEBUG#3e4f6cdc-9afa-11f1-818d-eeee0a9896c2.OPERATION#flowable-async-job-executor-thread-13501#
[RestartAppStep] Getting instances for application "bookscapm-srv"...#
#2026 08 18 11:47:41.824#Z#DEBUG#3e4f6cdc-9afa-11f1-818d-eeee0a9896c2.OPERATION#flowable-async-job-executor-thread-13501#
[RestartAppStep] Application "bookscapm-srv": 0 of 1 instances running (1 starting)#
#2026 08 18 11:47:41.870#Z#DEBUG#3e4f6cdc-9afa-11f1-818d-eeee0a9896c2.OPERATION#flowable-async-job-executor-thread-13501#
Step "Start App" finished#
#2026 08 18 11:47:51.868#Z#DEBUG#3e4f6cdc-9afa-11f1-818d-eeee0a9896c2.OPERATION#flowable-async-job-executor-thread-13512#
[RestartAppStep] Executing task "startAppTask" of process "9e9c4989-9afa-11f1-8e71-eeee0a87f90b"...#
#2026 08 18 11:47:51.872#Z#DEBUG#3e4f6cdc-9afa-11f1-818d-eeee0a9896c2.OPERATION#flowable-async-job-executor-thread-13512#
[RestartAppStep] Application start timeout is default one: 3,600 seconds#
#2026 08 18 11:47:51.873#Z#DEBUG#3e4f6cdc-9afa-11f1-818d-eeee0a9896c2.OPERATION#flowable-async-job-executor-thread-13512#
[RestartAppStep] Checking status of application "bookscapm-srv"...#
#2026 08 18 11:47:51.874#Z#DEBUG#3e4f6cdc-9afa-11f1-818d-eeee0a9896c2.OPERATION#flowable-async-job-executor-thread-13512#
[RestartAppStep] Getting instances for application "bookscapm-srv"...#
#2026 08 18 11:47:51.917#Z#DEBUG#3e4f6cdc-9afa-11f1-818d-eeee0a9896c2.OPERATION#flowable-async-job-executor-thread-13512#
[RestartAppStep] Application "bookscapm-srv": 0 of 1 instances running (1 crashed)#
#2026 08 18 11:47:51.943#Z#ERROR#3e4f6cdc-9afa-11f1-818d-eeee0a9896c2.OPERATION#flowable-async-job-executor-thread-13512#
[RestartAppStep] Error starting application "bookscapm-srv": Some instances have crashed. Check the application logs of your application for details.#
#2026 08 18 11:47:51.959#Z#INFO#3e4f6cdc-9afa-11f1-818d-eeee0a9896c2.OPERATION#flowable-async-job-executor-thread-13512#
[RestartAppStep] Download the MTA operation logs for more details.#
#2026 08 18 11:47:51.965#Z#DEBUG#3e4f6cdc-9afa-11f1-818d-eeee0a9896c2.OPERATION#flowable-async-job-executor-thread-13512#
Step "Start App" finished#
#2026 08 18 11:47:53.894#Z#DEBUG#3e4f6cdc-9afa-11f1-818d-eeee0a9896c2.OPERATION#flowable-async-job-executor-thread-12079#
[RestartAppStep] Executing task "startAppTask" of process "9e9c4989-9afa-11f1-8e71-eeee0a87f90b"...#
#2026 08 18 11:47:53.898#Z#DEBUG#3e4f6cdc-9afa-11f1-818d-eeee0a9896c2.OPERATION#flowable-async-job-executor-thread-12079#
[RestartAppStep] Application start timeout is default one: 3,600 seconds#
#2026 08 18 11:47:53.906#Z#DEBUG#3e4f6cdc-9afa-11f1-818d-eeee0a9896c2.OPERATION#flowable-async-job-executor-thread-12079#
[RestartAppStep] Getting application "bookscapm-srv"...#
#2026 08 18 11:47:53.940#Z#INFO#3e4f6cdc-9afa-11f1-818d-eeee0a9896c2.OPERATION#flowable-async-job-executor-thread-12079#
[RestartAppStep] Stopping application "bookscapm-srv"...#
#2026 08 18 11:47:53.945#Z#DEBUG#3e4f6cdc-9afa-11f1-818d-eeee0a9896c2.OPERATION#flowable-async-job-executor-thread-12079#
[RestartAppStep] Stopping application "bookscapm-srv"...#
#2026 08 18 11:47:54.068#Z#INFO#3e4f6cdc-9afa-11f1-818d-eeee0a9896c2.OPERATION#flowable-async-job-executor-thread-12079#
[RestartAppStep] Starting application "bookscapm-srv"...#
#2026 08 18 11:47:54.073#Z#DEBUG#3e4f6cdc-9afa-11f1-818d-eeee0a9896c2.OPERATION#flowable-async-job-executor-thread-12079#
[RestartAppStep] Starting application "bookscapm-srv"...#
#2026 08 18 11:47:54.271#Z#DEBUG#3e4f6cdc-9afa-11f1-818d-eeee0a9896c2.OPERATION#flowable-async-job-executor-thread-12079#
Step "Start App" finished#
#2026 08 18 11:48:01.987#Z#DEBUG#3e4f6cdc-9afa-11f1-818d-eeee0a9896c2.OPERATION#flowable-async-job-executor-thread-13521#
[RestartAppStep] Executing task "startAppTask" of process "a60087a3-9afa-11f1-95b0-eeee0a9f1b77"...#
#2026 08 18 11:48:01.990#Z#DEBUG#3e4f6cdc-9afa-11f1-818d-eeee0a9896c2.OPERATION#flowable-async-job-executor-thread-13521#
[RestartAppStep] Application start timeout is default one: 3,600 seconds#
#2026 08 18 11:48:02.052#Z#DEBUG#3e4f6cdc-9afa-11f1-818d-eeee0a9896c2.OPERATION#flowable-async-job-executor-thread-13521#
[RestartAppStep] Checking status of application "bookscapm-srv"...#
#2026 08 18 11:48:02.053#Z#DEBUG#3e4f6cdc-9afa-11f1-818d-eeee0a9896c2.OPERATION#flowable-async-job-executor-thread-13521#
[RestartAppStep] Getting instances for application "bookscapm-srv"...#
#2026 08 18 11:48:02.107#Z#DEBUG#3e4f6cdc-9afa-11f1-818d-eeee0a9896c2.OPERATION#flowable-async-job-executor-thread-13521#
[RestartAppStep] Application "bookscapm-srv": 0 of 1 instances running (1 starting)#
#2026 08 18 11:48:02.152#Z#DEBUG#3e4f6cdc-9afa-11f1-818d-eeee0a9896c2.OPERATION#flowable-async-job-executor-thread-13521#
Step "Start App" finished#
#2026 08 18 11:48:12.107#Z#DEBUG#3e4f6cdc-9afa-11f1-818d-eeee0a9896c2.OPERATION#flowable-async-job-executor-thread-12085#
[RestartAppStep] Executing task "startAppTask" of process "aab33a02-9afa-11f1-8e71-eeee0a87f90b"...#
#2026 08 18 11:48:12.112#Z#DEBUG#3e4f6cdc-9afa-11f1-818d-eeee0a9896c2.OPERATION#flowable-async-job-executor-thread-12085#
[RestartAppStep] Application start timeout is default one: 3,600 seconds#
#2026 08 18 11:48:12.113#Z#DEBUG#3e4f6cdc-9afa-11f1-818d-eeee0a9896c2.OPERATION#flowable-async-job-executor-thread-12085#
[RestartAppStep] Checking status of application "bookscapm-srv"...#
#2026 08 18 11:48:12.115#Z#DEBUG#3e4f6cdc-9afa-11f1-818d-eeee0a9896c2.OPERATION#flowable-async-job-executor-thread-12085#
[RestartAppStep] Getting instances for application "bookscapm-srv"...#
#2026 08 18 11:48:12.164#Z#DEBUG#3e4f6cdc-9afa-11f1-818d-eeee0a9896c2.OPERATION#flowable-async-job-executor-thread-12085#
[RestartAppStep] Application "bookscapm-srv": 0 of 1 instances running (1 starting)#
#2026 08 18 11:48:12.249#Z#DEBUG#3e4f6cdc-9afa-11f1-818d-eeee0a9896c2.OPERATION#flowable-async-job-executor-thread-12085#
Step "Start App" finished#
#2026 08 18 11:48:22.458#Z#DEBUG#3e4f6cdc-9afa-11f1-818d-eeee0a9896c2.OPERATION#flowable-async-job-executor-thread-13528#
[RestartAppStep] Executing task "startAppTask" of process "b0b884f3-9afa-11f1-95b0-eeee0a9f1b77"...#
#2026 08 18 11:48:22.462#Z#DEBUG#3e4f6cdc-9afa-11f1-818d-eeee0a9896c2.OPERATION#flowable-async-job-executor-thread-13528#
[RestartAppStep] Application start timeout is default one: 3,600 seconds#
#2026 08 18 11:48:22.463#Z#DEBUG#3e4f6cdc-9afa-11f1-818d-eeee0a9896c2.OPERATION#flowable-async-job-executor-thread-13528#
[RestartAppStep] Checking status of application "bookscapm-srv"...#
#2026 08 18 11:48:22.465#Z#DEBUG#3e4f6cdc-9afa-11f1-818d-eeee0a9896c2.OPERATION#flowable-async-job-executor-thread-13528#
[RestartAppStep] Getting instances for application "bookscapm-srv"...#
#2026 08 18 11:48:22.514#Z#DEBUG#3e4f6cdc-9afa-11f1-818d-eeee0a9896c2.OPERATION#flowable-async-job-executor-thread-13528#
[RestartAppStep] Application "bookscapm-srv": 0 of 1 instances running (1 starting)#
#2026 08 18 11:48:22.551#Z#DEBUG#3e4f6cdc-9afa-11f1-818d-eeee0a9896c2.OPERATION#flowable-async-job-executor-thread-13528#
Step "Start App" finished#
#2026 08 18 11:48:32.395#Z#DEBUG#3e4f6cdc-9afa-11f1-818d-eeee0a9896c2.OPERATION#flowable-async-job-executor-thread-13540#
[RestartAppStep] Executing task "startAppTask" of process "b6dc0573-9afa-11f1-8e71-eeee0a87f90b"...#
#2026 08 18 11:48:32.400#Z#DEBUG#3e4f6cdc-9afa-11f1-818d-eeee0a9896c2.OPERATION#flowable-async-job-executor-thread-13540#
[RestartAppStep] Application start timeout is default one: 3,600 seconds#
#2026 08 18 11:48:32.401#Z#DEBUG#3e4f6cdc-9afa-11f1-818d-eeee0a9896c2.OPERATION#flowable-async-job-executor-thread-13540#
[RestartAppStep] Checking status of application "bookscapm-srv"...#
#2026 08 18 11:48:32.401#Z#DEBUG#3e4f6cdc-9afa-11f1-818d-eeee0a9896c2.OPERATION#flowable-async-job-executor-thread-13540#
[RestartAppStep] Getting instances for application "bookscapm-srv"...#
#2026 08 18 11:48:32.453#Z#DEBUG#3e4f6cdc-9afa-11f1-818d-eeee0a9896c2.OPERATION#flowable-async-job-executor-thread-13540#
[RestartAppStep] Application "bookscapm-srv": 0 of 1 instances running (1 starting)#
#2026 08 18 11:48:32.501#Z#DEBUG#3e4f6cdc-9afa-11f1-818d-eeee0a9896c2.OPERATION#flowable-async-job-executor-thread-13540#
Step "Start App" finished#
#2026 08 18 11:48:42.481#Z#DEBUG#3e4f6cdc-9afa-11f1-818d-eeee0a9896c2.OPERATION#flowable-async-job-executor-thread-13545#
[RestartAppStep] Executing task "startAppTask" of process "bcca92fc-9afa-11f1-8e71-eeee0a87f90b"...#
#2026 08 18 11:48:42.488#Z#DEBUG#3e4f6cdc-9afa-11f1-818d-eeee0a9896c2.OPERATION#flowable-async-job-executor-thread-13545#
[RestartAppStep] Application start timeout is default one: 3,600 seconds#
#2026 08 18 11:48:42.489#Z#DEBUG#3e4f6cdc-9afa-11f1-818d-eeee0a9896c2.OPERATION#flowable-async-job-executor-thread-13545#
[RestartAppStep] Checking status of application "bookscapm-srv"...#
#2026 08 18 11:48:42.491#Z#DEBUG#3e4f6cdc-9afa-11f1-818d-eeee0a9896c2.OPERATION#flowable-async-job-executor-thread-13545#
[RestartAppStep] Getting instances for application "bookscapm-srv"...#
#2026 08 18 11:48:42.546#Z#DEBUG#3e4f6cdc-9afa-11f1-818d-eeee0a9896c2.OPERATION#flowable-async-job-executor-thread-13545#
[RestartAppStep] Application "bookscapm-srv": 0 of 1 instances running (1 crashed)#
#2026 08 18 11:48:42.613#Z#ERROR#3e4f6cdc-9afa-11f1-818d-eeee0a9896c2.OPERATION#flowable-async-job-executor-thread-13545#
[RestartAppStep] Error starting application "bookscapm-srv": Some instances have crashed. Check the application logs of your application for details.#
#2026 08 18 11:48:42.634#Z#INFO#3e4f6cdc-9afa-11f1-818d-eeee0a9896c2.OPERATION#flowable-async-job-executor-thread-13545#
[RestartAppStep] Download the MTA operation logs for more details.#
#2026 08 18 11:48:42.639#Z#DEBUG#3e4f6cdc-9afa-11f1-818d-eeee0a9896c2.OPERATION#flowable-async-job-executor-thread-13545#
Step "Start App" finished#
#2026 08 18 11:48:45.744#Z#DEBUG#3e4f6cdc-9afa-11f1-818d-eeee0a9896c2.OPERATION#flowable-async-job-executor-thread-12115#
[RestartAppStep] Executing task "startAppTask" of process "bcca92fc-9afa-11f1-8e71-eeee0a87f90b"...#
#2026 08 18 11:48:45.751#Z#DEBUG#3e4f6cdc-9afa-11f1-818d-eeee0a9896c2.OPERATION#flowable-async-job-executor-thread-12115#
[RestartAppStep] Application start timeout is default one: 3,600 seconds#
#2026 08 18 11:48:45.760#Z#DEBUG#3e4f6cdc-9afa-11f1-818d-eeee0a9896c2.OPERATION#flowable-async-job-executor-thread-12115#
[RestartAppStep] Getting application "bookscapm-srv"...#
#2026 08 18 11:48:45.804#Z#INFO#3e4f6cdc-9afa-11f1-818d-eeee0a9896c2.OPERATION#flowable-async-job-executor-thread-12115#
[RestartAppStep] Stopping application "bookscapm-srv"...#
#2026 08 18 11:48:45.809#Z#DEBUG#3e4f6cdc-9afa-11f1-818d-eeee0a9896c2.OPERATION#flowable-async-job-executor-thread-12115#
[RestartAppStep] Stopping application "bookscapm-srv"...#
#2026 08 18 11:48:45.924#Z#INFO#3e4f6cdc-9afa-11f1-818d-eeee0a9896c2.OPERATION#flowable-async-job-executor-thread-12115#
[RestartAppStep] Starting application "bookscapm-srv"...#
#2026 08 18 11:48:45.929#Z#DEBUG#3e4f6cdc-9afa-11f1-818d-eeee0a9896c2.OPERATION#flowable-async-job-executor-thread-12115#
[RestartAppStep] Starting application "bookscapm-srv"...#
#2026 08 18 11:48:46.117#Z#DEBUG#3e4f6cdc-9afa-11f1-818d-eeee0a9896c2.OPERATION#flowable-async-job-executor-thread-12115#
Step "Start App" finished#
#2026 08 18 11:48:52.587#Z#DEBUG#3e4f6cdc-9afa-11f1-818d-eeee0a9896c2.OPERATION#flowable-async-job-executor-thread-13555#
[RestartAppStep] Executing task "startAppTask" of process "c4e799f7-9afa-11f1-95b0-eeee0a9f1b77"...#
#2026 08 18 11:48:52.590#Z#DEBUG#3e4f6cdc-9afa-11f1-818d-eeee0a9896c2.OPERATION#flowable-async-job-executor-thread-13555#
[RestartAppStep] Application start timeout is default one: 3,600 seconds#
#2026 08 18 11:48:52.653#Z#DEBUG#3e4f6cdc-9afa-11f1-818d-eeee0a9896c2.OPERATION#flowable-async-job-executor-thread-13555#
[RestartAppStep] Checking status of application "bookscapm-srv"...#
#2026 08 18 11:48:52.654#Z#DEBUG#3e4f6cdc-9afa-11f1-818d-eeee0a9896c2.OPERATION#flowable-async-job-executor-thread-13555#
[RestartAppStep] Getting instances for application "bookscapm-srv"...#
#2026 08 18 11:48:52.725#Z#DEBUG#3e4f6cdc-9afa-11f1-818d-eeee0a9896c2.OPERATION#flowable-async-job-executor-thread-13555#
[RestartAppStep] Application "bookscapm-srv": 0 of 1 instances running (1 starting)#
#2026 08 18 11:48:52.756#Z#DEBUG#3e4f6cdc-9afa-11f1-818d-eeee0a9896c2.OPERATION#flowable-async-job-executor-thread-13555#
Step "Start App" finished#
#2026 08 18 11:49:02.696#Z#DEBUG#3e4f6cdc-9afa-11f1-818d-eeee0a9896c2.OPERATION#flowable-async-job-executor-thread-11402#
[RestartAppStep] Executing task "startAppTask" of process "c8dcc8ad-9afa-11f1-8e71-eeee0a87f90b"...#
#2026 08 18 11:49:02.701#Z#DEBUG#3e4f6cdc-9afa-11f1-818d-eeee0a9896c2.OPERATION#flowable-async-job-executor-thread-11402#
[RestartAppStep] Application start timeout is default one: 3,600 seconds#
#2026 08 18 11:49:02.758#Z#DEBUG#3e4f6cdc-9afa-11f1-818d-eeee0a9896c2.OPERATION#flowable-async-job-executor-thread-11402#
[RestartAppStep] Checking status of application "bookscapm-srv"...#
#2026 08 18 11:49:02.760#Z#DEBUG#3e4f6cdc-9afa-11f1-818d-eeee0a9896c2.OPERATION#flowable-async-job-executor-thread-11402#
[RestartAppStep] Getting instances for application "bookscapm-srv"...#
#2026 08 18 11:49:02.827#Z#DEBUG#3e4f6cdc-9afa-11f1-818d-eeee0a9896c2.OPERATION#flowable-async-job-executor-thread-11402#
[RestartAppStep] Application "bookscapm-srv": 0 of 1 instances running (1 starting)#
#2026 08 18 11:49:02.864#Z#DEBUG#3e4f6cdc-9afa-11f1-818d-eeee0a9896c2.OPERATION#flowable-async-job-executor-thread-11402#
Step "Start App" finished#
#2026 08 18 11:49:12.816#Z#DEBUG#3e4f6cdc-9afa-11f1-818d-eeee0a9896c2.OPERATION#flowable-async-job-executor-thread-13569#
[RestartAppStep] Executing task "startAppTask" of process "cee3c15f-9afa-11f1-818d-eeee0a9896c2"...#
#2026 08 18 11:49:12.819#Z#DEBUG#3e4f6cdc-9afa-11f1-818d-eeee0a9896c2.OPERATION#flowable-async-job-executor-thread-13569#
[RestartAppStep] Application start timeout is default one: 3,600 seconds#
#2026 08 18 11:49:12.820#Z#DEBUG#3e4f6cdc-9afa-11f1-818d-eeee0a9896c2.OPERATION#flowable-async-job-executor-thread-13569#
[RestartAppStep] Checking status of application "bookscapm-srv"...#
#2026 08 18 11:49:12.822#Z#DEBUG#3e4f6cdc-9afa-11f1-818d-eeee0a9896c2.OPERATION#flowable-async-job-executor-thread-13569#
[RestartAppStep] Getting instances for application "bookscapm-srv"...#
#2026 08 18 11:49:12.852#Z#DEBUG#3e4f6cdc-9afa-11f1-818d-eeee0a9896c2.OPERATION#flowable-async-job-executor-thread-13569#
[RestartAppStep] Application "bookscapm-srv": 0 of 1 instances running (1 starting)#
#2026 08 18 11:49:12.910#Z#DEBUG#3e4f6cdc-9afa-11f1-818d-eeee0a9896c2.OPERATION#flowable-async-job-executor-thread-13569#
Step "Start App" finished#
#2026 08 18 11:49:22.784#Z#DEBUG#3e4f6cdc-9afa-11f1-818d-eeee0a9896c2.OPERATION#flowable-async-job-executor-thread-13578#
[RestartAppStep] Executing task "startAppTask" of process "d4e00a35-9afa-11f1-8e71-eeee0a87f90b"...#
#2026 08 18 11:49:22.787#Z#DEBUG#3e4f6cdc-9afa-11f1-818d-eeee0a9896c2.OPERATION#flowable-async-job-executor-thread-13578#
[RestartAppStep] Application start timeout is default one: 3,600 seconds#
#2026 08 18 11:49:22.787#Z#DEBUG#3e4f6cdc-9afa-11f1-818d-eeee0a9896c2.OPERATION#flowable-async-job-executor-thread-13578#
[RestartAppStep] Checking status of application "bookscapm-srv"...#
#2026 08 18 11:49:22.788#Z#DEBUG#3e4f6cdc-9afa-11f1-818d-eeee0a9896c2.OPERATION#flowable-async-job-executor-thread-13578#
[RestartAppStep] Getting instances for application "bookscapm-srv"...#
#2026 08 18 11:49:22.837#Z#DEBUG#3e4f6cdc-9afa-11f1-818d-eeee0a9896c2.OPERATION#flowable-async-job-executor-thread-13578#
[RestartAppStep] Application "bookscapm-srv": 0 of 1 instances running (1 crashed)#
#2026 08 18 11:49:22.901#Z#ERROR#3e4f6cdc-9afa-11f1-818d-eeee0a9896c2.OPERATION#flowable-async-job-executor-thread-13578#
[RestartAppStep] Error starting application "bookscapm-srv": Some instances have crashed. Check the application logs of your application for details.#
#2026 08 18 11:49:22.905#Z#INFO#3e4f6cdc-9afa-11f1-818d-eeee0a9896c2.OPERATION#flowable-async-job-executor-thread-13578#
[RestartAppStep] Download the MTA operation logs for more details.#
#2026 08 18 11:49:22.909#Z#DEBUG#3e4f6cdc-9afa-11f1-818d-eeee0a9896c2.OPERATION#flowable-async-job-executor-thread-13578#
Step "Start App" finished#
